2025-03-14 01:39:35,827:WARNING:
'cuml' is a soft dependency and not included in the pycaret installation. Please run: `pip install cuml` to install.
2025-03-14 01:39:35,827:WARNING:
'cuml' is a soft dependency and not included in the pycaret installation. Please run: `pip install cuml` to install.
2025-03-14 01:39:35,827:WARNING:
'cuml' is a soft dependency and not included in the pycaret installation. Please run: `pip install cuml` to install.
2025-03-14 01:39:35,827:WARNING:
'cuml' is a soft dependency and not included in the pycaret installation. Please run: `pip install cuml` to install.
2025-03-14 01:39:38,037:INFO:Initializing load_model()
2025-03-14 01:39:38,037:INFO:load_model(model_name=model/phishingdetection, platform=None, authentication=None, verbose=True)
2025-03-14 01:39:38,045:WARNING:C:\Users\Administrator\Desktop\projet\.venv\lib\site-packages\sklearn\base.py:376: InconsistentVersionWarning: Trying to unpickle estimator SimpleImputer from version 1.2.2 when using version 1.4.2. This might lead to breaking code or invalid results. Use at your own risk. For more info please refer to:
https://scikit-learn.org/stable/model_persistence.html#security-maintainability-limitations
  warnings.warn(

2025-03-14 01:39:38,045:WARNING:C:\Users\Administrator\Desktop\projet\.venv\lib\site-packages\sklearn\base.py:376: InconsistentVersionWarning: Trying to unpickle estimator PowerTransformer from version 1.2.2 when using version 1.4.2. This might lead to breaking code or invalid results. Use at your own risk. For more info please refer to:
https://scikit-learn.org/stable/model_persistence.html#security-maintainability-limitations
  warnings.warn(

2025-03-14 01:39:38,045:WARNING:C:\Users\Administrator\Desktop\projet\.venv\lib\site-packages\sklearn\base.py:376: InconsistentVersionWarning: Trying to unpickle estimator StandardScaler from version 1.2.2 when using version 1.4.2. This might lead to breaking code or invalid results. Use at your own risk. For more info please refer to:
https://scikit-learn.org/stable/model_persistence.html#security-maintainability-limitations
  warnings.warn(

2025-03-14 01:39:38,108:WARNING:C:\Users\Administrator\Desktop\projet\.venv\lib\site-packages\sklearn\base.py:376: InconsistentVersionWarning: Trying to unpickle estimator LabelEncoder from version 1.2.2 when using version 1.4.2. This might lead to breaking code or invalid results. Use at your own risk. For more info please refer to:
https://scikit-learn.org/stable/model_persistence.html#security-maintainability-limitations
  warnings.warn(

2025-03-14 01:39:38,117:WARNING:C:\Users\Administrator\Desktop\projet\.venv\lib\site-packages\pycaret\internal\pipeline.py:146: UserWarning: Version mismatch:
current: {'deps_info': {'pip': '25.0.1', 'setuptools': '65.5.0', 'pycaret': '3.3.1', 'IPython': '8.23.0', 'ipywidgets': '8.1.2', 'tqdm': '4.66.2', 'numpy': '1.26.4', 'pandas': '2.1.4', 'jinja2': '3.1.3', 'scipy': '1.11.4', 'joblib': '1.3.2', 'sklearn': '1.4.2', 'pyod': '1.1.3', 'imblearn': '0.12.2', 'category_encoders': '2.6.3', 'lightgbm': '4.3.0', 'numba': '0.59.1', 'requests': '2.31.0', 'matplotlib': '3.7.5', 'scikitplot': '0.3.7', 'yellowbrick': '1.5', 'plotly': '5.21.0', 'plotly-resampler': 'Not installed', 'kaleido': '0.2.1', 'schemdraw': '0.15', 'statsmodels': '0.14.2', 'sktime': '0.26.0', 'tbats': '1.1.3', 'pmdarima': '2.0.4', 'psutil': '5.9.8', 'markupsafe': '2.1.5', 'pickle5': 'Not installed', 'cloudpickle': '3.0.0', 'deprecation': '2.1.0', 'xxhash': '3.4.1', 'wurlitzer': 'Not installed'}, 'python': {'version': '3.10.11', 'machine': 'AMD64'}}
pickle: {'deps_info': {'pip': '23.1.2', 'setuptools': '67.7.2', 'pycaret': '3.0.4', 'IPython': '7.34.0', 'ipywidgets': '7.7.1', 'tqdm': '4.66.1', 'numpy': '1.23.5', 'pandas': '1.5.3', 'jinja2': '3.1.2', 'scipy': '1.10.1', 'joblib': '1.3.2', 'sklearn': '1.2.2', 'pyod': '1.1.0', 'imblearn': '0.10.1', 'category_encoders': '2.6.2', 'lightgbm': '4.0.0', 'numba': '0.56.4', 'requests': '2.31.0', 'matplotlib': '3.7.1', 'scikitplot': '0.3.7', 'yellowbrick': '1.5', 'plotly': '5.15.0', 'plotly-resampler': 'Not installed', 'kaleido': '0.2.1', 'schemdraw': '0.15', 'statsmodels': '0.14.0', 'sktime': '0.22.0', 'tbats': '1.1.3', 'pmdarima': '2.0.3', 'psutil': '5.9.5', 'markupsafe': '2.1.3', 'pickle5': 'Not installed', 'cloudpickle': '2.2.1', 'deprecation': '2.1.0', 'xxhash': '3.3.0', 'wurlitzer': '3.0.3'}, 'python': {'version': '3.10.12', 'machine': 'x86_64'}}
  warnings.warn(

2025-03-14 01:39:38,494:WARNING:C:\Users\Administrator\Desktop\projet\.venv\lib\site-packages\sklearn\base.py:376: InconsistentVersionWarning: Trying to unpickle estimator PCA from version 1.2.2 when using version 1.4.2. This might lead to breaking code or invalid results. Use at your own risk. For more info please refer to:
https://scikit-learn.org/stable/model_persistence.html#security-maintainability-limitations
  warnings.warn(

2025-03-14 01:39:38,522:INFO:Initializing predict_model()
2025-03-14 01:39:38,522:INFO:predict_model(self=<pycaret.classification.oop.ClassificationExperiment object at 0x00000228F6913D30>, estimator=Pipeline(memory=FastMemory(location=/tmp/joblib),
         steps=[('numerical_imputer',
                 TransformerWrapper(include=['domain_att', 'URL_Length',
                                             'URL_Depth'],
                                    transformer=SimpleImputer())),
                ('categorical_imputer',
                 TransformerWrapper(include=[],
                                    transformer=SimpleImputer(strategy='most_frequent'))),
                ('transformation',
                 TransformerWrapper(transformer=PowerTransformer(standardize=False))),
                ('normalize', TransformerWrapper(transformer=StandardScaler())),
                ('clean_column_names',
                 TransformerWrapper(transformer=CleanColumnNames())),
                ('trained_model', LGBMClassifier(n_jobs=-1, random_state=321))]), probability_threshold=None, encoded_labels=False, raw_score=False, round=4, verbose=True, ml_usecase=None, preprocess=True, encode_labels=<function _SupervisedExperiment.predict_model.<locals>.encode_labels at 0x00000228F69E2320>)
2025-03-14 01:39:38,522:INFO:Checking exceptions
2025-03-14 01:39:38,522:INFO:Preloading libraries
2025-03-14 01:39:38,522:INFO:Set up data.
2025-03-14 01:39:38,534:INFO:Set up index.
2025-03-14 01:39:38,765:WARNING:C:\Users\Administrator\Desktop\projet\.venv\lib\site-packages\sklearn\base.py:376: InconsistentVersionWarning: Trying to unpickle estimator PCA from version 1.2.2 when using version 1.4.2. This might lead to breaking code or invalid results. Use at your own risk. For more info please refer to:
https://scikit-learn.org/stable/model_persistence.html#security-maintainability-limitations
  warnings.warn(

2025-03-14 01:39:38,768:INFO:Initializing predict_model()
2025-03-14 01:39:38,768:INFO:predict_model(self=<pycaret.classification.oop.ClassificationExperiment object at 0x00000228E2B002B0>, estimator=Pipeline(memory=FastMemory(location=/tmp/joblib),
         steps=[('numerical_imputer',
                 TransformerWrapper(include=['domain_att', 'URL_Length',
                                             'URL_Depth'],
                                    transformer=SimpleImputer())),
                ('categorical_imputer',
                 TransformerWrapper(include=[],
                                    transformer=SimpleImputer(strategy='most_frequent'))),
                ('transformation',
                 TransformerWrapper(transformer=PowerTransformer(standardize=False))),
                ('normalize', TransformerWrapper(transformer=StandardScaler())),
                ('clean_column_names',
                 TransformerWrapper(transformer=CleanColumnNames())),
                ('trained_model', LGBMClassifier(n_jobs=-1, random_state=321))]), probability_threshold=None, encoded_labels=False, raw_score=False, round=4, verbose=True, ml_usecase=None, preprocess=True, encode_labels=<function _SupervisedExperiment.predict_model.<locals>.encode_labels at 0x00000228F69E2320>)
2025-03-14 01:39:38,768:INFO:Checking exceptions
2025-03-14 01:39:38,768:INFO:Preloading libraries
2025-03-14 01:39:38,781:INFO:Set up data.
2025-03-14 01:39:38,783:INFO:Set up index.
2025-03-14 01:39:39,234:WARNING:C:\Users\Administrator\Desktop\projet\.venv\lib\site-packages\sklearn\base.py:376: InconsistentVersionWarning: Trying to unpickle estimator PCA from version 1.2.2 when using version 1.4.2. This might lead to breaking code or invalid results. Use at your own risk. For more info please refer to:
https://scikit-learn.org/stable/model_persistence.html#security-maintainability-limitations
  warnings.warn(

2025-03-14 01:39:39,258:INFO:Initializing predict_model()
2025-03-14 01:39:39,258:INFO:predict_model(self=<pycaret.classification.oop.ClassificationExperiment object at 0x00000228F69348E0>, estimator=Pipeline(memory=FastMemory(location=/tmp/joblib),
         steps=[('numerical_imputer',
                 TransformerWrapper(include=['domain_att', 'URL_Length',
                                             'URL_Depth'],
                                    transformer=SimpleImputer())),
                ('categorical_imputer',
                 TransformerWrapper(include=[],
                                    transformer=SimpleImputer(strategy='most_frequent'))),
                ('transformation',
                 TransformerWrapper(transformer=PowerTransformer(standardize=False))),
                ('normalize', TransformerWrapper(transformer=StandardScaler())),
                ('clean_column_names',
                 TransformerWrapper(transformer=CleanColumnNames())),
                ('trained_model', LGBMClassifier(n_jobs=-1, random_state=321))]), probability_threshold=None, encoded_labels=False, raw_score=False, round=4, verbose=True, ml_usecase=None, preprocess=True, encode_labels=<function _SupervisedExperiment.predict_model.<locals>.encode_labels at 0x00000228F69E2320>)
2025-03-14 01:39:39,258:INFO:Checking exceptions
2025-03-14 01:39:39,258:INFO:Preloading libraries
2025-03-14 01:39:39,258:INFO:Set up data.
2025-03-14 01:39:39,261:INFO:Set up index.
2025-03-14 01:39:39,843:WARNING:C:\Users\Administrator\Desktop\projet\.venv\lib\site-packages\sklearn\base.py:376: InconsistentVersionWarning: Trying to unpickle estimator PCA from version 1.2.2 when using version 1.4.2. This might lead to breaking code or invalid results. Use at your own risk. For more info please refer to:
https://scikit-learn.org/stable/model_persistence.html#security-maintainability-limitations
  warnings.warn(

2025-03-14 01:39:39,859:INFO:Initializing predict_model()
2025-03-14 01:39:39,861:INFO:predict_model(self=<pycaret.classification.oop.ClassificationExperiment object at 0x00000228F6934910>, estimator=Pipeline(memory=FastMemory(location=/tmp/joblib),
         steps=[('numerical_imputer',
                 TransformerWrapper(include=['domain_att', 'URL_Length',
                                             'URL_Depth'],
                                    transformer=SimpleImputer())),
                ('categorical_imputer',
                 TransformerWrapper(include=[],
                                    transformer=SimpleImputer(strategy='most_frequent'))),
                ('transformation',
                 TransformerWrapper(transformer=PowerTransformer(standardize=False))),
                ('normalize', TransformerWrapper(transformer=StandardScaler())),
                ('clean_column_names',
                 TransformerWrapper(transformer=CleanColumnNames())),
                ('trained_model', LGBMClassifier(n_jobs=-1, random_state=321))]), probability_threshold=None, encoded_labels=False, raw_score=False, round=4, verbose=True, ml_usecase=None, preprocess=True, encode_labels=<function _SupervisedExperiment.predict_model.<locals>.encode_labels at 0x00000228F69E2E60>)
2025-03-14 01:39:39,861:INFO:Checking exceptions
2025-03-14 01:39:39,861:INFO:Preloading libraries
2025-03-14 01:39:39,861:INFO:Set up data.
2025-03-14 01:39:39,867:INFO:Set up index.
2025-03-14 01:40:33,485:WARNING:
'cuml' is a soft dependency and not included in the pycaret installation. Please run: `pip install cuml` to install.
2025-03-14 01:40:33,485:WARNING:
'cuml' is a soft dependency and not included in the pycaret installation. Please run: `pip install cuml` to install.
2025-03-14 01:40:33,485:WARNING:
'cuml' is a soft dependency and not included in the pycaret installation. Please run: `pip install cuml` to install.
2025-03-14 01:40:33,485:WARNING:
'cuml' is a soft dependency and not included in the pycaret installation. Please run: `pip install cuml` to install.
2025-03-14 01:40:34,948:INFO:Initializing load_model()
2025-03-14 01:40:34,948:INFO:load_model(model_name=model/phishingdetection, platform=None, authentication=None, verbose=True)
2025-03-14 01:40:34,964:WARNING:C:\Users\Administrator\Desktop\projet\.venv\lib\site-packages\sklearn\base.py:376: InconsistentVersionWarning: Trying to unpickle estimator SimpleImputer from version 1.2.2 when using version 1.4.2. This might lead to breaking code or invalid results. Use at your own risk. For more info please refer to:
https://scikit-learn.org/stable/model_persistence.html#security-maintainability-limitations
  warnings.warn(

2025-03-14 01:40:34,964:WARNING:C:\Users\Administrator\Desktop\projet\.venv\lib\site-packages\sklearn\base.py:376: InconsistentVersionWarning: Trying to unpickle estimator PowerTransformer from version 1.2.2 when using version 1.4.2. This might lead to breaking code or invalid results. Use at your own risk. For more info please refer to:
https://scikit-learn.org/stable/model_persistence.html#security-maintainability-limitations
  warnings.warn(

2025-03-14 01:40:34,964:WARNING:C:\Users\Administrator\Desktop\projet\.venv\lib\site-packages\sklearn\base.py:376: InconsistentVersionWarning: Trying to unpickle estimator StandardScaler from version 1.2.2 when using version 1.4.2. This might lead to breaking code or invalid results. Use at your own risk. For more info please refer to:
https://scikit-learn.org/stable/model_persistence.html#security-maintainability-limitations
  warnings.warn(

2025-03-14 01:40:35,023:WARNING:C:\Users\Administrator\Desktop\projet\.venv\lib\site-packages\sklearn\base.py:376: InconsistentVersionWarning: Trying to unpickle estimator LabelEncoder from version 1.2.2 when using version 1.4.2. This might lead to breaking code or invalid results. Use at your own risk. For more info please refer to:
https://scikit-learn.org/stable/model_persistence.html#security-maintainability-limitations
  warnings.warn(

2025-03-14 01:40:35,032:WARNING:C:\Users\Administrator\Desktop\projet\.venv\lib\site-packages\pycaret\internal\pipeline.py:146: UserWarning: Version mismatch:
current: {'deps_info': {'pip': '25.0.1', 'setuptools': '65.5.0', 'pycaret': '3.3.1', 'IPython': '8.23.0', 'ipywidgets': '8.1.2', 'tqdm': '4.66.2', 'numpy': '1.26.4', 'pandas': '2.1.4', 'jinja2': '3.1.3', 'scipy': '1.11.4', 'joblib': '1.3.2', 'sklearn': '1.4.2', 'pyod': '1.1.3', 'imblearn': '0.12.2', 'category_encoders': '2.6.3', 'lightgbm': '4.3.0', 'numba': '0.59.1', 'requests': '2.31.0', 'matplotlib': '3.7.5', 'scikitplot': '0.3.7', 'yellowbrick': '1.5', 'plotly': '5.21.0', 'plotly-resampler': 'Not installed', 'kaleido': '0.2.1', 'schemdraw': '0.15', 'statsmodels': '0.14.2', 'sktime': '0.26.0', 'tbats': '1.1.3', 'pmdarima': '2.0.4', 'psutil': '5.9.8', 'markupsafe': '2.1.5', 'pickle5': 'Not installed', 'cloudpickle': '3.0.0', 'deprecation': '2.1.0', 'xxhash': '3.4.1', 'wurlitzer': 'Not installed'}, 'python': {'version': '3.10.11', 'machine': 'AMD64'}}
pickle: {'deps_info': {'pip': '23.1.2', 'setuptools': '67.7.2', 'pycaret': '3.0.4', 'IPython': '7.34.0', 'ipywidgets': '7.7.1', 'tqdm': '4.66.1', 'numpy': '1.23.5', 'pandas': '1.5.3', 'jinja2': '3.1.2', 'scipy': '1.10.1', 'joblib': '1.3.2', 'sklearn': '1.2.2', 'pyod': '1.1.0', 'imblearn': '0.10.1', 'category_encoders': '2.6.2', 'lightgbm': '4.0.0', 'numba': '0.56.4', 'requests': '2.31.0', 'matplotlib': '3.7.1', 'scikitplot': '0.3.7', 'yellowbrick': '1.5', 'plotly': '5.15.0', 'plotly-resampler': 'Not installed', 'kaleido': '0.2.1', 'schemdraw': '0.15', 'statsmodels': '0.14.0', 'sktime': '0.22.0', 'tbats': '1.1.3', 'pmdarima': '2.0.3', 'psutil': '5.9.5', 'markupsafe': '2.1.3', 'pickle5': 'Not installed', 'cloudpickle': '2.2.1', 'deprecation': '2.1.0', 'xxhash': '3.3.0', 'wurlitzer': '3.0.3'}, 'python': {'version': '3.10.12', 'machine': 'x86_64'}}
  warnings.warn(

2025-03-14 01:40:39,895:WARNING:
'cuml' is a soft dependency and not included in the pycaret installation. Please run: `pip install cuml` to install.
2025-03-14 01:40:39,895:WARNING:
'cuml' is a soft dependency and not included in the pycaret installation. Please run: `pip install cuml` to install.
2025-03-14 01:40:39,895:WARNING:
'cuml' is a soft dependency and not included in the pycaret installation. Please run: `pip install cuml` to install.
2025-03-14 01:40:39,895:WARNING:
'cuml' is a soft dependency and not included in the pycaret installation. Please run: `pip install cuml` to install.
2025-03-14 01:40:41,312:INFO:Initializing load_model()
2025-03-14 01:40:41,312:INFO:load_model(model_name=model/phishingdetection, platform=None, authentication=None, verbose=True)
2025-03-14 01:40:41,315:WARNING:C:\Users\Administrator\Desktop\projet\.venv\lib\site-packages\sklearn\base.py:376: InconsistentVersionWarning: Trying to unpickle estimator SimpleImputer from version 1.2.2 when using version 1.4.2. This might lead to breaking code or invalid results. Use at your own risk. For more info please refer to:
https://scikit-learn.org/stable/model_persistence.html#security-maintainability-limitations
  warnings.warn(

2025-03-14 01:40:41,315:WARNING:C:\Users\Administrator\Desktop\projet\.venv\lib\site-packages\sklearn\base.py:376: InconsistentVersionWarning: Trying to unpickle estimator PowerTransformer from version 1.2.2 when using version 1.4.2. This might lead to breaking code or invalid results. Use at your own risk. For more info please refer to:
https://scikit-learn.org/stable/model_persistence.html#security-maintainability-limitations
  warnings.warn(

2025-03-14 01:40:41,315:WARNING:C:\Users\Administrator\Desktop\projet\.venv\lib\site-packages\sklearn\base.py:376: InconsistentVersionWarning: Trying to unpickle estimator StandardScaler from version 1.2.2 when using version 1.4.2. This might lead to breaking code or invalid results. Use at your own risk. For more info please refer to:
https://scikit-learn.org/stable/model_persistence.html#security-maintainability-limitations
  warnings.warn(

2025-03-14 01:40:41,361:WARNING:C:\Users\Administrator\Desktop\projet\.venv\lib\site-packages\sklearn\base.py:376: InconsistentVersionWarning: Trying to unpickle estimator LabelEncoder from version 1.2.2 when using version 1.4.2. This might lead to breaking code or invalid results. Use at your own risk. For more info please refer to:
https://scikit-learn.org/stable/model_persistence.html#security-maintainability-limitations
  warnings.warn(

2025-03-14 01:40:41,371:WARNING:C:\Users\Administrator\Desktop\projet\.venv\lib\site-packages\pycaret\internal\pipeline.py:146: UserWarning: Version mismatch:
current: {'deps_info': {'pip': '25.0.1', 'setuptools': '65.5.0', 'pycaret': '3.3.1', 'IPython': '8.23.0', 'ipywidgets': '8.1.2', 'tqdm': '4.66.2', 'numpy': '1.26.4', 'pandas': '2.1.4', 'jinja2': '3.1.3', 'scipy': '1.11.4', 'joblib': '1.3.2', 'sklearn': '1.4.2', 'pyod': '1.1.3', 'imblearn': '0.12.2', 'category_encoders': '2.6.3', 'lightgbm': '4.3.0', 'numba': '0.59.1', 'requests': '2.31.0', 'matplotlib': '3.7.5', 'scikitplot': '0.3.7', 'yellowbrick': '1.5', 'plotly': '5.21.0', 'plotly-resampler': 'Not installed', 'kaleido': '0.2.1', 'schemdraw': '0.15', 'statsmodels': '0.14.2', 'sktime': '0.26.0', 'tbats': '1.1.3', 'pmdarima': '2.0.4', 'psutil': '5.9.8', 'markupsafe': '2.1.5', 'pickle5': 'Not installed', 'cloudpickle': '3.0.0', 'deprecation': '2.1.0', 'xxhash': '3.4.1', 'wurlitzer': 'Not installed'}, 'python': {'version': '3.10.11', 'machine': 'AMD64'}}
pickle: {'deps_info': {'pip': '23.1.2', 'setuptools': '67.7.2', 'pycaret': '3.0.4', 'IPython': '7.34.0', 'ipywidgets': '7.7.1', 'tqdm': '4.66.1', 'numpy': '1.23.5', 'pandas': '1.5.3', 'jinja2': '3.1.2', 'scipy': '1.10.1', 'joblib': '1.3.2', 'sklearn': '1.2.2', 'pyod': '1.1.0', 'imblearn': '0.10.1', 'category_encoders': '2.6.2', 'lightgbm': '4.0.0', 'numba': '0.56.4', 'requests': '2.31.0', 'matplotlib': '3.7.1', 'scikitplot': '0.3.7', 'yellowbrick': '1.5', 'plotly': '5.15.0', 'plotly-resampler': 'Not installed', 'kaleido': '0.2.1', 'schemdraw': '0.15', 'statsmodels': '0.14.0', 'sktime': '0.22.0', 'tbats': '1.1.3', 'pmdarima': '2.0.3', 'psutil': '5.9.5', 'markupsafe': '2.1.3', 'pickle5': 'Not installed', 'cloudpickle': '2.2.1', 'deprecation': '2.1.0', 'xxhash': '3.3.0', 'wurlitzer': '3.0.3'}, 'python': {'version': '3.10.12', 'machine': 'x86_64'}}
  warnings.warn(

2025-03-14 02:13:03,597:WARNING:
'cuml' is a soft dependency and not included in the pycaret installation. Please run: `pip install cuml` to install.
2025-03-14 02:13:03,597:WARNING:
'cuml' is a soft dependency and not included in the pycaret installation. Please run: `pip install cuml` to install.
2025-03-14 02:13:03,597:WARNING:
'cuml' is a soft dependency and not included in the pycaret installation. Please run: `pip install cuml` to install.
2025-03-14 02:13:03,597:WARNING:
'cuml' is a soft dependency and not included in the pycaret installation. Please run: `pip install cuml` to install.
2025-03-14 02:13:04,743:INFO:Initializing load_model()
2025-03-14 02:13:04,743:INFO:load_model(model_name=model/phishingdetection, platform=None, authentication=None, verbose=True)
2025-03-14 02:13:04,743:WARNING:C:\Users\Administrator\Desktop\projet\.venv\lib\site-packages\sklearn\base.py:376: InconsistentVersionWarning: Trying to unpickle estimator SimpleImputer from version 1.2.2 when using version 1.4.2. This might lead to breaking code or invalid results. Use at your own risk. For more info please refer to:
https://scikit-learn.org/stable/model_persistence.html#security-maintainability-limitations
  warnings.warn(

2025-03-14 02:13:04,743:WARNING:C:\Users\Administrator\Desktop\projet\.venv\lib\site-packages\sklearn\base.py:376: InconsistentVersionWarning: Trying to unpickle estimator PowerTransformer from version 1.2.2 when using version 1.4.2. This might lead to breaking code or invalid results. Use at your own risk. For more info please refer to:
https://scikit-learn.org/stable/model_persistence.html#security-maintainability-limitations
  warnings.warn(

2025-03-14 02:13:04,743:WARNING:C:\Users\Administrator\Desktop\projet\.venv\lib\site-packages\sklearn\base.py:376: InconsistentVersionWarning: Trying to unpickle estimator StandardScaler from version 1.2.2 when using version 1.4.2. This might lead to breaking code or invalid results. Use at your own risk. For more info please refer to:
https://scikit-learn.org/stable/model_persistence.html#security-maintainability-limitations
  warnings.warn(

2025-03-14 02:13:04,799:WARNING:C:\Users\Administrator\Desktop\projet\.venv\lib\site-packages\sklearn\base.py:376: InconsistentVersionWarning: Trying to unpickle estimator LabelEncoder from version 1.2.2 when using version 1.4.2. This might lead to breaking code or invalid results. Use at your own risk. For more info please refer to:
https://scikit-learn.org/stable/model_persistence.html#security-maintainability-limitations
  warnings.warn(

2025-03-14 02:13:04,809:WARNING:C:\Users\Administrator\Desktop\projet\.venv\lib\site-packages\pycaret\internal\pipeline.py:146: UserWarning: Version mismatch:
current: {'deps_info': {'pip': '25.0.1', 'setuptools': '65.5.0', 'pycaret': '3.3.1', 'IPython': '8.23.0', 'ipywidgets': '8.1.2', 'tqdm': '4.66.2', 'numpy': '1.26.4', 'pandas': '2.1.4', 'jinja2': '3.1.3', 'scipy': '1.11.4', 'joblib': '1.3.2', 'sklearn': '1.4.2', 'pyod': '1.1.3', 'imblearn': '0.12.2', 'category_encoders': '2.6.3', 'lightgbm': '4.3.0', 'numba': '0.59.1', 'requests': '2.31.0', 'matplotlib': '3.7.5', 'scikitplot': '0.3.7', 'yellowbrick': '1.5', 'plotly': '5.21.0', 'plotly-resampler': 'Not installed', 'kaleido': '0.2.1', 'schemdraw': '0.15', 'statsmodels': '0.14.2', 'sktime': '0.26.0', 'tbats': '1.1.3', 'pmdarima': '2.0.4', 'psutil': '5.9.8', 'markupsafe': '2.1.5', 'pickle5': 'Not installed', 'cloudpickle': '3.0.0', 'deprecation': '2.1.0', 'xxhash': '3.4.1', 'wurlitzer': 'Not installed'}, 'python': {'version': '3.10.11', 'machine': 'AMD64'}}
pickle: {'deps_info': {'pip': '23.1.2', 'setuptools': '67.7.2', 'pycaret': '3.0.4', 'IPython': '7.34.0', 'ipywidgets': '7.7.1', 'tqdm': '4.66.1', 'numpy': '1.23.5', 'pandas': '1.5.3', 'jinja2': '3.1.2', 'scipy': '1.10.1', 'joblib': '1.3.2', 'sklearn': '1.2.2', 'pyod': '1.1.0', 'imblearn': '0.10.1', 'category_encoders': '2.6.2', 'lightgbm': '4.0.0', 'numba': '0.56.4', 'requests': '2.31.0', 'matplotlib': '3.7.1', 'scikitplot': '0.3.7', 'yellowbrick': '1.5', 'plotly': '5.15.0', 'plotly-resampler': 'Not installed', 'kaleido': '0.2.1', 'schemdraw': '0.15', 'statsmodels': '0.14.0', 'sktime': '0.22.0', 'tbats': '1.1.3', 'pmdarima': '2.0.3', 'psutil': '5.9.5', 'markupsafe': '2.1.3', 'pickle5': 'Not installed', 'cloudpickle': '2.2.1', 'deprecation': '2.1.0', 'xxhash': '3.3.0', 'wurlitzer': '3.0.3'}, 'python': {'version': '3.10.12', 'machine': 'x86_64'}}
  warnings.warn(

2025-03-14 02:13:08,085:WARNING:
'cuml' is a soft dependency and not included in the pycaret installation. Please run: `pip install cuml` to install.
2025-03-14 02:13:08,085:WARNING:
'cuml' is a soft dependency and not included in the pycaret installation. Please run: `pip install cuml` to install.
2025-03-14 02:13:08,101:WARNING:
'cuml' is a soft dependency and not included in the pycaret installation. Please run: `pip install cuml` to install.
2025-03-14 02:13:08,101:WARNING:
'cuml' is a soft dependency and not included in the pycaret installation. Please run: `pip install cuml` to install.
2025-03-14 02:13:09,296:INFO:Initializing load_model()
2025-03-14 02:13:09,296:INFO:load_model(model_name=model/phishingdetection, platform=None, authentication=None, verbose=True)
2025-03-14 02:13:09,296:WARNING:C:\Users\Administrator\Desktop\projet\.venv\lib\site-packages\sklearn\base.py:376: InconsistentVersionWarning: Trying to unpickle estimator SimpleImputer from version 1.2.2 when using version 1.4.2. This might lead to breaking code or invalid results. Use at your own risk. For more info please refer to:
https://scikit-learn.org/stable/model_persistence.html#security-maintainability-limitations
  warnings.warn(

2025-03-14 02:13:09,296:WARNING:C:\Users\Administrator\Desktop\projet\.venv\lib\site-packages\sklearn\base.py:376: InconsistentVersionWarning: Trying to unpickle estimator PowerTransformer from version 1.2.2 when using version 1.4.2. This might lead to breaking code or invalid results. Use at your own risk. For more info please refer to:
https://scikit-learn.org/stable/model_persistence.html#security-maintainability-limitations
  warnings.warn(

2025-03-14 02:13:09,302:WARNING:C:\Users\Administrator\Desktop\projet\.venv\lib\site-packages\sklearn\base.py:376: InconsistentVersionWarning: Trying to unpickle estimator StandardScaler from version 1.2.2 when using version 1.4.2. This might lead to breaking code or invalid results. Use at your own risk. For more info please refer to:
https://scikit-learn.org/stable/model_persistence.html#security-maintainability-limitations
  warnings.warn(

2025-03-14 02:13:09,337:WARNING:C:\Users\Administrator\Desktop\projet\.venv\lib\site-packages\sklearn\base.py:376: InconsistentVersionWarning: Trying to unpickle estimator LabelEncoder from version 1.2.2 when using version 1.4.2. This might lead to breaking code or invalid results. Use at your own risk. For more info please refer to:
https://scikit-learn.org/stable/model_persistence.html#security-maintainability-limitations
  warnings.warn(

2025-03-14 02:13:09,347:WARNING:C:\Users\Administrator\Desktop\projet\.venv\lib\site-packages\pycaret\internal\pipeline.py:146: UserWarning: Version mismatch:
current: {'deps_info': {'pip': '25.0.1', 'setuptools': '65.5.0', 'pycaret': '3.3.1', 'IPython': '8.23.0', 'ipywidgets': '8.1.2', 'tqdm': '4.66.2', 'numpy': '1.26.4', 'pandas': '2.1.4', 'jinja2': '3.1.3', 'scipy': '1.11.4', 'joblib': '1.3.2', 'sklearn': '1.4.2', 'pyod': '1.1.3', 'imblearn': '0.12.2', 'category_encoders': '2.6.3', 'lightgbm': '4.3.0', 'numba': '0.59.1', 'requests': '2.31.0', 'matplotlib': '3.7.5', 'scikitplot': '0.3.7', 'yellowbrick': '1.5', 'plotly': '5.21.0', 'plotly-resampler': 'Not installed', 'kaleido': '0.2.1', 'schemdraw': '0.15', 'statsmodels': '0.14.2', 'sktime': '0.26.0', 'tbats': '1.1.3', 'pmdarima': '2.0.4', 'psutil': '5.9.8', 'markupsafe': '2.1.5', 'pickle5': 'Not installed', 'cloudpickle': '3.0.0', 'deprecation': '2.1.0', 'xxhash': '3.4.1', 'wurlitzer': 'Not installed'}, 'python': {'version': '3.10.11', 'machine': 'AMD64'}}
pickle: {'deps_info': {'pip': '23.1.2', 'setuptools': '67.7.2', 'pycaret': '3.0.4', 'IPython': '7.34.0', 'ipywidgets': '7.7.1', 'tqdm': '4.66.1', 'numpy': '1.23.5', 'pandas': '1.5.3', 'jinja2': '3.1.2', 'scipy': '1.10.1', 'joblib': '1.3.2', 'sklearn': '1.2.2', 'pyod': '1.1.0', 'imblearn': '0.10.1', 'category_encoders': '2.6.2', 'lightgbm': '4.0.0', 'numba': '0.56.4', 'requests': '2.31.0', 'matplotlib': '3.7.1', 'scikitplot': '0.3.7', 'yellowbrick': '1.5', 'plotly': '5.15.0', 'plotly-resampler': 'Not installed', 'kaleido': '0.2.1', 'schemdraw': '0.15', 'statsmodels': '0.14.0', 'sktime': '0.22.0', 'tbats': '1.1.3', 'pmdarima': '2.0.3', 'psutil': '5.9.5', 'markupsafe': '2.1.3', 'pickle5': 'Not installed', 'cloudpickle': '2.2.1', 'deprecation': '2.1.0', 'xxhash': '3.3.0', 'wurlitzer': '3.0.3'}, 'python': {'version': '3.10.12', 'machine': 'x86_64'}}
  warnings.warn(

2025-03-14 02:16:25,662:WARNING:
'cuml' is a soft dependency and not included in the pycaret installation. Please run: `pip install cuml` to install.
2025-03-14 02:16:25,662:WARNING:
'cuml' is a soft dependency and not included in the pycaret installation. Please run: `pip install cuml` to install.
2025-03-14 02:16:25,662:WARNING:
'cuml' is a soft dependency and not included in the pycaret installation. Please run: `pip install cuml` to install.
2025-03-14 02:16:25,662:WARNING:
'cuml' is a soft dependency and not included in the pycaret installation. Please run: `pip install cuml` to install.
2025-03-14 02:16:26,796:INFO:Initializing load_model()
2025-03-14 02:16:26,796:INFO:load_model(model_name=model/phishingdetection, platform=None, authentication=None, verbose=True)
2025-03-14 02:16:26,796:WARNING:C:\Users\Administrator\Desktop\projet\.venv\lib\site-packages\sklearn\base.py:376: InconsistentVersionWarning: Trying to unpickle estimator SimpleImputer from version 1.2.2 when using version 1.4.2. This might lead to breaking code or invalid results. Use at your own risk. For more info please refer to:
https://scikit-learn.org/stable/model_persistence.html#security-maintainability-limitations
  warnings.warn(

2025-03-14 02:16:26,796:WARNING:C:\Users\Administrator\Desktop\projet\.venv\lib\site-packages\sklearn\base.py:376: InconsistentVersionWarning: Trying to unpickle estimator PowerTransformer from version 1.2.2 when using version 1.4.2. This might lead to breaking code or invalid results. Use at your own risk. For more info please refer to:
https://scikit-learn.org/stable/model_persistence.html#security-maintainability-limitations
  warnings.warn(

2025-03-14 02:16:26,796:WARNING:C:\Users\Administrator\Desktop\projet\.venv\lib\site-packages\sklearn\base.py:376: InconsistentVersionWarning: Trying to unpickle estimator StandardScaler from version 1.2.2 when using version 1.4.2. This might lead to breaking code or invalid results. Use at your own risk. For more info please refer to:
https://scikit-learn.org/stable/model_persistence.html#security-maintainability-limitations
  warnings.warn(

2025-03-14 02:16:26,839:WARNING:C:\Users\Administrator\Desktop\projet\.venv\lib\site-packages\sklearn\base.py:376: InconsistentVersionWarning: Trying to unpickle estimator LabelEncoder from version 1.2.2 when using version 1.4.2. This might lead to breaking code or invalid results. Use at your own risk. For more info please refer to:
https://scikit-learn.org/stable/model_persistence.html#security-maintainability-limitations
  warnings.warn(

2025-03-14 02:16:26,849:WARNING:C:\Users\Administrator\Desktop\projet\.venv\lib\site-packages\pycaret\internal\pipeline.py:146: UserWarning: Version mismatch:
current: {'deps_info': {'pip': '25.0.1', 'setuptools': '65.5.0', 'pycaret': '3.3.1', 'IPython': '8.23.0', 'ipywidgets': '8.1.2', 'tqdm': '4.66.2', 'numpy': '1.26.4', 'pandas': '2.1.4', 'jinja2': '3.1.3', 'scipy': '1.11.4', 'joblib': '1.3.2', 'sklearn': '1.4.2', 'pyod': '1.1.3', 'imblearn': '0.12.2', 'category_encoders': '2.6.3', 'lightgbm': '4.3.0', 'numba': '0.59.1', 'requests': '2.31.0', 'matplotlib': '3.7.5', 'scikitplot': '0.3.7', 'yellowbrick': '1.5', 'plotly': '5.21.0', 'plotly-resampler': 'Not installed', 'kaleido': '0.2.1', 'schemdraw': '0.15', 'statsmodels': '0.14.2', 'sktime': '0.26.0', 'tbats': '1.1.3', 'pmdarima': '2.0.4', 'psutil': '5.9.8', 'markupsafe': '2.1.5', 'pickle5': 'Not installed', 'cloudpickle': '3.0.0', 'deprecation': '2.1.0', 'xxhash': '3.4.1', 'wurlitzer': 'Not installed'}, 'python': {'version': '3.10.11', 'machine': 'AMD64'}}
pickle: {'deps_info': {'pip': '23.1.2', 'setuptools': '67.7.2', 'pycaret': '3.0.4', 'IPython': '7.34.0', 'ipywidgets': '7.7.1', 'tqdm': '4.66.1', 'numpy': '1.23.5', 'pandas': '1.5.3', 'jinja2': '3.1.2', 'scipy': '1.10.1', 'joblib': '1.3.2', 'sklearn': '1.2.2', 'pyod': '1.1.0', 'imblearn': '0.10.1', 'category_encoders': '2.6.2', 'lightgbm': '4.0.0', 'numba': '0.56.4', 'requests': '2.31.0', 'matplotlib': '3.7.1', 'scikitplot': '0.3.7', 'yellowbrick': '1.5', 'plotly': '5.15.0', 'plotly-resampler': 'Not installed', 'kaleido': '0.2.1', 'schemdraw': '0.15', 'statsmodels': '0.14.0', 'sktime': '0.22.0', 'tbats': '1.1.3', 'pmdarima': '2.0.3', 'psutil': '5.9.5', 'markupsafe': '2.1.3', 'pickle5': 'Not installed', 'cloudpickle': '2.2.1', 'deprecation': '2.1.0', 'xxhash': '3.3.0', 'wurlitzer': '3.0.3'}, 'python': {'version': '3.10.12', 'machine': 'x86_64'}}
  warnings.warn(

2025-03-14 02:16:30,194:WARNING:
'cuml' is a soft dependency and not included in the pycaret installation. Please run: `pip install cuml` to install.
2025-03-14 02:16:30,194:WARNING:
'cuml' is a soft dependency and not included in the pycaret installation. Please run: `pip install cuml` to install.
2025-03-14 02:16:30,194:WARNING:
'cuml' is a soft dependency and not included in the pycaret installation. Please run: `pip install cuml` to install.
2025-03-14 02:16:30,194:WARNING:
'cuml' is a soft dependency and not included in the pycaret installation. Please run: `pip install cuml` to install.
2025-03-14 02:16:31,355:INFO:Initializing load_model()
2025-03-14 02:16:31,355:INFO:load_model(model_name=model/phishingdetection, platform=None, authentication=None, verbose=True)
2025-03-14 02:16:31,355:WARNING:C:\Users\Administrator\Desktop\projet\.venv\lib\site-packages\sklearn\base.py:376: InconsistentVersionWarning: Trying to unpickle estimator SimpleImputer from version 1.2.2 when using version 1.4.2. This might lead to breaking code or invalid results. Use at your own risk. For more info please refer to:
https://scikit-learn.org/stable/model_persistence.html#security-maintainability-limitations
  warnings.warn(

2025-03-14 02:16:31,355:WARNING:C:\Users\Administrator\Desktop\projet\.venv\lib\site-packages\sklearn\base.py:376: InconsistentVersionWarning: Trying to unpickle estimator PowerTransformer from version 1.2.2 when using version 1.4.2. This might lead to breaking code or invalid results. Use at your own risk. For more info please refer to:
https://scikit-learn.org/stable/model_persistence.html#security-maintainability-limitations
  warnings.warn(

2025-03-14 02:16:31,355:WARNING:C:\Users\Administrator\Desktop\projet\.venv\lib\site-packages\sklearn\base.py:376: InconsistentVersionWarning: Trying to unpickle estimator StandardScaler from version 1.2.2 when using version 1.4.2. This might lead to breaking code or invalid results. Use at your own risk. For more info please refer to:
https://scikit-learn.org/stable/model_persistence.html#security-maintainability-limitations
  warnings.warn(

2025-03-14 02:16:31,407:WARNING:C:\Users\Administrator\Desktop\projet\.venv\lib\site-packages\sklearn\base.py:376: InconsistentVersionWarning: Trying to unpickle estimator LabelEncoder from version 1.2.2 when using version 1.4.2. This might lead to breaking code or invalid results. Use at your own risk. For more info please refer to:
https://scikit-learn.org/stable/model_persistence.html#security-maintainability-limitations
  warnings.warn(

2025-03-14 02:16:31,417:WARNING:C:\Users\Administrator\Desktop\projet\.venv\lib\site-packages\pycaret\internal\pipeline.py:146: UserWarning: Version mismatch:
current: {'deps_info': {'pip': '25.0.1', 'setuptools': '65.5.0', 'pycaret': '3.3.1', 'IPython': '8.23.0', 'ipywidgets': '8.1.2', 'tqdm': '4.66.2', 'numpy': '1.26.4', 'pandas': '2.1.4', 'jinja2': '3.1.3', 'scipy': '1.11.4', 'joblib': '1.3.2', 'sklearn': '1.4.2', 'pyod': '1.1.3', 'imblearn': '0.12.2', 'category_encoders': '2.6.3', 'lightgbm': '4.3.0', 'numba': '0.59.1', 'requests': '2.31.0', 'matplotlib': '3.7.5', 'scikitplot': '0.3.7', 'yellowbrick': '1.5', 'plotly': '5.21.0', 'plotly-resampler': 'Not installed', 'kaleido': '0.2.1', 'schemdraw': '0.15', 'statsmodels': '0.14.2', 'sktime': '0.26.0', 'tbats': '1.1.3', 'pmdarima': '2.0.4', 'psutil': '5.9.8', 'markupsafe': '2.1.5', 'pickle5': 'Not installed', 'cloudpickle': '3.0.0', 'deprecation': '2.1.0', 'xxhash': '3.4.1', 'wurlitzer': 'Not installed'}, 'python': {'version': '3.10.11', 'machine': 'AMD64'}}
pickle: {'deps_info': {'pip': '23.1.2', 'setuptools': '67.7.2', 'pycaret': '3.0.4', 'IPython': '7.34.0', 'ipywidgets': '7.7.1', 'tqdm': '4.66.1', 'numpy': '1.23.5', 'pandas': '1.5.3', 'jinja2': '3.1.2', 'scipy': '1.10.1', 'joblib': '1.3.2', 'sklearn': '1.2.2', 'pyod': '1.1.0', 'imblearn': '0.10.1', 'category_encoders': '2.6.2', 'lightgbm': '4.0.0', 'numba': '0.56.4', 'requests': '2.31.0', 'matplotlib': '3.7.1', 'scikitplot': '0.3.7', 'yellowbrick': '1.5', 'plotly': '5.15.0', 'plotly-resampler': 'Not installed', 'kaleido': '0.2.1', 'schemdraw': '0.15', 'statsmodels': '0.14.0', 'sktime': '0.22.0', 'tbats': '1.1.3', 'pmdarima': '2.0.3', 'psutil': '5.9.5', 'markupsafe': '2.1.3', 'pickle5': 'Not installed', 'cloudpickle': '2.2.1', 'deprecation': '2.1.0', 'xxhash': '3.3.0', 'wurlitzer': '3.0.3'}, 'python': {'version': '3.10.12', 'machine': 'x86_64'}}
  warnings.warn(

2025-03-14 02:21:29,292:WARNING:
'cuml' is a soft dependency and not included in the pycaret installation. Please run: `pip install cuml` to install.
2025-03-14 02:21:29,292:WARNING:
'cuml' is a soft dependency and not included in the pycaret installation. Please run: `pip install cuml` to install.
2025-03-14 02:21:29,292:WARNING:
'cuml' is a soft dependency and not included in the pycaret installation. Please run: `pip install cuml` to install.
2025-03-14 02:21:29,292:WARNING:
'cuml' is a soft dependency and not included in the pycaret installation. Please run: `pip install cuml` to install.
2025-03-14 02:21:30,423:INFO:Initializing load_model()
2025-03-14 02:21:30,423:INFO:load_model(model_name=model/phishingdetection, platform=None, authentication=None, verbose=True)
2025-03-14 02:21:30,423:WARNING:C:\Users\Administrator\Desktop\projet\.venv\lib\site-packages\sklearn\base.py:376: InconsistentVersionWarning: Trying to unpickle estimator SimpleImputer from version 1.2.2 when using version 1.4.2. This might lead to breaking code or invalid results. Use at your own risk. For more info please refer to:
https://scikit-learn.org/stable/model_persistence.html#security-maintainability-limitations
  warnings.warn(

2025-03-14 02:21:30,423:WARNING:C:\Users\Administrator\Desktop\projet\.venv\lib\site-packages\sklearn\base.py:376: InconsistentVersionWarning: Trying to unpickle estimator PowerTransformer from version 1.2.2 when using version 1.4.2. This might lead to breaking code or invalid results. Use at your own risk. For more info please refer to:
https://scikit-learn.org/stable/model_persistence.html#security-maintainability-limitations
  warnings.warn(

2025-03-14 02:21:30,439:WARNING:C:\Users\Administrator\Desktop\projet\.venv\lib\site-packages\sklearn\base.py:376: InconsistentVersionWarning: Trying to unpickle estimator StandardScaler from version 1.2.2 when using version 1.4.2. This might lead to breaking code or invalid results. Use at your own risk. For more info please refer to:
https://scikit-learn.org/stable/model_persistence.html#security-maintainability-limitations
  warnings.warn(

2025-03-14 02:21:30,478:WARNING:C:\Users\Administrator\Desktop\projet\.venv\lib\site-packages\sklearn\base.py:376: InconsistentVersionWarning: Trying to unpickle estimator LabelEncoder from version 1.2.2 when using version 1.4.2. This might lead to breaking code or invalid results. Use at your own risk. For more info please refer to:
https://scikit-learn.org/stable/model_persistence.html#security-maintainability-limitations
  warnings.warn(

2025-03-14 02:21:30,489:WARNING:C:\Users\Administrator\Desktop\projet\.venv\lib\site-packages\pycaret\internal\pipeline.py:146: UserWarning: Version mismatch:
current: {'deps_info': {'pip': '25.0.1', 'setuptools': '65.5.0', 'pycaret': '3.3.1', 'IPython': '8.23.0', 'ipywidgets': '8.1.2', 'tqdm': '4.66.2', 'numpy': '1.26.4', 'pandas': '2.1.4', 'jinja2': '3.1.3', 'scipy': '1.11.4', 'joblib': '1.3.2', 'sklearn': '1.4.2', 'pyod': '1.1.3', 'imblearn': '0.12.2', 'category_encoders': '2.6.3', 'lightgbm': '4.3.0', 'numba': '0.59.1', 'requests': '2.31.0', 'matplotlib': '3.7.5', 'scikitplot': '0.3.7', 'yellowbrick': '1.5', 'plotly': '5.21.0', 'plotly-resampler': 'Not installed', 'kaleido': '0.2.1', 'schemdraw': '0.15', 'statsmodels': '0.14.2', 'sktime': '0.26.0', 'tbats': '1.1.3', 'pmdarima': '2.0.4', 'psutil': '5.9.8', 'markupsafe': '2.1.5', 'pickle5': 'Not installed', 'cloudpickle': '3.0.0', 'deprecation': '2.1.0', 'xxhash': '3.4.1', 'wurlitzer': 'Not installed'}, 'python': {'version': '3.10.11', 'machine': 'AMD64'}}
pickle: {'deps_info': {'pip': '23.1.2', 'setuptools': '67.7.2', 'pycaret': '3.0.4', 'IPython': '7.34.0', 'ipywidgets': '7.7.1', 'tqdm': '4.66.1', 'numpy': '1.23.5', 'pandas': '1.5.3', 'jinja2': '3.1.2', 'scipy': '1.10.1', 'joblib': '1.3.2', 'sklearn': '1.2.2', 'pyod': '1.1.0', 'imblearn': '0.10.1', 'category_encoders': '2.6.2', 'lightgbm': '4.0.0', 'numba': '0.56.4', 'requests': '2.31.0', 'matplotlib': '3.7.1', 'scikitplot': '0.3.7', 'yellowbrick': '1.5', 'plotly': '5.15.0', 'plotly-resampler': 'Not installed', 'kaleido': '0.2.1', 'schemdraw': '0.15', 'statsmodels': '0.14.0', 'sktime': '0.22.0', 'tbats': '1.1.3', 'pmdarima': '2.0.3', 'psutil': '5.9.5', 'markupsafe': '2.1.3', 'pickle5': 'Not installed', 'cloudpickle': '2.2.1', 'deprecation': '2.1.0', 'xxhash': '3.3.0', 'wurlitzer': '3.0.3'}, 'python': {'version': '3.10.12', 'machine': 'x86_64'}}
  warnings.warn(

2025-03-14 02:21:33,767:WARNING:
'cuml' is a soft dependency and not included in the pycaret installation. Please run: `pip install cuml` to install.
2025-03-14 02:21:33,767:WARNING:
'cuml' is a soft dependency and not included in the pycaret installation. Please run: `pip install cuml` to install.
2025-03-14 02:21:33,767:WARNING:
'cuml' is a soft dependency and not included in the pycaret installation. Please run: `pip install cuml` to install.
2025-03-14 02:21:33,767:WARNING:
'cuml' is a soft dependency and not included in the pycaret installation. Please run: `pip install cuml` to install.
2025-03-14 02:21:34,998:INFO:Initializing load_model()
2025-03-14 02:21:34,998:INFO:load_model(model_name=model/phishingdetection, platform=None, authentication=None, verbose=True)
2025-03-14 02:21:34,999:WARNING:C:\Users\Administrator\Desktop\projet\.venv\lib\site-packages\sklearn\base.py:376: InconsistentVersionWarning: Trying to unpickle estimator SimpleImputer from version 1.2.2 when using version 1.4.2. This might lead to breaking code or invalid results. Use at your own risk. For more info please refer to:
https://scikit-learn.org/stable/model_persistence.html#security-maintainability-limitations
  warnings.warn(

2025-03-14 02:21:34,999:WARNING:C:\Users\Administrator\Desktop\projet\.venv\lib\site-packages\sklearn\base.py:376: InconsistentVersionWarning: Trying to unpickle estimator PowerTransformer from version 1.2.2 when using version 1.4.2. This might lead to breaking code or invalid results. Use at your own risk. For more info please refer to:
https://scikit-learn.org/stable/model_persistence.html#security-maintainability-limitations
  warnings.warn(

2025-03-14 02:21:34,999:WARNING:C:\Users\Administrator\Desktop\projet\.venv\lib\site-packages\sklearn\base.py:376: InconsistentVersionWarning: Trying to unpickle estimator StandardScaler from version 1.2.2 when using version 1.4.2. This might lead to breaking code or invalid results. Use at your own risk. For more info please refer to:
https://scikit-learn.org/stable/model_persistence.html#security-maintainability-limitations
  warnings.warn(

2025-03-14 02:21:35,046:WARNING:C:\Users\Administrator\Desktop\projet\.venv\lib\site-packages\sklearn\base.py:376: InconsistentVersionWarning: Trying to unpickle estimator LabelEncoder from version 1.2.2 when using version 1.4.2. This might lead to breaking code or invalid results. Use at your own risk. For more info please refer to:
https://scikit-learn.org/stable/model_persistence.html#security-maintainability-limitations
  warnings.warn(

2025-03-14 02:21:35,058:WARNING:C:\Users\Administrator\Desktop\projet\.venv\lib\site-packages\pycaret\internal\pipeline.py:146: UserWarning: Version mismatch:
current: {'deps_info': {'pip': '25.0.1', 'setuptools': '65.5.0', 'pycaret': '3.3.1', 'IPython': '8.23.0', 'ipywidgets': '8.1.2', 'tqdm': '4.66.2', 'numpy': '1.26.4', 'pandas': '2.1.4', 'jinja2': '3.1.3', 'scipy': '1.11.4', 'joblib': '1.3.2', 'sklearn': '1.4.2', 'pyod': '1.1.3', 'imblearn': '0.12.2', 'category_encoders': '2.6.3', 'lightgbm': '4.3.0', 'numba': '0.59.1', 'requests': '2.31.0', 'matplotlib': '3.7.5', 'scikitplot': '0.3.7', 'yellowbrick': '1.5', 'plotly': '5.21.0', 'plotly-resampler': 'Not installed', 'kaleido': '0.2.1', 'schemdraw': '0.15', 'statsmodels': '0.14.2', 'sktime': '0.26.0', 'tbats': '1.1.3', 'pmdarima': '2.0.4', 'psutil': '5.9.8', 'markupsafe': '2.1.5', 'pickle5': 'Not installed', 'cloudpickle': '3.0.0', 'deprecation': '2.1.0', 'xxhash': '3.4.1', 'wurlitzer': 'Not installed'}, 'python': {'version': '3.10.11', 'machine': 'AMD64'}}
pickle: {'deps_info': {'pip': '23.1.2', 'setuptools': '67.7.2', 'pycaret': '3.0.4', 'IPython': '7.34.0', 'ipywidgets': '7.7.1', 'tqdm': '4.66.1', 'numpy': '1.23.5', 'pandas': '1.5.3', 'jinja2': '3.1.2', 'scipy': '1.10.1', 'joblib': '1.3.2', 'sklearn': '1.2.2', 'pyod': '1.1.0', 'imblearn': '0.10.1', 'category_encoders': '2.6.2', 'lightgbm': '4.0.0', 'numba': '0.56.4', 'requests': '2.31.0', 'matplotlib': '3.7.1', 'scikitplot': '0.3.7', 'yellowbrick': '1.5', 'plotly': '5.15.0', 'plotly-resampler': 'Not installed', 'kaleido': '0.2.1', 'schemdraw': '0.15', 'statsmodels': '0.14.0', 'sktime': '0.22.0', 'tbats': '1.1.3', 'pmdarima': '2.0.3', 'psutil': '5.9.5', 'markupsafe': '2.1.3', 'pickle5': 'Not installed', 'cloudpickle': '2.2.1', 'deprecation': '2.1.0', 'xxhash': '3.3.0', 'wurlitzer': '3.0.3'}, 'python': {'version': '3.10.12', 'machine': 'x86_64'}}
  warnings.warn(

2025-03-14 02:23:31,873:WARNING:
'cuml' is a soft dependency and not included in the pycaret installation. Please run: `pip install cuml` to install.
2025-03-14 02:23:31,873:WARNING:
'cuml' is a soft dependency and not included in the pycaret installation. Please run: `pip install cuml` to install.
2025-03-14 02:23:31,873:WARNING:
'cuml' is a soft dependency and not included in the pycaret installation. Please run: `pip install cuml` to install.
2025-03-14 02:23:31,873:WARNING:
'cuml' is a soft dependency and not included in the pycaret installation. Please run: `pip install cuml` to install.
2025-03-14 02:23:33,004:INFO:Initializing load_model()
2025-03-14 02:23:33,004:INFO:load_model(model_name=model/phishingdetection, platform=None, authentication=None, verbose=True)
2025-03-14 02:23:33,006:WARNING:C:\Users\Administrator\Desktop\projet\.venv\lib\site-packages\sklearn\base.py:376: InconsistentVersionWarning: Trying to unpickle estimator SimpleImputer from version 1.2.2 when using version 1.4.2. This might lead to breaking code or invalid results. Use at your own risk. For more info please refer to:
https://scikit-learn.org/stable/model_persistence.html#security-maintainability-limitations
  warnings.warn(

2025-03-14 02:23:33,006:WARNING:C:\Users\Administrator\Desktop\projet\.venv\lib\site-packages\sklearn\base.py:376: InconsistentVersionWarning: Trying to unpickle estimator PowerTransformer from version 1.2.2 when using version 1.4.2. This might lead to breaking code or invalid results. Use at your own risk. For more info please refer to:
https://scikit-learn.org/stable/model_persistence.html#security-maintainability-limitations
  warnings.warn(

2025-03-14 02:23:33,008:WARNING:C:\Users\Administrator\Desktop\projet\.venv\lib\site-packages\sklearn\base.py:376: InconsistentVersionWarning: Trying to unpickle estimator StandardScaler from version 1.2.2 when using version 1.4.2. This might lead to breaking code or invalid results. Use at your own risk. For more info please refer to:
https://scikit-learn.org/stable/model_persistence.html#security-maintainability-limitations
  warnings.warn(

2025-03-14 02:23:33,041:WARNING:C:\Users\Administrator\Desktop\projet\.venv\lib\site-packages\sklearn\base.py:376: InconsistentVersionWarning: Trying to unpickle estimator LabelEncoder from version 1.2.2 when using version 1.4.2. This might lead to breaking code or invalid results. Use at your own risk. For more info please refer to:
https://scikit-learn.org/stable/model_persistence.html#security-maintainability-limitations
  warnings.warn(

2025-03-14 02:23:33,051:WARNING:C:\Users\Administrator\Desktop\projet\.venv\lib\site-packages\pycaret\internal\pipeline.py:146: UserWarning: Version mismatch:
current: {'deps_info': {'pip': '25.0.1', 'setuptools': '65.5.0', 'pycaret': '3.3.1', 'IPython': '8.23.0', 'ipywidgets': '8.1.2', 'tqdm': '4.66.2', 'numpy': '1.26.4', 'pandas': '2.1.4', 'jinja2': '3.1.3', 'scipy': '1.11.4', 'joblib': '1.3.2', 'sklearn': '1.4.2', 'pyod': '1.1.3', 'imblearn': '0.12.2', 'category_encoders': '2.6.3', 'lightgbm': '4.3.0', 'numba': '0.59.1', 'requests': '2.31.0', 'matplotlib': '3.7.5', 'scikitplot': '0.3.7', 'yellowbrick': '1.5', 'plotly': '5.21.0', 'plotly-resampler': 'Not installed', 'kaleido': '0.2.1', 'schemdraw': '0.15', 'statsmodels': '0.14.2', 'sktime': '0.26.0', 'tbats': '1.1.3', 'pmdarima': '2.0.4', 'psutil': '5.9.8', 'markupsafe': '2.1.5', 'pickle5': 'Not installed', 'cloudpickle': '3.0.0', 'deprecation': '2.1.0', 'xxhash': '3.4.1', 'wurlitzer': 'Not installed'}, 'python': {'version': '3.10.11', 'machine': 'AMD64'}}
pickle: {'deps_info': {'pip': '23.1.2', 'setuptools': '67.7.2', 'pycaret': '3.0.4', 'IPython': '7.34.0', 'ipywidgets': '7.7.1', 'tqdm': '4.66.1', 'numpy': '1.23.5', 'pandas': '1.5.3', 'jinja2': '3.1.2', 'scipy': '1.10.1', 'joblib': '1.3.2', 'sklearn': '1.2.2', 'pyod': '1.1.0', 'imblearn': '0.10.1', 'category_encoders': '2.6.2', 'lightgbm': '4.0.0', 'numba': '0.56.4', 'requests': '2.31.0', 'matplotlib': '3.7.1', 'scikitplot': '0.3.7', 'yellowbrick': '1.5', 'plotly': '5.15.0', 'plotly-resampler': 'Not installed', 'kaleido': '0.2.1', 'schemdraw': '0.15', 'statsmodels': '0.14.0', 'sktime': '0.22.0', 'tbats': '1.1.3', 'pmdarima': '2.0.3', 'psutil': '5.9.5', 'markupsafe': '2.1.3', 'pickle5': 'Not installed', 'cloudpickle': '2.2.1', 'deprecation': '2.1.0', 'xxhash': '3.3.0', 'wurlitzer': '3.0.3'}, 'python': {'version': '3.10.12', 'machine': 'x86_64'}}
  warnings.warn(

2025-03-14 02:23:36,360:WARNING:
'cuml' is a soft dependency and not included in the pycaret installation. Please run: `pip install cuml` to install.
2025-03-14 02:23:36,362:WARNING:
'cuml' is a soft dependency and not included in the pycaret installation. Please run: `pip install cuml` to install.
2025-03-14 02:23:36,362:WARNING:
'cuml' is a soft dependency and not included in the pycaret installation. Please run: `pip install cuml` to install.
2025-03-14 02:23:36,362:WARNING:
'cuml' is a soft dependency and not included in the pycaret installation. Please run: `pip install cuml` to install.
2025-03-14 02:23:37,627:INFO:Initializing load_model()
2025-03-14 02:23:37,627:INFO:load_model(model_name=model/phishingdetection, platform=None, authentication=None, verbose=True)
2025-03-14 02:23:37,627:WARNING:C:\Users\Administrator\Desktop\projet\.venv\lib\site-packages\sklearn\base.py:376: InconsistentVersionWarning: Trying to unpickle estimator SimpleImputer from version 1.2.2 when using version 1.4.2. This might lead to breaking code or invalid results. Use at your own risk. For more info please refer to:
https://scikit-learn.org/stable/model_persistence.html#security-maintainability-limitations
  warnings.warn(

2025-03-14 02:23:37,627:WARNING:C:\Users\Administrator\Desktop\projet\.venv\lib\site-packages\sklearn\base.py:376: InconsistentVersionWarning: Trying to unpickle estimator PowerTransformer from version 1.2.2 when using version 1.4.2. This might lead to breaking code or invalid results. Use at your own risk. For more info please refer to:
https://scikit-learn.org/stable/model_persistence.html#security-maintainability-limitations
  warnings.warn(

2025-03-14 02:23:37,627:WARNING:C:\Users\Administrator\Desktop\projet\.venv\lib\site-packages\sklearn\base.py:376: InconsistentVersionWarning: Trying to unpickle estimator StandardScaler from version 1.2.2 when using version 1.4.2. This might lead to breaking code or invalid results. Use at your own risk. For more info please refer to:
https://scikit-learn.org/stable/model_persistence.html#security-maintainability-limitations
  warnings.warn(

2025-03-14 02:23:37,669:WARNING:C:\Users\Administrator\Desktop\projet\.venv\lib\site-packages\sklearn\base.py:376: InconsistentVersionWarning: Trying to unpickle estimator LabelEncoder from version 1.2.2 when using version 1.4.2. This might lead to breaking code or invalid results. Use at your own risk. For more info please refer to:
https://scikit-learn.org/stable/model_persistence.html#security-maintainability-limitations
  warnings.warn(

2025-03-14 02:23:37,681:WARNING:C:\Users\Administrator\Desktop\projet\.venv\lib\site-packages\pycaret\internal\pipeline.py:146: UserWarning: Version mismatch:
current: {'deps_info': {'pip': '25.0.1', 'setuptools': '65.5.0', 'pycaret': '3.3.1', 'IPython': '8.23.0', 'ipywidgets': '8.1.2', 'tqdm': '4.66.2', 'numpy': '1.26.4', 'pandas': '2.1.4', 'jinja2': '3.1.3', 'scipy': '1.11.4', 'joblib': '1.3.2', 'sklearn': '1.4.2', 'pyod': '1.1.3', 'imblearn': '0.12.2', 'category_encoders': '2.6.3', 'lightgbm': '4.3.0', 'numba': '0.59.1', 'requests': '2.31.0', 'matplotlib': '3.7.5', 'scikitplot': '0.3.7', 'yellowbrick': '1.5', 'plotly': '5.21.0', 'plotly-resampler': 'Not installed', 'kaleido': '0.2.1', 'schemdraw': '0.15', 'statsmodels': '0.14.2', 'sktime': '0.26.0', 'tbats': '1.1.3', 'pmdarima': '2.0.4', 'psutil': '5.9.8', 'markupsafe': '2.1.5', 'pickle5': 'Not installed', 'cloudpickle': '3.0.0', 'deprecation': '2.1.0', 'xxhash': '3.4.1', 'wurlitzer': 'Not installed'}, 'python': {'version': '3.10.11', 'machine': 'AMD64'}}
pickle: {'deps_info': {'pip': '23.1.2', 'setuptools': '67.7.2', 'pycaret': '3.0.4', 'IPython': '7.34.0', 'ipywidgets': '7.7.1', 'tqdm': '4.66.1', 'numpy': '1.23.5', 'pandas': '1.5.3', 'jinja2': '3.1.2', 'scipy': '1.10.1', 'joblib': '1.3.2', 'sklearn': '1.2.2', 'pyod': '1.1.0', 'imblearn': '0.10.1', 'category_encoders': '2.6.2', 'lightgbm': '4.0.0', 'numba': '0.56.4', 'requests': '2.31.0', 'matplotlib': '3.7.1', 'scikitplot': '0.3.7', 'yellowbrick': '1.5', 'plotly': '5.15.0', 'plotly-resampler': 'Not installed', 'kaleido': '0.2.1', 'schemdraw': '0.15', 'statsmodels': '0.14.0', 'sktime': '0.22.0', 'tbats': '1.1.3', 'pmdarima': '2.0.3', 'psutil': '5.9.5', 'markupsafe': '2.1.3', 'pickle5': 'Not installed', 'cloudpickle': '2.2.1', 'deprecation': '2.1.0', 'xxhash': '3.3.0', 'wurlitzer': '3.0.3'}, 'python': {'version': '3.10.12', 'machine': 'x86_64'}}
  warnings.warn(

2025-03-14 02:24:38,183:WARNING:C:\Users\Administrator\Desktop\projet\.venv\lib\site-packages\sklearn\base.py:376: InconsistentVersionWarning: Trying to unpickle estimator PCA from version 1.2.2 when using version 1.4.2. This might lead to breaking code or invalid results. Use at your own risk. For more info please refer to:
https://scikit-learn.org/stable/model_persistence.html#security-maintainability-limitations
  warnings.warn(

2025-03-14 02:24:38,215:INFO:Initializing predict_model()
2025-03-14 02:24:38,215:INFO:predict_model(self=<pycaret.classification.oop.ClassificationExperiment object at 0x000002B8AFE68A00>, estimator=Pipeline(memory=FastMemory(location=/tmp/joblib),
         steps=[('numerical_imputer',
                 TransformerWrapper(include=['domain_att', 'URL_Length',
                                             'URL_Depth'],
                                    transformer=SimpleImputer())),
                ('categorical_imputer',
                 TransformerWrapper(include=[],
                                    transformer=SimpleImputer(strategy='most_frequent'))),
                ('transformation',
                 TransformerWrapper(transformer=PowerTransformer(standardize=False))),
                ('normalize', TransformerWrapper(transformer=StandardScaler())),
                ('clean_column_names',
                 TransformerWrapper(transformer=CleanColumnNames())),
                ('trained_model', LGBMClassifier(n_jobs=-1, random_state=321))]), probability_threshold=None, encoded_labels=False, raw_score=False, round=4, verbose=True, ml_usecase=None, preprocess=True, encode_labels=<function _SupervisedExperiment.predict_model.<locals>.encode_labels at 0x000002B8AFE652D0>)
2025-03-14 02:24:38,215:INFO:Checking exceptions
2025-03-14 02:24:38,215:INFO:Preloading libraries
2025-03-14 02:24:38,215:INFO:Set up data.
2025-03-14 02:24:38,223:INFO:Set up index.
2025-03-14 02:24:47,050:WARNING:C:\Users\Administrator\Desktop\projet\.venv\lib\site-packages\sklearn\base.py:376: InconsistentVersionWarning: Trying to unpickle estimator PCA from version 1.2.2 when using version 1.4.2. This might lead to breaking code or invalid results. Use at your own risk. For more info please refer to:
https://scikit-learn.org/stable/model_persistence.html#security-maintainability-limitations
  warnings.warn(

2025-03-14 02:24:47,069:INFO:Initializing predict_model()
2025-03-14 02:24:47,072:INFO:predict_model(self=<pycaret.classification.oop.ClassificationExperiment object at 0x000002B8AD196B90>, estimator=Pipeline(memory=FastMemory(location=/tmp/joblib),
         steps=[('numerical_imputer',
                 TransformerWrapper(include=['domain_att', 'URL_Length',
                                             'URL_Depth'],
                                    transformer=SimpleImputer())),
                ('categorical_imputer',
                 TransformerWrapper(include=[],
                                    transformer=SimpleImputer(strategy='most_frequent'))),
                ('transformation',
                 TransformerWrapper(transformer=PowerTransformer(standardize=False))),
                ('normalize', TransformerWrapper(transformer=StandardScaler())),
                ('clean_column_names',
                 TransformerWrapper(transformer=CleanColumnNames())),
                ('trained_model', LGBMClassifier(n_jobs=-1, random_state=321))]), probability_threshold=None, encoded_labels=False, raw_score=False, round=4, verbose=True, ml_usecase=None, preprocess=True, encode_labels=<function _SupervisedExperiment.predict_model.<locals>.encode_labels at 0x000002B8AFE65360>)
2025-03-14 02:24:47,073:INFO:Checking exceptions
2025-03-14 02:24:47,073:INFO:Preloading libraries
2025-03-14 02:24:47,073:INFO:Set up data.
2025-03-14 02:24:47,073:INFO:Set up index.
2025-03-14 02:24:58,050:WARNING:C:\Users\Administrator\Desktop\projet\.venv\lib\site-packages\sklearn\base.py:376: InconsistentVersionWarning: Trying to unpickle estimator PCA from version 1.2.2 when using version 1.4.2. This might lead to breaking code or invalid results. Use at your own risk. For more info please refer to:
https://scikit-learn.org/stable/model_persistence.html#security-maintainability-limitations
  warnings.warn(

2025-03-14 02:24:58,099:INFO:Initializing predict_model()
2025-03-14 02:24:58,099:INFO:predict_model(self=<pycaret.classification.oop.ClassificationExperiment object at 0x000002B8AFE686A0>, estimator=Pipeline(memory=FastMemory(location=/tmp/joblib),
         steps=[('numerical_imputer',
                 TransformerWrapper(include=['domain_att', 'URL_Length',
                                             'URL_Depth'],
                                    transformer=SimpleImputer())),
                ('categorical_imputer',
                 TransformerWrapper(include=[],
                                    transformer=SimpleImputer(strategy='most_frequent'))),
                ('transformation',
                 TransformerWrapper(transformer=PowerTransformer(standardize=False))),
                ('normalize', TransformerWrapper(transformer=StandardScaler())),
                ('clean_column_names',
                 TransformerWrapper(transformer=CleanColumnNames())),
                ('trained_model', LGBMClassifier(n_jobs=-1, random_state=321))]), probability_threshold=None, encoded_labels=False, raw_score=False, round=4, verbose=True, ml_usecase=None, preprocess=True, encode_labels=<function _SupervisedExperiment.predict_model.<locals>.encode_labels at 0x000002B8AFE65CF0>)
2025-03-14 02:24:58,099:INFO:Checking exceptions
2025-03-14 02:24:58,099:INFO:Preloading libraries
2025-03-14 02:24:58,099:INFO:Set up data.
2025-03-14 02:24:58,110:INFO:Set up index.
2025-03-14 02:25:12,709:WARNING:C:\Users\Administrator\Desktop\projet\.venv\lib\site-packages\sklearn\base.py:376: InconsistentVersionWarning: Trying to unpickle estimator PCA from version 1.2.2 when using version 1.4.2. This might lead to breaking code or invalid results. Use at your own risk. For more info please refer to:
https://scikit-learn.org/stable/model_persistence.html#security-maintainability-limitations
  warnings.warn(

2025-03-14 02:25:12,756:INFO:Initializing predict_model()
2025-03-14 02:25:12,756:INFO:predict_model(self=<pycaret.classification.oop.ClassificationExperiment object at 0x000002B8AFEAF8E0>, estimator=Pipeline(memory=FastMemory(location=/tmp/joblib),
         steps=[('numerical_imputer',
                 TransformerWrapper(include=['domain_att', 'URL_Length',
                                             'URL_Depth'],
                                    transformer=SimpleImputer())),
                ('categorical_imputer',
                 TransformerWrapper(include=[],
                                    transformer=SimpleImputer(strategy='most_frequent'))),
                ('transformation',
                 TransformerWrapper(transformer=PowerTransformer(standardize=False))),
                ('normalize', TransformerWrapper(transformer=StandardScaler())),
                ('clean_column_names',
                 TransformerWrapper(transformer=CleanColumnNames())),
                ('trained_model', LGBMClassifier(n_jobs=-1, random_state=321))]), probability_threshold=None, encoded_labels=False, raw_score=False, round=4, verbose=True, ml_usecase=None, preprocess=True, encode_labels=<function _SupervisedExperiment.predict_model.<locals>.encode_labels at 0x000002B8AFE65CF0>)
2025-03-14 02:25:12,756:INFO:Checking exceptions
2025-03-14 02:25:12,756:INFO:Preloading libraries
2025-03-14 02:25:12,756:INFO:Set up data.
2025-03-14 02:25:12,767:INFO:Set up index.
2025-03-14 02:25:52,174:WARNING:
'cuml' is a soft dependency and not included in the pycaret installation. Please run: `pip install cuml` to install.
2025-03-14 02:25:52,174:WARNING:
'cuml' is a soft dependency and not included in the pycaret installation. Please run: `pip install cuml` to install.
2025-03-14 02:25:52,174:WARNING:
'cuml' is a soft dependency and not included in the pycaret installation. Please run: `pip install cuml` to install.
2025-03-14 02:25:52,174:WARNING:
'cuml' is a soft dependency and not included in the pycaret installation. Please run: `pip install cuml` to install.
2025-03-14 02:25:53,298:INFO:Initializing load_model()
2025-03-14 02:25:53,299:INFO:load_model(model_name=model/phishingdetection, platform=None, authentication=None, verbose=True)
2025-03-14 02:25:53,301:WARNING:C:\Users\Administrator\Desktop\projet\.venv\lib\site-packages\sklearn\base.py:376: InconsistentVersionWarning: Trying to unpickle estimator SimpleImputer from version 1.2.2 when using version 1.4.2. This might lead to breaking code or invalid results. Use at your own risk. For more info please refer to:
https://scikit-learn.org/stable/model_persistence.html#security-maintainability-limitations
  warnings.warn(

2025-03-14 02:25:53,301:WARNING:C:\Users\Administrator\Desktop\projet\.venv\lib\site-packages\sklearn\base.py:376: InconsistentVersionWarning: Trying to unpickle estimator PowerTransformer from version 1.2.2 when using version 1.4.2. This might lead to breaking code or invalid results. Use at your own risk. For more info please refer to:
https://scikit-learn.org/stable/model_persistence.html#security-maintainability-limitations
  warnings.warn(

2025-03-14 02:25:53,302:WARNING:C:\Users\Administrator\Desktop\projet\.venv\lib\site-packages\sklearn\base.py:376: InconsistentVersionWarning: Trying to unpickle estimator StandardScaler from version 1.2.2 when using version 1.4.2. This might lead to breaking code or invalid results. Use at your own risk. For more info please refer to:
https://scikit-learn.org/stable/model_persistence.html#security-maintainability-limitations
  warnings.warn(

2025-03-14 02:25:53,344:WARNING:C:\Users\Administrator\Desktop\projet\.venv\lib\site-packages\sklearn\base.py:376: InconsistentVersionWarning: Trying to unpickle estimator LabelEncoder from version 1.2.2 when using version 1.4.2. This might lead to breaking code or invalid results. Use at your own risk. For more info please refer to:
https://scikit-learn.org/stable/model_persistence.html#security-maintainability-limitations
  warnings.warn(

2025-03-14 02:25:53,353:WARNING:C:\Users\Administrator\Desktop\projet\.venv\lib\site-packages\pycaret\internal\pipeline.py:146: UserWarning: Version mismatch:
current: {'deps_info': {'pip': '25.0.1', 'setuptools': '65.5.0', 'pycaret': '3.3.1', 'IPython': '8.23.0', 'ipywidgets': '8.1.2', 'tqdm': '4.66.2', 'numpy': '1.26.4', 'pandas': '2.1.4', 'jinja2': '3.1.3', 'scipy': '1.11.4', 'joblib': '1.3.2', 'sklearn': '1.4.2', 'pyod': '1.1.3', 'imblearn': '0.12.2', 'category_encoders': '2.6.3', 'lightgbm': '4.3.0', 'numba': '0.59.1', 'requests': '2.31.0', 'matplotlib': '3.7.5', 'scikitplot': '0.3.7', 'yellowbrick': '1.5', 'plotly': '5.21.0', 'plotly-resampler': 'Not installed', 'kaleido': '0.2.1', 'schemdraw': '0.15', 'statsmodels': '0.14.2', 'sktime': '0.26.0', 'tbats': '1.1.3', 'pmdarima': '2.0.4', 'psutil': '5.9.8', 'markupsafe': '2.1.5', 'pickle5': 'Not installed', 'cloudpickle': '3.0.0', 'deprecation': '2.1.0', 'xxhash': '3.4.1', 'wurlitzer': 'Not installed'}, 'python': {'version': '3.10.11', 'machine': 'AMD64'}}
pickle: {'deps_info': {'pip': '23.1.2', 'setuptools': '67.7.2', 'pycaret': '3.0.4', 'IPython': '7.34.0', 'ipywidgets': '7.7.1', 'tqdm': '4.66.1', 'numpy': '1.23.5', 'pandas': '1.5.3', 'jinja2': '3.1.2', 'scipy': '1.10.1', 'joblib': '1.3.2', 'sklearn': '1.2.2', 'pyod': '1.1.0', 'imblearn': '0.10.1', 'category_encoders': '2.6.2', 'lightgbm': '4.0.0', 'numba': '0.56.4', 'requests': '2.31.0', 'matplotlib': '3.7.1', 'scikitplot': '0.3.7', 'yellowbrick': '1.5', 'plotly': '5.15.0', 'plotly-resampler': 'Not installed', 'kaleido': '0.2.1', 'schemdraw': '0.15', 'statsmodels': '0.14.0', 'sktime': '0.22.0', 'tbats': '1.1.3', 'pmdarima': '2.0.3', 'psutil': '5.9.5', 'markupsafe': '2.1.3', 'pickle5': 'Not installed', 'cloudpickle': '2.2.1', 'deprecation': '2.1.0', 'xxhash': '3.3.0', 'wurlitzer': '3.0.3'}, 'python': {'version': '3.10.12', 'machine': 'x86_64'}}
  warnings.warn(

2025-03-14 02:25:56,675:WARNING:
'cuml' is a soft dependency and not included in the pycaret installation. Please run: `pip install cuml` to install.
2025-03-14 02:25:56,675:WARNING:
'cuml' is a soft dependency and not included in the pycaret installation. Please run: `pip install cuml` to install.
2025-03-14 02:25:56,675:WARNING:
'cuml' is a soft dependency and not included in the pycaret installation. Please run: `pip install cuml` to install.
2025-03-14 02:25:56,675:WARNING:
'cuml' is a soft dependency and not included in the pycaret installation. Please run: `pip install cuml` to install.
2025-03-14 02:25:57,884:INFO:Initializing load_model()
2025-03-14 02:25:57,884:INFO:load_model(model_name=model/phishingdetection, platform=None, authentication=None, verbose=True)
2025-03-14 02:25:57,884:WARNING:C:\Users\Administrator\Desktop\projet\.venv\lib\site-packages\sklearn\base.py:376: InconsistentVersionWarning: Trying to unpickle estimator SimpleImputer from version 1.2.2 when using version 1.4.2. This might lead to breaking code or invalid results. Use at your own risk. For more info please refer to:
https://scikit-learn.org/stable/model_persistence.html#security-maintainability-limitations
  warnings.warn(

2025-03-14 02:25:57,884:WARNING:C:\Users\Administrator\Desktop\projet\.venv\lib\site-packages\sklearn\base.py:376: InconsistentVersionWarning: Trying to unpickle estimator PowerTransformer from version 1.2.2 when using version 1.4.2. This might lead to breaking code or invalid results. Use at your own risk. For more info please refer to:
https://scikit-learn.org/stable/model_persistence.html#security-maintainability-limitations
  warnings.warn(

2025-03-14 02:25:57,884:WARNING:C:\Users\Administrator\Desktop\projet\.venv\lib\site-packages\sklearn\base.py:376: InconsistentVersionWarning: Trying to unpickle estimator StandardScaler from version 1.2.2 when using version 1.4.2. This might lead to breaking code or invalid results. Use at your own risk. For more info please refer to:
https://scikit-learn.org/stable/model_persistence.html#security-maintainability-limitations
  warnings.warn(

2025-03-14 02:25:57,935:WARNING:C:\Users\Administrator\Desktop\projet\.venv\lib\site-packages\sklearn\base.py:376: InconsistentVersionWarning: Trying to unpickle estimator LabelEncoder from version 1.2.2 when using version 1.4.2. This might lead to breaking code or invalid results. Use at your own risk. For more info please refer to:
https://scikit-learn.org/stable/model_persistence.html#security-maintainability-limitations
  warnings.warn(

2025-03-14 02:25:57,945:WARNING:C:\Users\Administrator\Desktop\projet\.venv\lib\site-packages\pycaret\internal\pipeline.py:146: UserWarning: Version mismatch:
current: {'deps_info': {'pip': '25.0.1', 'setuptools': '65.5.0', 'pycaret': '3.3.1', 'IPython': '8.23.0', 'ipywidgets': '8.1.2', 'tqdm': '4.66.2', 'numpy': '1.26.4', 'pandas': '2.1.4', 'jinja2': '3.1.3', 'scipy': '1.11.4', 'joblib': '1.3.2', 'sklearn': '1.4.2', 'pyod': '1.1.3', 'imblearn': '0.12.2', 'category_encoders': '2.6.3', 'lightgbm': '4.3.0', 'numba': '0.59.1', 'requests': '2.31.0', 'matplotlib': '3.7.5', 'scikitplot': '0.3.7', 'yellowbrick': '1.5', 'plotly': '5.21.0', 'plotly-resampler': 'Not installed', 'kaleido': '0.2.1', 'schemdraw': '0.15', 'statsmodels': '0.14.2', 'sktime': '0.26.0', 'tbats': '1.1.3', 'pmdarima': '2.0.4', 'psutil': '5.9.8', 'markupsafe': '2.1.5', 'pickle5': 'Not installed', 'cloudpickle': '3.0.0', 'deprecation': '2.1.0', 'xxhash': '3.4.1', 'wurlitzer': 'Not installed'}, 'python': {'version': '3.10.11', 'machine': 'AMD64'}}
pickle: {'deps_info': {'pip': '23.1.2', 'setuptools': '67.7.2', 'pycaret': '3.0.4', 'IPython': '7.34.0', 'ipywidgets': '7.7.1', 'tqdm': '4.66.1', 'numpy': '1.23.5', 'pandas': '1.5.3', 'jinja2': '3.1.2', 'scipy': '1.10.1', 'joblib': '1.3.2', 'sklearn': '1.2.2', 'pyod': '1.1.0', 'imblearn': '0.10.1', 'category_encoders': '2.6.2', 'lightgbm': '4.0.0', 'numba': '0.56.4', 'requests': '2.31.0', 'matplotlib': '3.7.1', 'scikitplot': '0.3.7', 'yellowbrick': '1.5', 'plotly': '5.15.0', 'plotly-resampler': 'Not installed', 'kaleido': '0.2.1', 'schemdraw': '0.15', 'statsmodels': '0.14.0', 'sktime': '0.22.0', 'tbats': '1.1.3', 'pmdarima': '2.0.3', 'psutil': '5.9.5', 'markupsafe': '2.1.3', 'pickle5': 'Not installed', 'cloudpickle': '2.2.1', 'deprecation': '2.1.0', 'xxhash': '3.3.0', 'wurlitzer': '3.0.3'}, 'python': {'version': '3.10.12', 'machine': 'x86_64'}}
  warnings.warn(

2025-03-14 02:26:38,487:WARNING:C:\Users\Administrator\Desktop\projet\.venv\lib\site-packages\sklearn\base.py:376: InconsistentVersionWarning: Trying to unpickle estimator PCA from version 1.2.2 when using version 1.4.2. This might lead to breaking code or invalid results. Use at your own risk. For more info please refer to:
https://scikit-learn.org/stable/model_persistence.html#security-maintainability-limitations
  warnings.warn(

2025-03-14 02:26:38,530:INFO:Initializing predict_model()
2025-03-14 02:26:38,530:INFO:predict_model(self=<pycaret.classification.oop.ClassificationExperiment object at 0x000001CD2A1E8790>, estimator=Pipeline(memory=FastMemory(location=/tmp/joblib),
         steps=[('numerical_imputer',
                 TransformerWrapper(include=['domain_att', 'URL_Length',
                                             'URL_Depth'],
                                    transformer=SimpleImputer())),
                ('categorical_imputer',
                 TransformerWrapper(include=[],
                                    transformer=SimpleImputer(strategy='most_frequent'))),
                ('transformation',
                 TransformerWrapper(transformer=PowerTransformer(standardize=False))),
                ('normalize', TransformerWrapper(transformer=StandardScaler())),
                ('clean_column_names',
                 TransformerWrapper(transformer=CleanColumnNames())),
                ('trained_model', LGBMClassifier(n_jobs=-1, random_state=321))]), probability_threshold=None, encoded_labels=False, raw_score=False, round=4, verbose=True, ml_usecase=None, preprocess=True, encode_labels=<function _SupervisedExperiment.predict_model.<locals>.encode_labels at 0x000001CD2A1E5000>)
2025-03-14 02:26:38,530:INFO:Checking exceptions
2025-03-14 02:26:38,530:INFO:Preloading libraries
2025-03-14 02:26:38,530:INFO:Set up data.
2025-03-14 02:26:38,547:INFO:Set up index.
2025-03-14 02:27:00,805:WARNING:C:\Users\Administrator\Desktop\projet\.venv\lib\site-packages\sklearn\base.py:376: InconsistentVersionWarning: Trying to unpickle estimator PCA from version 1.2.2 when using version 1.4.2. This might lead to breaking code or invalid results. Use at your own risk. For more info please refer to:
https://scikit-learn.org/stable/model_persistence.html#security-maintainability-limitations
  warnings.warn(

2025-03-14 02:27:00,829:INFO:Initializing predict_model()
2025-03-14 02:27:00,829:INFO:predict_model(self=<pycaret.classification.oop.ClassificationExperiment object at 0x000001CD273C2410>, estimator=Pipeline(memory=FastMemory(location=/tmp/joblib),
         steps=[('numerical_imputer',
                 TransformerWrapper(include=['domain_att', 'URL_Length',
                                             'URL_Depth'],
                                    transformer=SimpleImputer())),
                ('categorical_imputer',
                 TransformerWrapper(include=[],
                                    transformer=SimpleImputer(strategy='most_frequent'))),
                ('transformation',
                 TransformerWrapper(transformer=PowerTransformer(standardize=False))),
                ('normalize', TransformerWrapper(transformer=StandardScaler())),
                ('clean_column_names',
                 TransformerWrapper(transformer=CleanColumnNames())),
                ('trained_model', LGBMClassifier(n_jobs=-1, random_state=321))]), probability_threshold=None, encoded_labels=False, raw_score=False, round=4, verbose=True, ml_usecase=None, preprocess=True, encode_labels=<function _SupervisedExperiment.predict_model.<locals>.encode_labels at 0x000001CD2A1E5BD0>)
2025-03-14 02:27:00,829:INFO:Checking exceptions
2025-03-14 02:27:00,829:INFO:Preloading libraries
2025-03-14 02:27:00,829:INFO:Set up data.
2025-03-14 02:27:00,838:INFO:Set up index.
2025-03-14 02:38:58,704:WARNING:C:\Users\Administrator\Desktop\projet\.venv\lib\site-packages\sklearn\base.py:376: InconsistentVersionWarning: Trying to unpickle estimator PCA from version 1.2.2 when using version 1.4.2. This might lead to breaking code or invalid results. Use at your own risk. For more info please refer to:
https://scikit-learn.org/stable/model_persistence.html#security-maintainability-limitations
  warnings.warn(

2025-03-14 02:38:58,737:INFO:Initializing predict_model()
2025-03-14 02:38:58,737:INFO:predict_model(self=<pycaret.classification.oop.ClassificationExperiment object at 0x000001CD2A22E020>, estimator=Pipeline(memory=FastMemory(location=/tmp/joblib),
         steps=[('numerical_imputer',
                 TransformerWrapper(include=['domain_att', 'URL_Length',
                                             'URL_Depth'],
                                    transformer=SimpleImputer())),
                ('categorical_imputer',
                 TransformerWrapper(include=[],
                                    transformer=SimpleImputer(strategy='most_frequent'))),
                ('transformation',
                 TransformerWrapper(transformer=PowerTransformer(standardize=False))),
                ('normalize', TransformerWrapper(transformer=StandardScaler())),
                ('clean_column_names',
                 TransformerWrapper(transformer=CleanColumnNames())),
                ('trained_model', LGBMClassifier(n_jobs=-1, random_state=321))]), probability_threshold=None, encoded_labels=False, raw_score=False, round=4, verbose=True, ml_usecase=None, preprocess=True, encode_labels=<function _SupervisedExperiment.predict_model.<locals>.encode_labels at 0x000001CD2A1E4820>)
2025-03-14 02:38:58,737:INFO:Checking exceptions
2025-03-14 02:38:58,737:INFO:Preloading libraries
2025-03-14 02:38:58,743:INFO:Set up data.
2025-03-14 02:38:58,743:INFO:Set up index.
2025-03-14 02:39:07,686:WARNING:C:\Users\Administrator\Desktop\projet\.venv\lib\site-packages\sklearn\base.py:376: InconsistentVersionWarning: Trying to unpickle estimator PCA from version 1.2.2 when using version 1.4.2. This might lead to breaking code or invalid results. Use at your own risk. For more info please refer to:
https://scikit-learn.org/stable/model_persistence.html#security-maintainability-limitations
  warnings.warn(

2025-03-14 02:39:07,730:INFO:Initializing predict_model()
2025-03-14 02:39:07,730:INFO:predict_model(self=<pycaret.classification.oop.ClassificationExperiment object at 0x000001CD2A22FE50>, estimator=Pipeline(memory=FastMemory(location=/tmp/joblib),
         steps=[('numerical_imputer',
                 TransformerWrapper(include=['domain_att', 'URL_Length',
                                             'URL_Depth'],
                                    transformer=SimpleImputer())),
                ('categorical_imputer',
                 TransformerWrapper(include=[],
                                    transformer=SimpleImputer(strategy='most_frequent'))),
                ('transformation',
                 TransformerWrapper(transformer=PowerTransformer(standardize=False))),
                ('normalize', TransformerWrapper(transformer=StandardScaler())),
                ('clean_column_names',
                 TransformerWrapper(transformer=CleanColumnNames())),
                ('trained_model', LGBMClassifier(n_jobs=-1, random_state=321))]), probability_threshold=None, encoded_labels=False, raw_score=False, round=4, verbose=True, ml_usecase=None, preprocess=True, encode_labels=<function _SupervisedExperiment.predict_model.<locals>.encode_labels at 0x000001CD2A1E5120>)
2025-03-14 02:39:07,730:INFO:Checking exceptions
2025-03-14 02:39:07,730:INFO:Preloading libraries
2025-03-14 02:39:07,730:INFO:Set up data.
2025-03-14 02:39:07,737:INFO:Set up index.
2025-03-14 02:39:23,434:WARNING:C:\Users\Administrator\Desktop\projet\.venv\lib\site-packages\sklearn\base.py:376: InconsistentVersionWarning: Trying to unpickle estimator PCA from version 1.2.2 when using version 1.4.2. This might lead to breaking code or invalid results. Use at your own risk. For more info please refer to:
https://scikit-learn.org/stable/model_persistence.html#security-maintainability-limitations
  warnings.warn(

2025-03-14 02:39:23,451:INFO:Initializing predict_model()
2025-03-14 02:39:23,451:INFO:predict_model(self=<pycaret.classification.oop.ClassificationExperiment object at 0x000001CD2A1E8940>, estimator=Pipeline(memory=FastMemory(location=/tmp/joblib),
         steps=[('numerical_imputer',
                 TransformerWrapper(include=['domain_att', 'URL_Length',
                                             'URL_Depth'],
                                    transformer=SimpleImputer())),
                ('categorical_imputer',
                 TransformerWrapper(include=[],
                                    transformer=SimpleImputer(strategy='most_frequent'))),
                ('transformation',
                 TransformerWrapper(transformer=PowerTransformer(standardize=False))),
                ('normalize', TransformerWrapper(transformer=StandardScaler())),
                ('clean_column_names',
                 TransformerWrapper(transformer=CleanColumnNames())),
                ('trained_model', LGBMClassifier(n_jobs=-1, random_state=321))]), probability_threshold=None, encoded_labels=False, raw_score=False, round=4, verbose=True, ml_usecase=None, preprocess=True, encode_labels=<function _SupervisedExperiment.predict_model.<locals>.encode_labels at 0x000001CD2A1E4550>)
2025-03-14 02:39:23,451:INFO:Checking exceptions
2025-03-14 02:39:23,451:INFO:Preloading libraries
2025-03-14 02:39:23,451:INFO:Set up data.
2025-03-14 02:39:23,468:INFO:Set up index.
2025-03-14 02:39:37,388:WARNING:C:\Users\Administrator\Desktop\projet\.venv\lib\site-packages\sklearn\base.py:376: InconsistentVersionWarning: Trying to unpickle estimator PCA from version 1.2.2 when using version 1.4.2. This might lead to breaking code or invalid results. Use at your own risk. For more info please refer to:
https://scikit-learn.org/stable/model_persistence.html#security-maintainability-limitations
  warnings.warn(

2025-03-14 02:39:37,442:INFO:Initializing predict_model()
2025-03-14 02:39:37,442:INFO:predict_model(self=<pycaret.classification.oop.ClassificationExperiment object at 0x000001CD2A1E8700>, estimator=Pipeline(memory=FastMemory(location=/tmp/joblib),
         steps=[('numerical_imputer',
                 TransformerWrapper(include=['domain_att', 'URL_Length',
                                             'URL_Depth'],
                                    transformer=SimpleImputer())),
                ('categorical_imputer',
                 TransformerWrapper(include=[],
                                    transformer=SimpleImputer(strategy='most_frequent'))),
                ('transformation',
                 TransformerWrapper(transformer=PowerTransformer(standardize=False))),
                ('normalize', TransformerWrapper(transformer=StandardScaler())),
                ('clean_column_names',
                 TransformerWrapper(transformer=CleanColumnNames())),
                ('trained_model', LGBMClassifier(n_jobs=-1, random_state=321))]), probability_threshold=None, encoded_labels=False, raw_score=False, round=4, verbose=True, ml_usecase=None, preprocess=True, encode_labels=<function _SupervisedExperiment.predict_model.<locals>.encode_labels at 0x000001CD2A1E4670>)
2025-03-14 02:39:37,442:INFO:Checking exceptions
2025-03-14 02:39:37,442:INFO:Preloading libraries
2025-03-14 02:39:37,442:INFO:Set up data.
2025-03-14 02:39:37,455:INFO:Set up index.
2025-03-14 02:43:24,357:WARNING:C:\Users\Administrator\Desktop\projet\.venv\lib\site-packages\sklearn\base.py:376: InconsistentVersionWarning: Trying to unpickle estimator PCA from version 1.2.2 when using version 1.4.2. This might lead to breaking code or invalid results. Use at your own risk. For more info please refer to:
https://scikit-learn.org/stable/model_persistence.html#security-maintainability-limitations
  warnings.warn(

2025-03-14 02:43:24,391:INFO:Initializing predict_model()
2025-03-14 02:43:24,391:INFO:predict_model(self=<pycaret.classification.oop.ClassificationExperiment object at 0x000001CD2A22EB90>, estimator=Pipeline(memory=FastMemory(location=/tmp/joblib),
         steps=[('numerical_imputer',
                 TransformerWrapper(include=['domain_att', 'URL_Length',
                                             'URL_Depth'],
                                    transformer=SimpleImputer())),
                ('categorical_imputer',
                 TransformerWrapper(include=[],
                                    transformer=SimpleImputer(strategy='most_frequent'))),
                ('transformation',
                 TransformerWrapper(transformer=PowerTransformer(standardize=False))),
                ('normalize', TransformerWrapper(transformer=StandardScaler())),
                ('clean_column_names',
                 TransformerWrapper(transformer=CleanColumnNames())),
                ('trained_model', LGBMClassifier(n_jobs=-1, random_state=321))]), probability_threshold=None, encoded_labels=False, raw_score=False, round=4, verbose=True, ml_usecase=None, preprocess=True, encode_labels=<function _SupervisedExperiment.predict_model.<locals>.encode_labels at 0x000001CD2A1E4790>)
2025-03-14 02:43:24,391:INFO:Checking exceptions
2025-03-14 02:43:24,391:INFO:Preloading libraries
2025-03-14 02:43:24,395:INFO:Set up data.
2025-03-14 02:43:24,404:INFO:Set up index.
2025-03-14 02:43:42,755:WARNING:C:\Users\Administrator\Desktop\projet\.venv\lib\site-packages\sklearn\base.py:376: InconsistentVersionWarning: Trying to unpickle estimator PCA from version 1.2.2 when using version 1.4.2. This might lead to breaking code or invalid results. Use at your own risk. For more info please refer to:
https://scikit-learn.org/stable/model_persistence.html#security-maintainability-limitations
  warnings.warn(

2025-03-14 02:43:42,779:INFO:Initializing predict_model()
2025-03-14 02:43:42,779:INFO:predict_model(self=<pycaret.classification.oop.ClassificationExperiment object at 0x000001CD2A22CDC0>, estimator=Pipeline(memory=FastMemory(location=/tmp/joblib),
         steps=[('numerical_imputer',
                 TransformerWrapper(include=['domain_att', 'URL_Length',
                                             'URL_Depth'],
                                    transformer=SimpleImputer())),
                ('categorical_imputer',
                 TransformerWrapper(include=[],
                                    transformer=SimpleImputer(strategy='most_frequent'))),
                ('transformation',
                 TransformerWrapper(transformer=PowerTransformer(standardize=False))),
                ('normalize', TransformerWrapper(transformer=StandardScaler())),
                ('clean_column_names',
                 TransformerWrapper(transformer=CleanColumnNames())),
                ('trained_model', LGBMClassifier(n_jobs=-1, random_state=321))]), probability_threshold=None, encoded_labels=False, raw_score=False, round=4, verbose=True, ml_usecase=None, preprocess=True, encode_labels=<function _SupervisedExperiment.predict_model.<locals>.encode_labels at 0x000001CD2A1E5B40>)
2025-03-14 02:43:42,779:INFO:Checking exceptions
2025-03-14 02:43:42,779:INFO:Preloading libraries
2025-03-14 02:43:42,779:INFO:Set up data.
2025-03-14 02:43:42,786:INFO:Set up index.
2025-04-06 10:53:47,935:WARNING:
'cuml' is a soft dependency and not included in the pycaret installation. Please run: `pip install cuml` to install.
2025-04-06 10:53:47,936:WARNING:
'cuml' is a soft dependency and not included in the pycaret installation. Please run: `pip install cuml` to install.
2025-04-06 10:53:47,936:WARNING:
'cuml' is a soft dependency and not included in the pycaret installation. Please run: `pip install cuml` to install.
2025-04-06 10:53:47,936:WARNING:
'cuml' is a soft dependency and not included in the pycaret installation. Please run: `pip install cuml` to install.
2025-04-06 10:53:50,147:INFO:Initializing load_model()
2025-04-06 10:53:50,148:INFO:load_model(model_name=model/phishingdetection, platform=None, authentication=None, verbose=True)
2025-04-06 10:53:50,155:WARNING:C:\Users\Administrator\Desktop\phishing detector project\.venv\lib\site-packages\sklearn\base.py:376: InconsistentVersionWarning: Trying to unpickle estimator SimpleImputer from version 1.2.2 when using version 1.4.2. This might lead to breaking code or invalid results. Use at your own risk. For more info please refer to:
https://scikit-learn.org/stable/model_persistence.html#security-maintainability-limitations
  warnings.warn(

2025-04-06 10:53:50,156:WARNING:C:\Users\Administrator\Desktop\phishing detector project\.venv\lib\site-packages\sklearn\base.py:376: InconsistentVersionWarning: Trying to unpickle estimator PowerTransformer from version 1.2.2 when using version 1.4.2. This might lead to breaking code or invalid results. Use at your own risk. For more info please refer to:
https://scikit-learn.org/stable/model_persistence.html#security-maintainability-limitations
  warnings.warn(

2025-04-06 10:53:50,157:WARNING:C:\Users\Administrator\Desktop\phishing detector project\.venv\lib\site-packages\sklearn\base.py:376: InconsistentVersionWarning: Trying to unpickle estimator StandardScaler from version 1.2.2 when using version 1.4.2. This might lead to breaking code or invalid results. Use at your own risk. For more info please refer to:
https://scikit-learn.org/stable/model_persistence.html#security-maintainability-limitations
  warnings.warn(

2025-04-06 10:53:50,219:WARNING:C:\Users\Administrator\Desktop\phishing detector project\.venv\lib\site-packages\sklearn\base.py:376: InconsistentVersionWarning: Trying to unpickle estimator LabelEncoder from version 1.2.2 when using version 1.4.2. This might lead to breaking code or invalid results. Use at your own risk. For more info please refer to:
https://scikit-learn.org/stable/model_persistence.html#security-maintainability-limitations
  warnings.warn(

2025-04-06 10:53:50,229:WARNING:C:\Users\Administrator\Desktop\phishing detector project\.venv\lib\site-packages\pycaret\internal\pipeline.py:146: UserWarning: Version mismatch:
current: {'deps_info': {'pip': '25.0.1', 'setuptools': '65.5.0', 'pycaret': '3.3.1', 'IPython': '8.23.0', 'ipywidgets': '8.1.2', 'tqdm': '4.66.2', 'numpy': '1.26.4', 'pandas': '2.1.4', 'jinja2': '3.1.3', 'scipy': '1.11.4', 'joblib': '1.3.2', 'sklearn': '1.4.2', 'pyod': '1.1.3', 'imblearn': '0.12.2', 'category_encoders': '2.6.3', 'lightgbm': '4.3.0', 'numba': '0.59.1', 'requests': '2.31.0', 'matplotlib': '3.7.5', 'scikitplot': '0.3.7', 'yellowbrick': '1.5', 'plotly': '5.21.0', 'plotly-resampler': 'Not installed', 'kaleido': '0.2.1', 'schemdraw': '0.15', 'statsmodels': '0.14.2', 'sktime': '0.26.0', 'tbats': '1.1.3', 'pmdarima': '2.0.4', 'psutil': '5.9.8', 'markupsafe': '2.1.5', 'pickle5': 'Not installed', 'cloudpickle': '3.0.0', 'deprecation': '2.1.0', 'xxhash': '3.4.1', 'wurlitzer': 'Not installed'}, 'python': {'version': '3.10.11', 'machine': 'AMD64'}}
pickle: {'deps_info': {'pip': '23.1.2', 'setuptools': '67.7.2', 'pycaret': '3.0.4', 'IPython': '7.34.0', 'ipywidgets': '7.7.1', 'tqdm': '4.66.1', 'numpy': '1.23.5', 'pandas': '1.5.3', 'jinja2': '3.1.2', 'scipy': '1.10.1', 'joblib': '1.3.2', 'sklearn': '1.2.2', 'pyod': '1.1.0', 'imblearn': '0.10.1', 'category_encoders': '2.6.2', 'lightgbm': '4.0.0', 'numba': '0.56.4', 'requests': '2.31.0', 'matplotlib': '3.7.1', 'scikitplot': '0.3.7', 'yellowbrick': '1.5', 'plotly': '5.15.0', 'plotly-resampler': 'Not installed', 'kaleido': '0.2.1', 'schemdraw': '0.15', 'statsmodels': '0.14.0', 'sktime': '0.22.0', 'tbats': '1.1.3', 'pmdarima': '2.0.3', 'psutil': '5.9.5', 'markupsafe': '2.1.3', 'pickle5': 'Not installed', 'cloudpickle': '2.2.1', 'deprecation': '2.1.0', 'xxhash': '3.3.0', 'wurlitzer': '3.0.3'}, 'python': {'version': '3.10.12', 'machine': 'x86_64'}}
  warnings.warn(

2025-04-06 10:53:53,735:WARNING:
'cuml' is a soft dependency and not included in the pycaret installation. Please run: `pip install cuml` to install.
2025-04-06 10:53:53,735:WARNING:
'cuml' is a soft dependency and not included in the pycaret installation. Please run: `pip install cuml` to install.
2025-04-06 10:53:53,735:WARNING:
'cuml' is a soft dependency and not included in the pycaret installation. Please run: `pip install cuml` to install.
2025-04-06 10:53:53,735:WARNING:
'cuml' is a soft dependency and not included in the pycaret installation. Please run: `pip install cuml` to install.
2025-04-06 10:53:55,095:INFO:Initializing load_model()
2025-04-06 10:53:55,095:INFO:load_model(model_name=model/phishingdetection, platform=None, authentication=None, verbose=True)
2025-04-06 10:53:55,098:WARNING:C:\Users\Administrator\Desktop\phishing detector project\.venv\lib\site-packages\sklearn\base.py:376: InconsistentVersionWarning: Trying to unpickle estimator SimpleImputer from version 1.2.2 when using version 1.4.2. This might lead to breaking code or invalid results. Use at your own risk. For more info please refer to:
https://scikit-learn.org/stable/model_persistence.html#security-maintainability-limitations
  warnings.warn(

2025-04-06 10:53:55,099:WARNING:C:\Users\Administrator\Desktop\phishing detector project\.venv\lib\site-packages\sklearn\base.py:376: InconsistentVersionWarning: Trying to unpickle estimator PowerTransformer from version 1.2.2 when using version 1.4.2. This might lead to breaking code or invalid results. Use at your own risk. For more info please refer to:
https://scikit-learn.org/stable/model_persistence.html#security-maintainability-limitations
  warnings.warn(

2025-04-06 10:53:55,099:WARNING:C:\Users\Administrator\Desktop\phishing detector project\.venv\lib\site-packages\sklearn\base.py:376: InconsistentVersionWarning: Trying to unpickle estimator StandardScaler from version 1.2.2 when using version 1.4.2. This might lead to breaking code or invalid results. Use at your own risk. For more info please refer to:
https://scikit-learn.org/stable/model_persistence.html#security-maintainability-limitations
  warnings.warn(

2025-04-06 10:53:55,138:WARNING:C:\Users\Administrator\Desktop\phishing detector project\.venv\lib\site-packages\sklearn\base.py:376: InconsistentVersionWarning: Trying to unpickle estimator LabelEncoder from version 1.2.2 when using version 1.4.2. This might lead to breaking code or invalid results. Use at your own risk. For more info please refer to:
https://scikit-learn.org/stable/model_persistence.html#security-maintainability-limitations
  warnings.warn(

2025-04-06 10:53:55,149:WARNING:C:\Users\Administrator\Desktop\phishing detector project\.venv\lib\site-packages\pycaret\internal\pipeline.py:146: UserWarning: Version mismatch:
current: {'deps_info': {'pip': '25.0.1', 'setuptools': '65.5.0', 'pycaret': '3.3.1', 'IPython': '8.23.0', 'ipywidgets': '8.1.2', 'tqdm': '4.66.2', 'numpy': '1.26.4', 'pandas': '2.1.4', 'jinja2': '3.1.3', 'scipy': '1.11.4', 'joblib': '1.3.2', 'sklearn': '1.4.2', 'pyod': '1.1.3', 'imblearn': '0.12.2', 'category_encoders': '2.6.3', 'lightgbm': '4.3.0', 'numba': '0.59.1', 'requests': '2.31.0', 'matplotlib': '3.7.5', 'scikitplot': '0.3.7', 'yellowbrick': '1.5', 'plotly': '5.21.0', 'plotly-resampler': 'Not installed', 'kaleido': '0.2.1', 'schemdraw': '0.15', 'statsmodels': '0.14.2', 'sktime': '0.26.0', 'tbats': '1.1.3', 'pmdarima': '2.0.4', 'psutil': '5.9.8', 'markupsafe': '2.1.5', 'pickle5': 'Not installed', 'cloudpickle': '3.0.0', 'deprecation': '2.1.0', 'xxhash': '3.4.1', 'wurlitzer': 'Not installed'}, 'python': {'version': '3.10.11', 'machine': 'AMD64'}}
pickle: {'deps_info': {'pip': '23.1.2', 'setuptools': '67.7.2', 'pycaret': '3.0.4', 'IPython': '7.34.0', 'ipywidgets': '7.7.1', 'tqdm': '4.66.1', 'numpy': '1.23.5', 'pandas': '1.5.3', 'jinja2': '3.1.2', 'scipy': '1.10.1', 'joblib': '1.3.2', 'sklearn': '1.2.2', 'pyod': '1.1.0', 'imblearn': '0.10.1', 'category_encoders': '2.6.2', 'lightgbm': '4.0.0', 'numba': '0.56.4', 'requests': '2.31.0', 'matplotlib': '3.7.1', 'scikitplot': '0.3.7', 'yellowbrick': '1.5', 'plotly': '5.15.0', 'plotly-resampler': 'Not installed', 'kaleido': '0.2.1', 'schemdraw': '0.15', 'statsmodels': '0.14.0', 'sktime': '0.22.0', 'tbats': '1.1.3', 'pmdarima': '2.0.3', 'psutil': '5.9.5', 'markupsafe': '2.1.3', 'pickle5': 'Not installed', 'cloudpickle': '2.2.1', 'deprecation': '2.1.0', 'xxhash': '3.3.0', 'wurlitzer': '3.0.3'}, 'python': {'version': '3.10.12', 'machine': 'x86_64'}}
  warnings.warn(

2025-04-06 10:54:11,746:WARNING:C:\Users\Administrator\Desktop\phishing detector project\.venv\lib\site-packages\sklearn\base.py:376: InconsistentVersionWarning: Trying to unpickle estimator PCA from version 1.2.2 when using version 1.4.2. This might lead to breaking code or invalid results. Use at your own risk. For more info please refer to:
https://scikit-learn.org/stable/model_persistence.html#security-maintainability-limitations
  warnings.warn(

2025-04-06 10:54:11,797:INFO:Initializing predict_model()
2025-04-06 10:54:11,797:INFO:predict_model(self=<pycaret.classification.oop.ClassificationExperiment object at 0x000001DD692D4820>, estimator=Pipeline(memory=FastMemory(location=/tmp/joblib),
         steps=[('numerical_imputer',
                 TransformerWrapper(include=['domain_att', 'URL_Length',
                                             'URL_Depth'],
                                    transformer=SimpleImputer())),
                ('categorical_imputer',
                 TransformerWrapper(include=[],
                                    transformer=SimpleImputer(strategy='most_frequent'))),
                ('transformation',
                 TransformerWrapper(transformer=PowerTransformer(standardize=False))),
                ('normalize', TransformerWrapper(transformer=StandardScaler())),
                ('clean_column_names',
                 TransformerWrapper(transformer=CleanColumnNames())),
                ('trained_model', LGBMClassifier(n_jobs=-1, random_state=321))]), probability_threshold=None, encoded_labels=False, raw_score=False, round=4, verbose=True, ml_usecase=None, preprocess=True, encode_labels=<function _SupervisedExperiment.predict_model.<locals>.encode_labels at 0x000001DD692BE680>)
2025-04-06 10:54:11,797:INFO:Checking exceptions
2025-04-06 10:54:11,799:INFO:Preloading libraries
2025-04-06 10:54:11,799:INFO:Set up data.
2025-04-06 10:54:11,810:INFO:Set up index.
2025-04-06 10:54:16,540:WARNING:C:\Users\Administrator\Desktop\phishing detector project\.venv\lib\site-packages\sklearn\base.py:376: InconsistentVersionWarning: Trying to unpickle estimator PCA from version 1.2.2 when using version 1.4.2. This might lead to breaking code or invalid results. Use at your own risk. For more info please refer to:
https://scikit-learn.org/stable/model_persistence.html#security-maintainability-limitations
  warnings.warn(

2025-04-06 10:54:16,577:INFO:Initializing predict_model()
2025-04-06 10:54:16,577:INFO:predict_model(self=<pycaret.classification.oop.ClassificationExperiment object at 0x000001DD692D4580>, estimator=Pipeline(memory=FastMemory(location=/tmp/joblib),
         steps=[('numerical_imputer',
                 TransformerWrapper(include=['domain_att', 'URL_Length',
                                             'URL_Depth'],
                                    transformer=SimpleImputer())),
                ('categorical_imputer',
                 TransformerWrapper(include=[],
                                    transformer=SimpleImputer(strategy='most_frequent'))),
                ('transformation',
                 TransformerWrapper(transformer=PowerTransformer(standardize=False))),
                ('normalize', TransformerWrapper(transformer=StandardScaler())),
                ('clean_column_names',
                 TransformerWrapper(transformer=CleanColumnNames())),
                ('trained_model', LGBMClassifier(n_jobs=-1, random_state=321))]), probability_threshold=None, encoded_labels=False, raw_score=False, round=4, verbose=True, ml_usecase=None, preprocess=True, encode_labels=<function _SupervisedExperiment.predict_model.<locals>.encode_labels at 0x000001DD692BE7A0>)
2025-04-06 10:54:16,577:INFO:Checking exceptions
2025-04-06 10:54:16,577:INFO:Preloading libraries
2025-04-06 10:54:16,578:INFO:Set up data.
2025-04-06 10:54:16,585:INFO:Set up index.
2025-04-06 10:54:23,567:WARNING:C:\Users\Administrator\Desktop\phishing detector project\.venv\lib\site-packages\sklearn\base.py:376: InconsistentVersionWarning: Trying to unpickle estimator PCA from version 1.2.2 when using version 1.4.2. This might lead to breaking code or invalid results. Use at your own risk. For more info please refer to:
https://scikit-learn.org/stable/model_persistence.html#security-maintainability-limitations
  warnings.warn(

2025-04-06 10:54:23,591:INFO:Initializing predict_model()
2025-04-06 10:54:23,591:INFO:predict_model(self=<pycaret.classification.oop.ClassificationExperiment object at 0x000001DD692D4B50>, estimator=Pipeline(memory=FastMemory(location=/tmp/joblib),
         steps=[('numerical_imputer',
                 TransformerWrapper(include=['domain_att', 'URL_Length',
                                             'URL_Depth'],
                                    transformer=SimpleImputer())),
                ('categorical_imputer',
                 TransformerWrapper(include=[],
                                    transformer=SimpleImputer(strategy='most_frequent'))),
                ('transformation',
                 TransformerWrapper(transformer=PowerTransformer(standardize=False))),
                ('normalize', TransformerWrapper(transformer=StandardScaler())),
                ('clean_column_names',
                 TransformerWrapper(transformer=CleanColumnNames())),
                ('trained_model', LGBMClassifier(n_jobs=-1, random_state=321))]), probability_threshold=None, encoded_labels=False, raw_score=False, round=4, verbose=True, ml_usecase=None, preprocess=True, encode_labels=<function _SupervisedExperiment.predict_model.<locals>.encode_labels at 0x000001DD692BF880>)
2025-04-06 10:54:23,591:INFO:Checking exceptions
2025-04-06 10:54:23,591:INFO:Preloading libraries
2025-04-06 10:54:23,591:INFO:Set up data.
2025-04-06 10:54:23,606:INFO:Set up index.
2025-04-06 10:54:43,150:WARNING:C:\Users\Administrator\Desktop\phishing detector project\.venv\lib\site-packages\sklearn\base.py:376: InconsistentVersionWarning: Trying to unpickle estimator PCA from version 1.2.2 when using version 1.4.2. This might lead to breaking code or invalid results. Use at your own risk. For more info please refer to:
https://scikit-learn.org/stable/model_persistence.html#security-maintainability-limitations
  warnings.warn(

2025-04-06 10:54:43,187:INFO:Initializing predict_model()
2025-04-06 10:54:43,187:INFO:predict_model(self=<pycaret.classification.oop.ClassificationExperiment object at 0x000001DD692D55D0>, estimator=Pipeline(memory=FastMemory(location=/tmp/joblib),
         steps=[('numerical_imputer',
                 TransformerWrapper(include=['domain_att', 'URL_Length',
                                             'URL_Depth'],
                                    transformer=SimpleImputer())),
                ('categorical_imputer',
                 TransformerWrapper(include=[],
                                    transformer=SimpleImputer(strategy='most_frequent'))),
                ('transformation',
                 TransformerWrapper(transformer=PowerTransformer(standardize=False))),
                ('normalize', TransformerWrapper(transformer=StandardScaler())),
                ('clean_column_names',
                 TransformerWrapper(transformer=CleanColumnNames())),
                ('trained_model', LGBMClassifier(n_jobs=-1, random_state=321))]), probability_threshold=None, encoded_labels=False, raw_score=False, round=4, verbose=True, ml_usecase=None, preprocess=True, encode_labels=<function _SupervisedExperiment.predict_model.<locals>.encode_labels at 0x000001DD692BF880>)
2025-04-06 10:54:43,188:INFO:Checking exceptions
2025-04-06 10:54:43,188:INFO:Preloading libraries
2025-04-06 10:54:43,189:INFO:Set up data.
2025-04-06 10:54:43,201:INFO:Set up index.
2025-04-09 17:56:49,230:WARNING:
'cuml' is a soft dependency and not included in the pycaret installation. Please run: `pip install cuml` to install.
2025-04-09 17:56:49,230:WARNING:
'cuml' is a soft dependency and not included in the pycaret installation. Please run: `pip install cuml` to install.
2025-04-09 17:56:49,230:WARNING:
'cuml' is a soft dependency and not included in the pycaret installation. Please run: `pip install cuml` to install.
2025-04-09 17:56:49,230:WARNING:
'cuml' is a soft dependency and not included in the pycaret installation. Please run: `pip install cuml` to install.
2025-04-09 17:56:51,945:INFO:Initializing load_model()
2025-04-09 17:56:51,945:INFO:load_model(model_name=model/phishingdetection, platform=None, authentication=None, verbose=True)
2025-04-09 17:56:51,953:WARNING:C:\Users\Administrator\Desktop\phishing detector project\.venv\lib\site-packages\sklearn\base.py:376: InconsistentVersionWarning: Trying to unpickle estimator SimpleImputer from version 1.2.2 when using version 1.4.2. This might lead to breaking code or invalid results. Use at your own risk. For more info please refer to:
https://scikit-learn.org/stable/model_persistence.html#security-maintainability-limitations
  warnings.warn(

2025-04-09 17:56:51,953:WARNING:C:\Users\Administrator\Desktop\phishing detector project\.venv\lib\site-packages\sklearn\base.py:376: InconsistentVersionWarning: Trying to unpickle estimator PowerTransformer from version 1.2.2 when using version 1.4.2. This might lead to breaking code or invalid results. Use at your own risk. For more info please refer to:
https://scikit-learn.org/stable/model_persistence.html#security-maintainability-limitations
  warnings.warn(

2025-04-09 17:56:51,953:WARNING:C:\Users\Administrator\Desktop\phishing detector project\.venv\lib\site-packages\sklearn\base.py:376: InconsistentVersionWarning: Trying to unpickle estimator StandardScaler from version 1.2.2 when using version 1.4.2. This might lead to breaking code or invalid results. Use at your own risk. For more info please refer to:
https://scikit-learn.org/stable/model_persistence.html#security-maintainability-limitations
  warnings.warn(

2025-04-09 17:56:52,030:WARNING:C:\Users\Administrator\Desktop\phishing detector project\.venv\lib\site-packages\sklearn\base.py:376: InconsistentVersionWarning: Trying to unpickle estimator LabelEncoder from version 1.2.2 when using version 1.4.2. This might lead to breaking code or invalid results. Use at your own risk. For more info please refer to:
https://scikit-learn.org/stable/model_persistence.html#security-maintainability-limitations
  warnings.warn(

2025-04-09 17:56:52,043:WARNING:C:\Users\Administrator\Desktop\phishing detector project\.venv\lib\site-packages\pycaret\internal\pipeline.py:146: UserWarning: Version mismatch:
current: {'deps_info': {'pip': '25.0.1', 'setuptools': '65.5.0', 'pycaret': '3.3.1', 'IPython': '8.23.0', 'ipywidgets': '8.1.2', 'tqdm': '4.66.2', 'numpy': '1.26.4', 'pandas': '2.1.4', 'jinja2': '3.1.3', 'scipy': '1.11.4', 'joblib': '1.3.2', 'sklearn': '1.4.2', 'pyod': '1.1.3', 'imblearn': '0.12.2', 'category_encoders': '2.6.3', 'lightgbm': '4.3.0', 'numba': '0.59.1', 'requests': '2.31.0', 'matplotlib': '3.7.5', 'scikitplot': '0.3.7', 'yellowbrick': '1.5', 'plotly': '5.21.0', 'plotly-resampler': 'Not installed', 'kaleido': '0.2.1', 'schemdraw': '0.15', 'statsmodels': '0.14.2', 'sktime': '0.26.0', 'tbats': '1.1.3', 'pmdarima': '2.0.4', 'psutil': '5.9.8', 'markupsafe': '2.1.5', 'pickle5': 'Not installed', 'cloudpickle': '3.0.0', 'deprecation': '2.1.0', 'xxhash': '3.4.1', 'wurlitzer': 'Not installed'}, 'python': {'version': '3.10.11', 'machine': 'AMD64'}}
pickle: {'deps_info': {'pip': '23.1.2', 'setuptools': '67.7.2', 'pycaret': '3.0.4', 'IPython': '7.34.0', 'ipywidgets': '7.7.1', 'tqdm': '4.66.1', 'numpy': '1.23.5', 'pandas': '1.5.3', 'jinja2': '3.1.2', 'scipy': '1.10.1', 'joblib': '1.3.2', 'sklearn': '1.2.2', 'pyod': '1.1.0', 'imblearn': '0.10.1', 'category_encoders': '2.6.2', 'lightgbm': '4.0.0', 'numba': '0.56.4', 'requests': '2.31.0', 'matplotlib': '3.7.1', 'scikitplot': '0.3.7', 'yellowbrick': '1.5', 'plotly': '5.15.0', 'plotly-resampler': 'Not installed', 'kaleido': '0.2.1', 'schemdraw': '0.15', 'statsmodels': '0.14.0', 'sktime': '0.22.0', 'tbats': '1.1.3', 'pmdarima': '2.0.3', 'psutil': '5.9.5', 'markupsafe': '2.1.3', 'pickle5': 'Not installed', 'cloudpickle': '2.2.1', 'deprecation': '2.1.0', 'xxhash': '3.3.0', 'wurlitzer': '3.0.3'}, 'python': {'version': '3.10.12', 'machine': 'x86_64'}}
  warnings.warn(

2025-04-09 17:56:55,603:WARNING:
'cuml' is a soft dependency and not included in the pycaret installation. Please run: `pip install cuml` to install.
2025-04-09 17:56:55,603:WARNING:
'cuml' is a soft dependency and not included in the pycaret installation. Please run: `pip install cuml` to install.
2025-04-09 17:56:55,603:WARNING:
'cuml' is a soft dependency and not included in the pycaret installation. Please run: `pip install cuml` to install.
2025-04-09 17:56:55,603:WARNING:
'cuml' is a soft dependency and not included in the pycaret installation. Please run: `pip install cuml` to install.
2025-04-09 17:56:56,964:INFO:Initializing load_model()
2025-04-09 17:56:56,964:INFO:load_model(model_name=model/phishingdetection, platform=None, authentication=None, verbose=True)
2025-04-09 17:56:56,964:WARNING:C:\Users\Administrator\Desktop\phishing detector project\.venv\lib\site-packages\sklearn\base.py:376: InconsistentVersionWarning: Trying to unpickle estimator SimpleImputer from version 1.2.2 when using version 1.4.2. This might lead to breaking code or invalid results. Use at your own risk. For more info please refer to:
https://scikit-learn.org/stable/model_persistence.html#security-maintainability-limitations
  warnings.warn(

2025-04-09 17:56:56,973:WARNING:C:\Users\Administrator\Desktop\phishing detector project\.venv\lib\site-packages\sklearn\base.py:376: InconsistentVersionWarning: Trying to unpickle estimator PowerTransformer from version 1.2.2 when using version 1.4.2. This might lead to breaking code or invalid results. Use at your own risk. For more info please refer to:
https://scikit-learn.org/stable/model_persistence.html#security-maintainability-limitations
  warnings.warn(

2025-04-09 17:56:56,973:WARNING:C:\Users\Administrator\Desktop\phishing detector project\.venv\lib\site-packages\sklearn\base.py:376: InconsistentVersionWarning: Trying to unpickle estimator StandardScaler from version 1.2.2 when using version 1.4.2. This might lead to breaking code or invalid results. Use at your own risk. For more info please refer to:
https://scikit-learn.org/stable/model_persistence.html#security-maintainability-limitations
  warnings.warn(

2025-04-09 17:56:57,012:WARNING:C:\Users\Administrator\Desktop\phishing detector project\.venv\lib\site-packages\sklearn\base.py:376: InconsistentVersionWarning: Trying to unpickle estimator LabelEncoder from version 1.2.2 when using version 1.4.2. This might lead to breaking code or invalid results. Use at your own risk. For more info please refer to:
https://scikit-learn.org/stable/model_persistence.html#security-maintainability-limitations
  warnings.warn(

2025-04-09 17:56:57,021:WARNING:C:\Users\Administrator\Desktop\phishing detector project\.venv\lib\site-packages\pycaret\internal\pipeline.py:146: UserWarning: Version mismatch:
current: {'deps_info': {'pip': '25.0.1', 'setuptools': '65.5.0', 'pycaret': '3.3.1', 'IPython': '8.23.0', 'ipywidgets': '8.1.2', 'tqdm': '4.66.2', 'numpy': '1.26.4', 'pandas': '2.1.4', 'jinja2': '3.1.3', 'scipy': '1.11.4', 'joblib': '1.3.2', 'sklearn': '1.4.2', 'pyod': '1.1.3', 'imblearn': '0.12.2', 'category_encoders': '2.6.3', 'lightgbm': '4.3.0', 'numba': '0.59.1', 'requests': '2.31.0', 'matplotlib': '3.7.5', 'scikitplot': '0.3.7', 'yellowbrick': '1.5', 'plotly': '5.21.0', 'plotly-resampler': 'Not installed', 'kaleido': '0.2.1', 'schemdraw': '0.15', 'statsmodels': '0.14.2', 'sktime': '0.26.0', 'tbats': '1.1.3', 'pmdarima': '2.0.4', 'psutil': '5.9.8', 'markupsafe': '2.1.5', 'pickle5': 'Not installed', 'cloudpickle': '3.0.0', 'deprecation': '2.1.0', 'xxhash': '3.4.1', 'wurlitzer': 'Not installed'}, 'python': {'version': '3.10.11', 'machine': 'AMD64'}}
pickle: {'deps_info': {'pip': '23.1.2', 'setuptools': '67.7.2', 'pycaret': '3.0.4', 'IPython': '7.34.0', 'ipywidgets': '7.7.1', 'tqdm': '4.66.1', 'numpy': '1.23.5', 'pandas': '1.5.3', 'jinja2': '3.1.2', 'scipy': '1.10.1', 'joblib': '1.3.2', 'sklearn': '1.2.2', 'pyod': '1.1.0', 'imblearn': '0.10.1', 'category_encoders': '2.6.2', 'lightgbm': '4.0.0', 'numba': '0.56.4', 'requests': '2.31.0', 'matplotlib': '3.7.1', 'scikitplot': '0.3.7', 'yellowbrick': '1.5', 'plotly': '5.15.0', 'plotly-resampler': 'Not installed', 'kaleido': '0.2.1', 'schemdraw': '0.15', 'statsmodels': '0.14.0', 'sktime': '0.22.0', 'tbats': '1.1.3', 'pmdarima': '2.0.3', 'psutil': '5.9.5', 'markupsafe': '2.1.3', 'pickle5': 'Not installed', 'cloudpickle': '2.2.1', 'deprecation': '2.1.0', 'xxhash': '3.3.0', 'wurlitzer': '3.0.3'}, 'python': {'version': '3.10.12', 'machine': 'x86_64'}}
  warnings.warn(

2025-04-09 17:57:11,905:WARNING:C:\Users\Administrator\Desktop\phishing detector project\.venv\lib\site-packages\sklearn\base.py:376: InconsistentVersionWarning: Trying to unpickle estimator PCA from version 1.2.2 when using version 1.4.2. This might lead to breaking code or invalid results. Use at your own risk. For more info please refer to:
https://scikit-learn.org/stable/model_persistence.html#security-maintainability-limitations
  warnings.warn(

2025-04-09 17:57:11,950:INFO:Initializing predict_model()
2025-04-09 17:57:11,950:INFO:predict_model(self=<pycaret.classification.oop.ClassificationExperiment object at 0x0000020DB8053EB0>, estimator=Pipeline(memory=FastMemory(location=/tmp/joblib),
         steps=[('numerical_imputer',
                 TransformerWrapper(include=['domain_att', 'URL_Length',
                                             'URL_Depth'],
                                    transformer=SimpleImputer())),
                ('categorical_imputer',
                 TransformerWrapper(include=[],
                                    transformer=SimpleImputer(strategy='most_frequent'))),
                ('transformation',
                 TransformerWrapper(transformer=PowerTransformer(standardize=False))),
                ('normalize', TransformerWrapper(transformer=StandardScaler())),
                ('clean_column_names',
                 TransformerWrapper(transformer=CleanColumnNames())),
                ('trained_model', LGBMClassifier(n_jobs=-1, random_state=321))]), probability_threshold=None, encoded_labels=False, raw_score=False, round=4, verbose=True, ml_usecase=None, preprocess=True, encode_labels=<function _SupervisedExperiment.predict_model.<locals>.encode_labels at 0x0000020DB7FFEEF0>)
2025-04-09 17:57:11,950:INFO:Checking exceptions
2025-04-09 17:57:11,950:INFO:Preloading libraries
2025-04-09 17:57:11,950:INFO:Set up data.
2025-04-09 17:57:11,964:INFO:Set up index.
2025-04-16 10:15:16,942:WARNING:
'cuml' is a soft dependency and not included in the pycaret installation. Please run: `pip install cuml` to install.
2025-04-16 10:15:16,944:WARNING:
'cuml' is a soft dependency and not included in the pycaret installation. Please run: `pip install cuml` to install.
2025-04-16 10:15:16,944:WARNING:
'cuml' is a soft dependency and not included in the pycaret installation. Please run: `pip install cuml` to install.
2025-04-16 10:15:16,944:WARNING:
'cuml' is a soft dependency and not included in the pycaret installation. Please run: `pip install cuml` to install.
2025-04-16 10:15:19,577:INFO:Initializing load_model()
2025-04-16 10:15:19,577:INFO:load_model(model_name=model/phishingdetection, platform=None, authentication=None, verbose=True)
2025-04-16 10:15:19,587:WARNING:C:\Users\Administrator\Desktop\phishing detector project\.venv\lib\site-packages\sklearn\base.py:376: InconsistentVersionWarning: Trying to unpickle estimator SimpleImputer from version 1.2.2 when using version 1.4.2. This might lead to breaking code or invalid results. Use at your own risk. For more info please refer to:
https://scikit-learn.org/stable/model_persistence.html#security-maintainability-limitations
  warnings.warn(

2025-04-16 10:15:19,589:WARNING:C:\Users\Administrator\Desktop\phishing detector project\.venv\lib\site-packages\sklearn\base.py:376: InconsistentVersionWarning: Trying to unpickle estimator PowerTransformer from version 1.2.2 when using version 1.4.2. This might lead to breaking code or invalid results. Use at your own risk. For more info please refer to:
https://scikit-learn.org/stable/model_persistence.html#security-maintainability-limitations
  warnings.warn(

2025-04-16 10:15:19,589:WARNING:C:\Users\Administrator\Desktop\phishing detector project\.venv\lib\site-packages\sklearn\base.py:376: InconsistentVersionWarning: Trying to unpickle estimator StandardScaler from version 1.2.2 when using version 1.4.2. This might lead to breaking code or invalid results. Use at your own risk. For more info please refer to:
https://scikit-learn.org/stable/model_persistence.html#security-maintainability-limitations
  warnings.warn(

2025-04-16 10:15:19,667:WARNING:C:\Users\Administrator\Desktop\phishing detector project\.venv\lib\site-packages\sklearn\base.py:376: InconsistentVersionWarning: Trying to unpickle estimator LabelEncoder from version 1.2.2 when using version 1.4.2. This might lead to breaking code or invalid results. Use at your own risk. For more info please refer to:
https://scikit-learn.org/stable/model_persistence.html#security-maintainability-limitations
  warnings.warn(

2025-04-16 10:15:19,676:WARNING:C:\Users\Administrator\Desktop\phishing detector project\.venv\lib\site-packages\pycaret\internal\pipeline.py:146: UserWarning: Version mismatch:
current: {'deps_info': {'pip': '25.0.1', 'setuptools': '65.5.0', 'pycaret': '3.3.1', 'IPython': '8.23.0', 'ipywidgets': '8.1.2', 'tqdm': '4.66.2', 'numpy': '1.26.4', 'pandas': '2.1.4', 'jinja2': '3.1.3', 'scipy': '1.11.4', 'joblib': '1.3.2', 'sklearn': '1.4.2', 'pyod': '1.1.3', 'imblearn': '0.12.2', 'category_encoders': '2.6.3', 'lightgbm': '4.3.0', 'numba': '0.59.1', 'requests': '2.31.0', 'matplotlib': '3.7.5', 'scikitplot': '0.3.7', 'yellowbrick': '1.5', 'plotly': '5.21.0', 'plotly-resampler': 'Not installed', 'kaleido': '0.2.1', 'schemdraw': '0.15', 'statsmodels': '0.14.2', 'sktime': '0.26.0', 'tbats': '1.1.3', 'pmdarima': '2.0.4', 'psutil': '5.9.8', 'markupsafe': '2.1.5', 'pickle5': 'Not installed', 'cloudpickle': '3.0.0', 'deprecation': '2.1.0', 'xxhash': '3.4.1', 'wurlitzer': 'Not installed'}, 'python': {'version': '3.10.11', 'machine': 'AMD64'}}
pickle: {'deps_info': {'pip': '23.1.2', 'setuptools': '67.7.2', 'pycaret': '3.0.4', 'IPython': '7.34.0', 'ipywidgets': '7.7.1', 'tqdm': '4.66.1', 'numpy': '1.23.5', 'pandas': '1.5.3', 'jinja2': '3.1.2', 'scipy': '1.10.1', 'joblib': '1.3.2', 'sklearn': '1.2.2', 'pyod': '1.1.0', 'imblearn': '0.10.1', 'category_encoders': '2.6.2', 'lightgbm': '4.0.0', 'numba': '0.56.4', 'requests': '2.31.0', 'matplotlib': '3.7.1', 'scikitplot': '0.3.7', 'yellowbrick': '1.5', 'plotly': '5.15.0', 'plotly-resampler': 'Not installed', 'kaleido': '0.2.1', 'schemdraw': '0.15', 'statsmodels': '0.14.0', 'sktime': '0.22.0', 'tbats': '1.1.3', 'pmdarima': '2.0.3', 'psutil': '5.9.5', 'markupsafe': '2.1.3', 'pickle5': 'Not installed', 'cloudpickle': '2.2.1', 'deprecation': '2.1.0', 'xxhash': '3.3.0', 'wurlitzer': '3.0.3'}, 'python': {'version': '3.10.12', 'machine': 'x86_64'}}
  warnings.warn(

2025-04-16 10:15:20,435:WARNING:C:\Users\Administrator\Desktop\phishing detector project\.venv\lib\site-packages\sklearn\base.py:376: InconsistentVersionWarning: Trying to unpickle estimator PCA from version 1.2.2 when using version 1.4.2. This might lead to breaking code or invalid results. Use at your own risk. For more info please refer to:
https://scikit-learn.org/stable/model_persistence.html#security-maintainability-limitations
  warnings.warn(

2025-04-16 10:15:20,481:INFO:Initializing predict_model()
2025-04-16 10:15:20,481:INFO:predict_model(self=<pycaret.classification.oop.ClassificationExperiment object at 0x000001B8DA32BB80>, estimator=Pipeline(memory=FastMemory(location=/tmp/joblib),
         steps=[('numerical_imputer',
                 TransformerWrapper(include=['domain_att', 'URL_Length',
                                             'URL_Depth'],
                                    transformer=SimpleImputer())),
                ('categorical_imputer',
                 TransformerWrapper(include=[],
                                    transformer=SimpleImputer(strategy='most_frequent'))),
                ('transformation',
                 TransformerWrapper(transformer=PowerTransformer(standardize=False))),
                ('normalize', TransformerWrapper(transformer=StandardScaler())),
                ('clean_column_names',
                 TransformerWrapper(transformer=CleanColumnNames())),
                ('trained_model', LGBMClassifier(n_jobs=-1, random_state=321))]), probability_threshold=None, encoded_labels=False, raw_score=False, round=4, verbose=True, ml_usecase=None, preprocess=True, encode_labels=<function _SupervisedExperiment.predict_model.<locals>.encode_labels at 0x000001B8DA4103A0>)
2025-04-16 10:15:20,481:INFO:Checking exceptions
2025-04-16 10:15:20,481:INFO:Preloading libraries
2025-04-16 10:15:20,481:INFO:Set up data.
2025-04-16 10:15:20,493:INFO:Set up index.
2025-04-16 10:15:20,765:WARNING:C:\Users\Administrator\Desktop\phishing detector project\.venv\lib\site-packages\sklearn\base.py:376: InconsistentVersionWarning: Trying to unpickle estimator PCA from version 1.2.2 when using version 1.4.2. This might lead to breaking code or invalid results. Use at your own risk. For more info please refer to:
https://scikit-learn.org/stable/model_persistence.html#security-maintainability-limitations
  warnings.warn(

2025-04-16 10:15:20,783:INFO:Initializing predict_model()
2025-04-16 10:15:20,783:INFO:predict_model(self=<pycaret.classification.oop.ClassificationExperiment object at 0x000001B8B2538B20>, estimator=Pipeline(memory=FastMemory(location=/tmp/joblib),
         steps=[('numerical_imputer',
                 TransformerWrapper(include=['domain_att', 'URL_Length',
                                             'URL_Depth'],
                                    transformer=SimpleImputer())),
                ('categorical_imputer',
                 TransformerWrapper(include=[],
                                    transformer=SimpleImputer(strategy='most_frequent'))),
                ('transformation',
                 TransformerWrapper(transformer=PowerTransformer(standardize=False))),
                ('normalize', TransformerWrapper(transformer=StandardScaler())),
                ('clean_column_names',
                 TransformerWrapper(transformer=CleanColumnNames())),
                ('trained_model', LGBMClassifier(n_jobs=-1, random_state=321))]), probability_threshold=None, encoded_labels=False, raw_score=False, round=4, verbose=True, ml_usecase=None, preprocess=True, encode_labels=<function _SupervisedExperiment.predict_model.<locals>.encode_labels at 0x000001B8DA3D79A0>)
2025-04-16 10:15:20,783:INFO:Checking exceptions
2025-04-16 10:15:20,783:INFO:Preloading libraries
2025-04-16 10:15:20,783:INFO:Set up data.
2025-04-16 10:15:20,783:INFO:Set up index.
2025-04-16 10:15:21,249:WARNING:C:\Users\Administrator\Desktop\phishing detector project\.venv\lib\site-packages\sklearn\base.py:376: InconsistentVersionWarning: Trying to unpickle estimator PCA from version 1.2.2 when using version 1.4.2. This might lead to breaking code or invalid results. Use at your own risk. For more info please refer to:
https://scikit-learn.org/stable/model_persistence.html#security-maintainability-limitations
  warnings.warn(

2025-04-16 10:15:21,290:INFO:Initializing predict_model()
2025-04-16 10:15:21,290:INFO:predict_model(self=<pycaret.classification.oop.ClassificationExperiment object at 0x000001B8B2539210>, estimator=Pipeline(memory=FastMemory(location=/tmp/joblib),
         steps=[('numerical_imputer',
                 TransformerWrapper(include=['domain_att', 'URL_Length',
                                             'URL_Depth'],
                                    transformer=SimpleImputer())),
                ('categorical_imputer',
                 TransformerWrapper(include=[],
                                    transformer=SimpleImputer(strategy='most_frequent'))),
                ('transformation',
                 TransformerWrapper(transformer=PowerTransformer(standardize=False))),
                ('normalize', TransformerWrapper(transformer=StandardScaler())),
                ('clean_column_names',
                 TransformerWrapper(transformer=CleanColumnNames())),
                ('trained_model', LGBMClassifier(n_jobs=-1, random_state=321))]), probability_threshold=None, encoded_labels=False, raw_score=False, round=4, verbose=True, ml_usecase=None, preprocess=True, encode_labels=<function _SupervisedExperiment.predict_model.<locals>.encode_labels at 0x000001B8DA3D79A0>)
2025-04-16 10:15:21,290:INFO:Checking exceptions
2025-04-16 10:15:21,292:INFO:Preloading libraries
2025-04-16 10:15:21,292:INFO:Set up data.
2025-04-16 10:15:21,296:INFO:Set up index.
2025-04-16 10:15:22,144:WARNING:C:\Users\Administrator\Desktop\phishing detector project\.venv\lib\site-packages\sklearn\base.py:376: InconsistentVersionWarning: Trying to unpickle estimator PCA from version 1.2.2 when using version 1.4.2. This might lead to breaking code or invalid results. Use at your own risk. For more info please refer to:
https://scikit-learn.org/stable/model_persistence.html#security-maintainability-limitations
  warnings.warn(

2025-04-16 10:15:22,144:INFO:Initializing predict_model()
2025-04-16 10:15:22,144:INFO:predict_model(self=<pycaret.classification.oop.ClassificationExperiment object at 0x000001B8DA374250>, estimator=Pipeline(memory=FastMemory(location=/tmp/joblib),
         steps=[('numerical_imputer',
                 TransformerWrapper(include=['domain_att', 'URL_Length',
                                             'URL_Depth'],
                                    transformer=SimpleImputer())),
                ('categorical_imputer',
                 TransformerWrapper(include=[],
                                    transformer=SimpleImputer(strategy='most_frequent'))),
                ('transformation',
                 TransformerWrapper(transformer=PowerTransformer(standardize=False))),
                ('normalize', TransformerWrapper(transformer=StandardScaler())),
                ('clean_column_names',
                 TransformerWrapper(transformer=CleanColumnNames())),
                ('trained_model', LGBMClassifier(n_jobs=-1, random_state=321))]), probability_threshold=None, encoded_labels=False, raw_score=False, round=4, verbose=True, ml_usecase=None, preprocess=True, encode_labels=<function _SupervisedExperiment.predict_model.<locals>.encode_labels at 0x000001B8DA410430>)
2025-04-16 10:15:22,144:INFO:Checking exceptions
2025-04-16 10:15:22,144:INFO:Preloading libraries
2025-04-16 10:15:22,144:INFO:Set up data.
2025-04-16 10:15:22,158:INFO:Set up index.
2025-04-16 10:15:36,336:WARNING:
'cuml' is a soft dependency and not included in the pycaret installation. Please run: `pip install cuml` to install.
2025-04-16 10:15:36,336:WARNING:
'cuml' is a soft dependency and not included in the pycaret installation. Please run: `pip install cuml` to install.
2025-04-16 10:15:36,337:WARNING:
'cuml' is a soft dependency and not included in the pycaret installation. Please run: `pip install cuml` to install.
2025-04-16 10:15:36,337:WARNING:
'cuml' is a soft dependency and not included in the pycaret installation. Please run: `pip install cuml` to install.
2025-04-16 10:15:37,487:INFO:Initializing load_model()
2025-04-16 10:15:37,487:INFO:load_model(model_name=model/phishingdetection, platform=None, authentication=None, verbose=True)
2025-04-16 10:15:37,488:WARNING:C:\Users\Administrator\Desktop\phishing detector project\.venv\lib\site-packages\sklearn\base.py:376: InconsistentVersionWarning: Trying to unpickle estimator SimpleImputer from version 1.2.2 when using version 1.4.2. This might lead to breaking code or invalid results. Use at your own risk. For more info please refer to:
https://scikit-learn.org/stable/model_persistence.html#security-maintainability-limitations
  warnings.warn(

2025-04-16 10:15:37,488:WARNING:C:\Users\Administrator\Desktop\phishing detector project\.venv\lib\site-packages\sklearn\base.py:376: InconsistentVersionWarning: Trying to unpickle estimator PowerTransformer from version 1.2.2 when using version 1.4.2. This might lead to breaking code or invalid results. Use at your own risk. For more info please refer to:
https://scikit-learn.org/stable/model_persistence.html#security-maintainability-limitations
  warnings.warn(

2025-04-16 10:15:37,490:WARNING:C:\Users\Administrator\Desktop\phishing detector project\.venv\lib\site-packages\sklearn\base.py:376: InconsistentVersionWarning: Trying to unpickle estimator StandardScaler from version 1.2.2 when using version 1.4.2. This might lead to breaking code or invalid results. Use at your own risk. For more info please refer to:
https://scikit-learn.org/stable/model_persistence.html#security-maintainability-limitations
  warnings.warn(

2025-04-16 10:15:37,525:WARNING:C:\Users\Administrator\Desktop\phishing detector project\.venv\lib\site-packages\sklearn\base.py:376: InconsistentVersionWarning: Trying to unpickle estimator LabelEncoder from version 1.2.2 when using version 1.4.2. This might lead to breaking code or invalid results. Use at your own risk. For more info please refer to:
https://scikit-learn.org/stable/model_persistence.html#security-maintainability-limitations
  warnings.warn(

2025-04-16 10:15:37,535:WARNING:C:\Users\Administrator\Desktop\phishing detector project\.venv\lib\site-packages\pycaret\internal\pipeline.py:146: UserWarning: Version mismatch:
current: {'deps_info': {'pip': '25.0.1', 'setuptools': '65.5.0', 'pycaret': '3.3.1', 'IPython': '8.23.0', 'ipywidgets': '8.1.2', 'tqdm': '4.66.2', 'numpy': '1.26.4', 'pandas': '2.1.4', 'jinja2': '3.1.3', 'scipy': '1.11.4', 'joblib': '1.3.2', 'sklearn': '1.4.2', 'pyod': '1.1.3', 'imblearn': '0.12.2', 'category_encoders': '2.6.3', 'lightgbm': '4.3.0', 'numba': '0.59.1', 'requests': '2.31.0', 'matplotlib': '3.7.5', 'scikitplot': '0.3.7', 'yellowbrick': '1.5', 'plotly': '5.21.0', 'plotly-resampler': 'Not installed', 'kaleido': '0.2.1', 'schemdraw': '0.15', 'statsmodels': '0.14.2', 'sktime': '0.26.0', 'tbats': '1.1.3', 'pmdarima': '2.0.4', 'psutil': '5.9.8', 'markupsafe': '2.1.5', 'pickle5': 'Not installed', 'cloudpickle': '3.0.0', 'deprecation': '2.1.0', 'xxhash': '3.4.1', 'wurlitzer': 'Not installed'}, 'python': {'version': '3.10.11', 'machine': 'AMD64'}}
pickle: {'deps_info': {'pip': '23.1.2', 'setuptools': '67.7.2', 'pycaret': '3.0.4', 'IPython': '7.34.0', 'ipywidgets': '7.7.1', 'tqdm': '4.66.1', 'numpy': '1.23.5', 'pandas': '1.5.3', 'jinja2': '3.1.2', 'scipy': '1.10.1', 'joblib': '1.3.2', 'sklearn': '1.2.2', 'pyod': '1.1.0', 'imblearn': '0.10.1', 'category_encoders': '2.6.2', 'lightgbm': '4.0.0', 'numba': '0.56.4', 'requests': '2.31.0', 'matplotlib': '3.7.1', 'scikitplot': '0.3.7', 'yellowbrick': '1.5', 'plotly': '5.15.0', 'plotly-resampler': 'Not installed', 'kaleido': '0.2.1', 'schemdraw': '0.15', 'statsmodels': '0.14.0', 'sktime': '0.22.0', 'tbats': '1.1.3', 'pmdarima': '2.0.3', 'psutil': '5.9.5', 'markupsafe': '2.1.3', 'pickle5': 'Not installed', 'cloudpickle': '2.2.1', 'deprecation': '2.1.0', 'xxhash': '3.3.0', 'wurlitzer': '3.0.3'}, 'python': {'version': '3.10.12', 'machine': 'x86_64'}}
  warnings.warn(

2025-04-16 10:15:41,038:WARNING:
'cuml' is a soft dependency and not included in the pycaret installation. Please run: `pip install cuml` to install.
2025-04-16 10:15:41,038:WARNING:
'cuml' is a soft dependency and not included in the pycaret installation. Please run: `pip install cuml` to install.
2025-04-16 10:15:41,038:WARNING:
'cuml' is a soft dependency and not included in the pycaret installation. Please run: `pip install cuml` to install.
2025-04-16 10:15:41,038:WARNING:
'cuml' is a soft dependency and not included in the pycaret installation. Please run: `pip install cuml` to install.
2025-04-16 10:15:42,213:INFO:Initializing load_model()
2025-04-16 10:15:42,213:INFO:load_model(model_name=model/phishingdetection, platform=None, authentication=None, verbose=True)
2025-04-16 10:15:42,213:WARNING:C:\Users\Administrator\Desktop\phishing detector project\.venv\lib\site-packages\sklearn\base.py:376: InconsistentVersionWarning: Trying to unpickle estimator SimpleImputer from version 1.2.2 when using version 1.4.2. This might lead to breaking code or invalid results. Use at your own risk. For more info please refer to:
https://scikit-learn.org/stable/model_persistence.html#security-maintainability-limitations
  warnings.warn(

2025-04-16 10:15:42,213:WARNING:C:\Users\Administrator\Desktop\phishing detector project\.venv\lib\site-packages\sklearn\base.py:376: InconsistentVersionWarning: Trying to unpickle estimator PowerTransformer from version 1.2.2 when using version 1.4.2. This might lead to breaking code or invalid results. Use at your own risk. For more info please refer to:
https://scikit-learn.org/stable/model_persistence.html#security-maintainability-limitations
  warnings.warn(

2025-04-16 10:15:42,228:WARNING:C:\Users\Administrator\Desktop\phishing detector project\.venv\lib\site-packages\sklearn\base.py:376: InconsistentVersionWarning: Trying to unpickle estimator StandardScaler from version 1.2.2 when using version 1.4.2. This might lead to breaking code or invalid results. Use at your own risk. For more info please refer to:
https://scikit-learn.org/stable/model_persistence.html#security-maintainability-limitations
  warnings.warn(

2025-04-16 10:15:42,268:WARNING:C:\Users\Administrator\Desktop\phishing detector project\.venv\lib\site-packages\sklearn\base.py:376: InconsistentVersionWarning: Trying to unpickle estimator LabelEncoder from version 1.2.2 when using version 1.4.2. This might lead to breaking code or invalid results. Use at your own risk. For more info please refer to:
https://scikit-learn.org/stable/model_persistence.html#security-maintainability-limitations
  warnings.warn(

2025-04-16 10:15:42,279:WARNING:C:\Users\Administrator\Desktop\phishing detector project\.venv\lib\site-packages\pycaret\internal\pipeline.py:146: UserWarning: Version mismatch:
current: {'deps_info': {'pip': '25.0.1', 'setuptools': '65.5.0', 'pycaret': '3.3.1', 'IPython': '8.23.0', 'ipywidgets': '8.1.2', 'tqdm': '4.66.2', 'numpy': '1.26.4', 'pandas': '2.1.4', 'jinja2': '3.1.3', 'scipy': '1.11.4', 'joblib': '1.3.2', 'sklearn': '1.4.2', 'pyod': '1.1.3', 'imblearn': '0.12.2', 'category_encoders': '2.6.3', 'lightgbm': '4.3.0', 'numba': '0.59.1', 'requests': '2.31.0', 'matplotlib': '3.7.5', 'scikitplot': '0.3.7', 'yellowbrick': '1.5', 'plotly': '5.21.0', 'plotly-resampler': 'Not installed', 'kaleido': '0.2.1', 'schemdraw': '0.15', 'statsmodels': '0.14.2', 'sktime': '0.26.0', 'tbats': '1.1.3', 'pmdarima': '2.0.4', 'psutil': '5.9.8', 'markupsafe': '2.1.5', 'pickle5': 'Not installed', 'cloudpickle': '3.0.0', 'deprecation': '2.1.0', 'xxhash': '3.4.1', 'wurlitzer': 'Not installed'}, 'python': {'version': '3.10.11', 'machine': 'AMD64'}}
pickle: {'deps_info': {'pip': '23.1.2', 'setuptools': '67.7.2', 'pycaret': '3.0.4', 'IPython': '7.34.0', 'ipywidgets': '7.7.1', 'tqdm': '4.66.1', 'numpy': '1.23.5', 'pandas': '1.5.3', 'jinja2': '3.1.2', 'scipy': '1.10.1', 'joblib': '1.3.2', 'sklearn': '1.2.2', 'pyod': '1.1.0', 'imblearn': '0.10.1', 'category_encoders': '2.6.2', 'lightgbm': '4.0.0', 'numba': '0.56.4', 'requests': '2.31.0', 'matplotlib': '3.7.1', 'scikitplot': '0.3.7', 'yellowbrick': '1.5', 'plotly': '5.15.0', 'plotly-resampler': 'Not installed', 'kaleido': '0.2.1', 'schemdraw': '0.15', 'statsmodels': '0.14.0', 'sktime': '0.22.0', 'tbats': '1.1.3', 'pmdarima': '2.0.3', 'psutil': '5.9.5', 'markupsafe': '2.1.3', 'pickle5': 'Not installed', 'cloudpickle': '2.2.1', 'deprecation': '2.1.0', 'xxhash': '3.3.0', 'wurlitzer': '3.0.3'}, 'python': {'version': '3.10.12', 'machine': 'x86_64'}}
  warnings.warn(

2025-04-16 10:15:53,522:WARNING:C:\Users\Administrator\Desktop\phishing detector project\.venv\lib\site-packages\sklearn\base.py:376: InconsistentVersionWarning: Trying to unpickle estimator PCA from version 1.2.2 when using version 1.4.2. This might lead to breaking code or invalid results. Use at your own risk. For more info please refer to:
https://scikit-learn.org/stable/model_persistence.html#security-maintainability-limitations
  warnings.warn(

2025-04-16 10:15:53,549:INFO:Initializing predict_model()
2025-04-16 10:15:53,549:INFO:predict_model(self=<pycaret.classification.oop.ClassificationExperiment object at 0x0000022B31C74790>, estimator=Pipeline(memory=FastMemory(location=/tmp/joblib),
         steps=[('numerical_imputer',
                 TransformerWrapper(include=['domain_att', 'URL_Length',
                                             'URL_Depth'],
                                    transformer=SimpleImputer())),
                ('categorical_imputer',
                 TransformerWrapper(include=[],
                                    transformer=SimpleImputer(strategy='most_frequent'))),
                ('transformation',
                 TransformerWrapper(transformer=PowerTransformer(standardize=False))),
                ('normalize', TransformerWrapper(transformer=StandardScaler())),
                ('clean_column_names',
                 TransformerWrapper(transformer=CleanColumnNames())),
                ('trained_model', LGBMClassifier(n_jobs=-1, random_state=321))]), probability_threshold=None, encoded_labels=False, raw_score=False, round=4, verbose=True, ml_usecase=None, preprocess=True, encode_labels=<function _SupervisedExperiment.predict_model.<locals>.encode_labels at 0x0000022B31C1F0A0>)
2025-04-16 10:15:53,549:INFO:Checking exceptions
2025-04-16 10:15:53,549:INFO:Preloading libraries
2025-04-16 10:15:53,549:INFO:Set up data.
2025-04-16 10:15:53,553:INFO:Set up index.
2025-04-16 10:15:57,567:WARNING:C:\Users\Administrator\Desktop\phishing detector project\.venv\lib\site-packages\sklearn\base.py:376: InconsistentVersionWarning: Trying to unpickle estimator PCA from version 1.2.2 when using version 1.4.2. This might lead to breaking code or invalid results. Use at your own risk. For more info please refer to:
https://scikit-learn.org/stable/model_persistence.html#security-maintainability-limitations
  warnings.warn(

2025-04-16 10:15:57,593:INFO:Initializing predict_model()
2025-04-16 10:15:57,593:INFO:predict_model(self=<pycaret.classification.oop.ClassificationExperiment object at 0x0000022B2EF3BD90>, estimator=Pipeline(memory=FastMemory(location=/tmp/joblib),
         steps=[('numerical_imputer',
                 TransformerWrapper(include=['domain_att', 'URL_Length',
                                             'URL_Depth'],
                                    transformer=SimpleImputer())),
                ('categorical_imputer',
                 TransformerWrapper(include=[],
                                    transformer=SimpleImputer(strategy='most_frequent'))),
                ('transformation',
                 TransformerWrapper(transformer=PowerTransformer(standardize=False))),
                ('normalize', TransformerWrapper(transformer=StandardScaler())),
                ('clean_column_names',
                 TransformerWrapper(transformer=CleanColumnNames())),
                ('trained_model', LGBMClassifier(n_jobs=-1, random_state=321))]), probability_threshold=None, encoded_labels=False, raw_score=False, round=4, verbose=True, ml_usecase=None, preprocess=True, encode_labels=<function _SupervisedExperiment.predict_model.<locals>.encode_labels at 0x0000022B31C1E4D0>)
2025-04-16 10:15:57,593:INFO:Checking exceptions
2025-04-16 10:15:57,593:INFO:Preloading libraries
2025-04-16 10:15:57,593:INFO:Set up data.
2025-04-16 10:15:57,600:INFO:Set up index.
2025-04-16 10:16:08,582:WARNING:C:\Users\Administrator\Desktop\phishing detector project\.venv\lib\site-packages\sklearn\base.py:376: InconsistentVersionWarning: Trying to unpickle estimator PCA from version 1.2.2 when using version 1.4.2. This might lead to breaking code or invalid results. Use at your own risk. For more info please refer to:
https://scikit-learn.org/stable/model_persistence.html#security-maintainability-limitations
  warnings.warn(

2025-04-16 10:16:08,615:INFO:Initializing predict_model()
2025-04-16 10:16:08,615:INFO:predict_model(self=<pycaret.classification.oop.ClassificationExperiment object at 0x0000022B31C34D00>, estimator=Pipeline(memory=FastMemory(location=/tmp/joblib),
         steps=[('numerical_imputer',
                 TransformerWrapper(include=['domain_att', 'URL_Length',
                                             'URL_Depth'],
                                    transformer=SimpleImputer())),
                ('categorical_imputer',
                 TransformerWrapper(include=[],
                                    transformer=SimpleImputer(strategy='most_frequent'))),
                ('transformation',
                 TransformerWrapper(transformer=PowerTransformer(standardize=False))),
                ('normalize', TransformerWrapper(transformer=StandardScaler())),
                ('clean_column_names',
                 TransformerWrapper(transformer=CleanColumnNames())),
                ('trained_model', LGBMClassifier(n_jobs=-1, random_state=321))]), probability_threshold=None, encoded_labels=False, raw_score=False, round=4, verbose=True, ml_usecase=None, preprocess=True, encode_labels=<function _SupervisedExperiment.predict_model.<locals>.encode_labels at 0x0000022B31C1EDD0>)
2025-04-16 10:16:08,615:INFO:Checking exceptions
2025-04-16 10:16:08,615:INFO:Preloading libraries
2025-04-16 10:16:08,620:INFO:Set up data.
2025-04-16 10:16:08,628:INFO:Set up index.
2025-04-21 21:40:49,036:WARNING:
'cuml' is a soft dependency and not included in the pycaret installation. Please run: `pip install cuml` to install.
2025-04-21 21:40:49,036:WARNING:
'cuml' is a soft dependency and not included in the pycaret installation. Please run: `pip install cuml` to install.
2025-04-21 21:40:49,036:WARNING:
'cuml' is a soft dependency and not included in the pycaret installation. Please run: `pip install cuml` to install.
2025-04-21 21:40:49,036:WARNING:
'cuml' is a soft dependency and not included in the pycaret installation. Please run: `pip install cuml` to install.
2025-04-21 21:40:51,154:INFO:Initializing load_model()
2025-04-21 21:40:51,154:INFO:load_model(model_name=model/phishingdetection, platform=None, authentication=None, verbose=True)
2025-04-21 21:40:51,162:WARNING:C:\Users\Administrator\Desktop\phishing detector project\.venv\lib\site-packages\sklearn\base.py:376: InconsistentVersionWarning: Trying to unpickle estimator SimpleImputer from version 1.2.2 when using version 1.4.2. This might lead to breaking code or invalid results. Use at your own risk. For more info please refer to:
https://scikit-learn.org/stable/model_persistence.html#security-maintainability-limitations
  warnings.warn(

2025-04-21 21:40:51,162:WARNING:C:\Users\Administrator\Desktop\phishing detector project\.venv\lib\site-packages\sklearn\base.py:376: InconsistentVersionWarning: Trying to unpickle estimator PowerTransformer from version 1.2.2 when using version 1.4.2. This might lead to breaking code or invalid results. Use at your own risk. For more info please refer to:
https://scikit-learn.org/stable/model_persistence.html#security-maintainability-limitations
  warnings.warn(

2025-04-21 21:40:51,162:WARNING:C:\Users\Administrator\Desktop\phishing detector project\.venv\lib\site-packages\sklearn\base.py:376: InconsistentVersionWarning: Trying to unpickle estimator StandardScaler from version 1.2.2 when using version 1.4.2. This might lead to breaking code or invalid results. Use at your own risk. For more info please refer to:
https://scikit-learn.org/stable/model_persistence.html#security-maintainability-limitations
  warnings.warn(

2025-04-21 21:40:51,236:WARNING:C:\Users\Administrator\Desktop\phishing detector project\.venv\lib\site-packages\sklearn\base.py:376: InconsistentVersionWarning: Trying to unpickle estimator LabelEncoder from version 1.2.2 when using version 1.4.2. This might lead to breaking code or invalid results. Use at your own risk. For more info please refer to:
https://scikit-learn.org/stable/model_persistence.html#security-maintainability-limitations
  warnings.warn(

2025-04-21 21:40:51,248:WARNING:C:\Users\Administrator\Desktop\phishing detector project\.venv\lib\site-packages\pycaret\internal\pipeline.py:146: UserWarning: Version mismatch:
current: {'deps_info': {'pip': '25.0.1', 'setuptools': '65.5.0', 'pycaret': '3.3.1', 'IPython': '8.23.0', 'ipywidgets': '8.1.2', 'tqdm': '4.66.2', 'numpy': '1.26.4', 'pandas': '2.1.4', 'jinja2': '3.1.3', 'scipy': '1.11.4', 'joblib': '1.3.2', 'sklearn': '1.4.2', 'pyod': '1.1.3', 'imblearn': '0.12.2', 'category_encoders': '2.6.3', 'lightgbm': '4.3.0', 'numba': '0.59.1', 'requests': '2.31.0', 'matplotlib': '3.7.5', 'scikitplot': '0.3.7', 'yellowbrick': '1.5', 'plotly': '5.21.0', 'plotly-resampler': 'Not installed', 'kaleido': '0.2.1', 'schemdraw': '0.15', 'statsmodels': '0.14.2', 'sktime': '0.26.0', 'tbats': '1.1.3', 'pmdarima': '2.0.4', 'psutil': '5.9.8', 'markupsafe': '2.1.5', 'pickle5': 'Not installed', 'cloudpickle': '3.0.0', 'deprecation': '2.1.0', 'xxhash': '3.4.1', 'wurlitzer': 'Not installed'}, 'python': {'version': '3.10.11', 'machine': 'AMD64'}}
pickle: {'deps_info': {'pip': '23.1.2', 'setuptools': '67.7.2', 'pycaret': '3.0.4', 'IPython': '7.34.0', 'ipywidgets': '7.7.1', 'tqdm': '4.66.1', 'numpy': '1.23.5', 'pandas': '1.5.3', 'jinja2': '3.1.2', 'scipy': '1.10.1', 'joblib': '1.3.2', 'sklearn': '1.2.2', 'pyod': '1.1.0', 'imblearn': '0.10.1', 'category_encoders': '2.6.2', 'lightgbm': '4.0.0', 'numba': '0.56.4', 'requests': '2.31.0', 'matplotlib': '3.7.1', 'scikitplot': '0.3.7', 'yellowbrick': '1.5', 'plotly': '5.15.0', 'plotly-resampler': 'Not installed', 'kaleido': '0.2.1', 'schemdraw': '0.15', 'statsmodels': '0.14.0', 'sktime': '0.22.0', 'tbats': '1.1.3', 'pmdarima': '2.0.3', 'psutil': '5.9.5', 'markupsafe': '2.1.3', 'pickle5': 'Not installed', 'cloudpickle': '2.2.1', 'deprecation': '2.1.0', 'xxhash': '3.3.0', 'wurlitzer': '3.0.3'}, 'python': {'version': '3.10.12', 'machine': 'x86_64'}}
  warnings.warn(

2025-04-21 21:40:54,615:WARNING:
'cuml' is a soft dependency and not included in the pycaret installation. Please run: `pip install cuml` to install.
2025-04-21 21:40:54,615:WARNING:
'cuml' is a soft dependency and not included in the pycaret installation. Please run: `pip install cuml` to install.
2025-04-21 21:40:54,615:WARNING:
'cuml' is a soft dependency and not included in the pycaret installation. Please run: `pip install cuml` to install.
2025-04-21 21:40:54,615:WARNING:
'cuml' is a soft dependency and not included in the pycaret installation. Please run: `pip install cuml` to install.
2025-04-21 21:40:55,822:INFO:Initializing load_model()
2025-04-21 21:40:55,822:INFO:load_model(model_name=model/phishingdetection, platform=None, authentication=None, verbose=True)
2025-04-21 21:40:55,822:WARNING:C:\Users\Administrator\Desktop\phishing detector project\.venv\lib\site-packages\sklearn\base.py:376: InconsistentVersionWarning: Trying to unpickle estimator SimpleImputer from version 1.2.2 when using version 1.4.2. This might lead to breaking code or invalid results. Use at your own risk. For more info please refer to:
https://scikit-learn.org/stable/model_persistence.html#security-maintainability-limitations
  warnings.warn(

2025-04-21 21:40:55,822:WARNING:C:\Users\Administrator\Desktop\phishing detector project\.venv\lib\site-packages\sklearn\base.py:376: InconsistentVersionWarning: Trying to unpickle estimator PowerTransformer from version 1.2.2 when using version 1.4.2. This might lead to breaking code or invalid results. Use at your own risk. For more info please refer to:
https://scikit-learn.org/stable/model_persistence.html#security-maintainability-limitations
  warnings.warn(

2025-04-21 21:40:55,828:WARNING:C:\Users\Administrator\Desktop\phishing detector project\.venv\lib\site-packages\sklearn\base.py:376: InconsistentVersionWarning: Trying to unpickle estimator StandardScaler from version 1.2.2 when using version 1.4.2. This might lead to breaking code or invalid results. Use at your own risk. For more info please refer to:
https://scikit-learn.org/stable/model_persistence.html#security-maintainability-limitations
  warnings.warn(

2025-04-21 21:40:55,873:WARNING:C:\Users\Administrator\Desktop\phishing detector project\.venv\lib\site-packages\sklearn\base.py:376: InconsistentVersionWarning: Trying to unpickle estimator LabelEncoder from version 1.2.2 when using version 1.4.2. This might lead to breaking code or invalid results. Use at your own risk. For more info please refer to:
https://scikit-learn.org/stable/model_persistence.html#security-maintainability-limitations
  warnings.warn(

2025-04-21 21:40:55,883:WARNING:C:\Users\Administrator\Desktop\phishing detector project\.venv\lib\site-packages\pycaret\internal\pipeline.py:146: UserWarning: Version mismatch:
current: {'deps_info': {'pip': '25.0.1', 'setuptools': '65.5.0', 'pycaret': '3.3.1', 'IPython': '8.23.0', 'ipywidgets': '8.1.2', 'tqdm': '4.66.2', 'numpy': '1.26.4', 'pandas': '2.1.4', 'jinja2': '3.1.3', 'scipy': '1.11.4', 'joblib': '1.3.2', 'sklearn': '1.4.2', 'pyod': '1.1.3', 'imblearn': '0.12.2', 'category_encoders': '2.6.3', 'lightgbm': '4.3.0', 'numba': '0.59.1', 'requests': '2.31.0', 'matplotlib': '3.7.5', 'scikitplot': '0.3.7', 'yellowbrick': '1.5', 'plotly': '5.21.0', 'plotly-resampler': 'Not installed', 'kaleido': '0.2.1', 'schemdraw': '0.15', 'statsmodels': '0.14.2', 'sktime': '0.26.0', 'tbats': '1.1.3', 'pmdarima': '2.0.4', 'psutil': '5.9.8', 'markupsafe': '2.1.5', 'pickle5': 'Not installed', 'cloudpickle': '3.0.0', 'deprecation': '2.1.0', 'xxhash': '3.4.1', 'wurlitzer': 'Not installed'}, 'python': {'version': '3.10.11', 'machine': 'AMD64'}}
pickle: {'deps_info': {'pip': '23.1.2', 'setuptools': '67.7.2', 'pycaret': '3.0.4', 'IPython': '7.34.0', 'ipywidgets': '7.7.1', 'tqdm': '4.66.1', 'numpy': '1.23.5', 'pandas': '1.5.3', 'jinja2': '3.1.2', 'scipy': '1.10.1', 'joblib': '1.3.2', 'sklearn': '1.2.2', 'pyod': '1.1.0', 'imblearn': '0.10.1', 'category_encoders': '2.6.2', 'lightgbm': '4.0.0', 'numba': '0.56.4', 'requests': '2.31.0', 'matplotlib': '3.7.1', 'scikitplot': '0.3.7', 'yellowbrick': '1.5', 'plotly': '5.15.0', 'plotly-resampler': 'Not installed', 'kaleido': '0.2.1', 'schemdraw': '0.15', 'statsmodels': '0.14.0', 'sktime': '0.22.0', 'tbats': '1.1.3', 'pmdarima': '2.0.3', 'psutil': '5.9.5', 'markupsafe': '2.1.3', 'pickle5': 'Not installed', 'cloudpickle': '2.2.1', 'deprecation': '2.1.0', 'xxhash': '3.3.0', 'wurlitzer': '3.0.3'}, 'python': {'version': '3.10.12', 'machine': 'x86_64'}}
  warnings.warn(

2025-04-21 21:41:02,952:WARNING:C:\Users\Administrator\Desktop\phishing detector project\.venv\lib\site-packages\sklearn\base.py:376: InconsistentVersionWarning: Trying to unpickle estimator PCA from version 1.2.2 when using version 1.4.2. This might lead to breaking code or invalid results. Use at your own risk. For more info please refer to:
https://scikit-learn.org/stable/model_persistence.html#security-maintainability-limitations
  warnings.warn(

2025-04-21 21:41:02,984:INFO:Initializing predict_model()
2025-04-21 21:41:02,984:INFO:predict_model(self=<pycaret.classification.oop.ClassificationExperiment object at 0x000001F1ED9388E0>, estimator=Pipeline(memory=FastMemory(location=/tmp/joblib),
         steps=[('numerical_imputer',
                 TransformerWrapper(include=['domain_att', 'URL_Length',
                                             'URL_Depth'],
                                    transformer=SimpleImputer())),
                ('categorical_imputer',
                 TransformerWrapper(include=[],
                                    transformer=SimpleImputer(strategy='most_frequent'))),
                ('transformation',
                 TransformerWrapper(transformer=PowerTransformer(standardize=False))),
                ('normalize', TransformerWrapper(transformer=StandardScaler())),
                ('clean_column_names',
                 TransformerWrapper(transformer=CleanColumnNames())),
                ('trained_model', LGBMClassifier(n_jobs=-1, random_state=321))]), probability_threshold=None, encoded_labels=False, raw_score=False, round=4, verbose=True, ml_usecase=None, preprocess=True, encode_labels=<function _SupervisedExperiment.predict_model.<locals>.encode_labels at 0x000001F1ED8DF010>)
2025-04-21 21:41:02,984:INFO:Checking exceptions
2025-04-21 21:41:02,984:INFO:Preloading libraries
2025-04-21 21:41:02,984:INFO:Set up data.
2025-04-21 21:41:02,997:INFO:Set up index.
2025-04-21 21:44:19,161:WARNING:
'cuml' is a soft dependency and not included in the pycaret installation. Please run: `pip install cuml` to install.
2025-04-21 21:44:19,161:WARNING:
'cuml' is a soft dependency and not included in the pycaret installation. Please run: `pip install cuml` to install.
2025-04-21 21:44:19,161:WARNING:
'cuml' is a soft dependency and not included in the pycaret installation. Please run: `pip install cuml` to install.
2025-04-21 21:44:19,161:WARNING:
'cuml' is a soft dependency and not included in the pycaret installation. Please run: `pip install cuml` to install.
2025-04-21 21:44:20,364:INFO:Initializing load_model()
2025-04-21 21:44:20,364:INFO:load_model(model_name=model/phishingdetection, platform=None, authentication=None, verbose=True)
2025-04-21 21:44:20,364:WARNING:C:\Users\Administrator\Desktop\phishing detector project\.venv\lib\site-packages\sklearn\base.py:376: InconsistentVersionWarning: Trying to unpickle estimator SimpleImputer from version 1.2.2 when using version 1.4.2. This might lead to breaking code or invalid results. Use at your own risk. For more info please refer to:
https://scikit-learn.org/stable/model_persistence.html#security-maintainability-limitations
  warnings.warn(

2025-04-21 21:44:20,364:WARNING:C:\Users\Administrator\Desktop\phishing detector project\.venv\lib\site-packages\sklearn\base.py:376: InconsistentVersionWarning: Trying to unpickle estimator PowerTransformer from version 1.2.2 when using version 1.4.2. This might lead to breaking code or invalid results. Use at your own risk. For more info please refer to:
https://scikit-learn.org/stable/model_persistence.html#security-maintainability-limitations
  warnings.warn(

2025-04-21 21:44:20,364:WARNING:C:\Users\Administrator\Desktop\phishing detector project\.venv\lib\site-packages\sklearn\base.py:376: InconsistentVersionWarning: Trying to unpickle estimator StandardScaler from version 1.2.2 when using version 1.4.2. This might lead to breaking code or invalid results. Use at your own risk. For more info please refer to:
https://scikit-learn.org/stable/model_persistence.html#security-maintainability-limitations
  warnings.warn(

2025-04-21 21:44:20,416:WARNING:C:\Users\Administrator\Desktop\phishing detector project\.venv\lib\site-packages\sklearn\base.py:376: InconsistentVersionWarning: Trying to unpickle estimator LabelEncoder from version 1.2.2 when using version 1.4.2. This might lead to breaking code or invalid results. Use at your own risk. For more info please refer to:
https://scikit-learn.org/stable/model_persistence.html#security-maintainability-limitations
  warnings.warn(

2025-04-21 21:44:20,426:WARNING:C:\Users\Administrator\Desktop\phishing detector project\.venv\lib\site-packages\pycaret\internal\pipeline.py:146: UserWarning: Version mismatch:
current: {'deps_info': {'pip': '25.0.1', 'setuptools': '65.5.0', 'pycaret': '3.3.1', 'IPython': '8.23.0', 'ipywidgets': '8.1.2', 'tqdm': '4.66.2', 'numpy': '1.26.4', 'pandas': '2.1.4', 'jinja2': '3.1.3', 'scipy': '1.11.4', 'joblib': '1.3.2', 'sklearn': '1.4.2', 'pyod': '1.1.3', 'imblearn': '0.12.2', 'category_encoders': '2.6.3', 'lightgbm': '4.3.0', 'numba': '0.59.1', 'requests': '2.31.0', 'matplotlib': '3.7.5', 'scikitplot': '0.3.7', 'yellowbrick': '1.5', 'plotly': '5.21.0', 'plotly-resampler': 'Not installed', 'kaleido': '0.2.1', 'schemdraw': '0.15', 'statsmodels': '0.14.2', 'sktime': '0.26.0', 'tbats': '1.1.3', 'pmdarima': '2.0.4', 'psutil': '5.9.8', 'markupsafe': '2.1.5', 'pickle5': 'Not installed', 'cloudpickle': '3.0.0', 'deprecation': '2.1.0', 'xxhash': '3.4.1', 'wurlitzer': 'Not installed'}, 'python': {'version': '3.10.11', 'machine': 'AMD64'}}
pickle: {'deps_info': {'pip': '23.1.2', 'setuptools': '67.7.2', 'pycaret': '3.0.4', 'IPython': '7.34.0', 'ipywidgets': '7.7.1', 'tqdm': '4.66.1', 'numpy': '1.23.5', 'pandas': '1.5.3', 'jinja2': '3.1.2', 'scipy': '1.10.1', 'joblib': '1.3.2', 'sklearn': '1.2.2', 'pyod': '1.1.0', 'imblearn': '0.10.1', 'category_encoders': '2.6.2', 'lightgbm': '4.0.0', 'numba': '0.56.4', 'requests': '2.31.0', 'matplotlib': '3.7.1', 'scikitplot': '0.3.7', 'yellowbrick': '1.5', 'plotly': '5.15.0', 'plotly-resampler': 'Not installed', 'kaleido': '0.2.1', 'schemdraw': '0.15', 'statsmodels': '0.14.0', 'sktime': '0.22.0', 'tbats': '1.1.3', 'pmdarima': '2.0.3', 'psutil': '5.9.5', 'markupsafe': '2.1.3', 'pickle5': 'Not installed', 'cloudpickle': '2.2.1', 'deprecation': '2.1.0', 'xxhash': '3.3.0', 'wurlitzer': '3.0.3'}, 'python': {'version': '3.10.12', 'machine': 'x86_64'}}
  warnings.warn(

2025-04-21 21:44:23,848:WARNING:
'cuml' is a soft dependency and not included in the pycaret installation. Please run: `pip install cuml` to install.
2025-04-21 21:44:23,848:WARNING:
'cuml' is a soft dependency and not included in the pycaret installation. Please run: `pip install cuml` to install.
2025-04-21 21:44:23,848:WARNING:
'cuml' is a soft dependency and not included in the pycaret installation. Please run: `pip install cuml` to install.
2025-04-21 21:44:23,848:WARNING:
'cuml' is a soft dependency and not included in the pycaret installation. Please run: `pip install cuml` to install.
2025-04-21 21:44:25,164:INFO:Initializing load_model()
2025-04-21 21:44:25,164:INFO:load_model(model_name=model/phishingdetection, platform=None, authentication=None, verbose=True)
2025-04-21 21:44:25,164:WARNING:C:\Users\Administrator\Desktop\phishing detector project\.venv\lib\site-packages\sklearn\base.py:376: InconsistentVersionWarning: Trying to unpickle estimator SimpleImputer from version 1.2.2 when using version 1.4.2. This might lead to breaking code or invalid results. Use at your own risk. For more info please refer to:
https://scikit-learn.org/stable/model_persistence.html#security-maintainability-limitations
  warnings.warn(

2025-04-21 21:44:25,180:WARNING:C:\Users\Administrator\Desktop\phishing detector project\.venv\lib\site-packages\sklearn\base.py:376: InconsistentVersionWarning: Trying to unpickle estimator PowerTransformer from version 1.2.2 when using version 1.4.2. This might lead to breaking code or invalid results. Use at your own risk. For more info please refer to:
https://scikit-learn.org/stable/model_persistence.html#security-maintainability-limitations
  warnings.warn(

2025-04-21 21:44:25,180:WARNING:C:\Users\Administrator\Desktop\phishing detector project\.venv\lib\site-packages\sklearn\base.py:376: InconsistentVersionWarning: Trying to unpickle estimator StandardScaler from version 1.2.2 when using version 1.4.2. This might lead to breaking code or invalid results. Use at your own risk. For more info please refer to:
https://scikit-learn.org/stable/model_persistence.html#security-maintainability-limitations
  warnings.warn(

2025-04-21 21:44:25,217:WARNING:C:\Users\Administrator\Desktop\phishing detector project\.venv\lib\site-packages\sklearn\base.py:376: InconsistentVersionWarning: Trying to unpickle estimator LabelEncoder from version 1.2.2 when using version 1.4.2. This might lead to breaking code or invalid results. Use at your own risk. For more info please refer to:
https://scikit-learn.org/stable/model_persistence.html#security-maintainability-limitations
  warnings.warn(

2025-04-21 21:44:25,225:WARNING:C:\Users\Administrator\Desktop\phishing detector project\.venv\lib\site-packages\pycaret\internal\pipeline.py:146: UserWarning: Version mismatch:
current: {'deps_info': {'pip': '25.0.1', 'setuptools': '65.5.0', 'pycaret': '3.3.1', 'IPython': '8.23.0', 'ipywidgets': '8.1.2', 'tqdm': '4.66.2', 'numpy': '1.26.4', 'pandas': '2.1.4', 'jinja2': '3.1.3', 'scipy': '1.11.4', 'joblib': '1.3.2', 'sklearn': '1.4.2', 'pyod': '1.1.3', 'imblearn': '0.12.2', 'category_encoders': '2.6.3', 'lightgbm': '4.3.0', 'numba': '0.59.1', 'requests': '2.31.0', 'matplotlib': '3.7.5', 'scikitplot': '0.3.7', 'yellowbrick': '1.5', 'plotly': '5.21.0', 'plotly-resampler': 'Not installed', 'kaleido': '0.2.1', 'schemdraw': '0.15', 'statsmodels': '0.14.2', 'sktime': '0.26.0', 'tbats': '1.1.3', 'pmdarima': '2.0.4', 'psutil': '5.9.8', 'markupsafe': '2.1.5', 'pickle5': 'Not installed', 'cloudpickle': '3.0.0', 'deprecation': '2.1.0', 'xxhash': '3.4.1', 'wurlitzer': 'Not installed'}, 'python': {'version': '3.10.11', 'machine': 'AMD64'}}
pickle: {'deps_info': {'pip': '23.1.2', 'setuptools': '67.7.2', 'pycaret': '3.0.4', 'IPython': '7.34.0', 'ipywidgets': '7.7.1', 'tqdm': '4.66.1', 'numpy': '1.23.5', 'pandas': '1.5.3', 'jinja2': '3.1.2', 'scipy': '1.10.1', 'joblib': '1.3.2', 'sklearn': '1.2.2', 'pyod': '1.1.0', 'imblearn': '0.10.1', 'category_encoders': '2.6.2', 'lightgbm': '4.0.0', 'numba': '0.56.4', 'requests': '2.31.0', 'matplotlib': '3.7.1', 'scikitplot': '0.3.7', 'yellowbrick': '1.5', 'plotly': '5.15.0', 'plotly-resampler': 'Not installed', 'kaleido': '0.2.1', 'schemdraw': '0.15', 'statsmodels': '0.14.0', 'sktime': '0.22.0', 'tbats': '1.1.3', 'pmdarima': '2.0.3', 'psutil': '5.9.5', 'markupsafe': '2.1.3', 'pickle5': 'Not installed', 'cloudpickle': '2.2.1', 'deprecation': '2.1.0', 'xxhash': '3.3.0', 'wurlitzer': '3.0.3'}, 'python': {'version': '3.10.12', 'machine': 'x86_64'}}
  warnings.warn(

2025-04-21 21:44:38,760:WARNING:C:\Users\Administrator\Desktop\phishing detector project\.venv\lib\site-packages\sklearn\base.py:376: InconsistentVersionWarning: Trying to unpickle estimator PCA from version 1.2.2 when using version 1.4.2. This might lead to breaking code or invalid results. Use at your own risk. For more info please refer to:
https://scikit-learn.org/stable/model_persistence.html#security-maintainability-limitations
  warnings.warn(

2025-04-21 21:44:38,783:INFO:Initializing predict_model()
2025-04-21 21:44:38,783:INFO:predict_model(self=<pycaret.classification.oop.ClassificationExperiment object at 0x000002ACCDDF49A0>, estimator=Pipeline(memory=FastMemory(location=/tmp/joblib),
         steps=[('numerical_imputer',
                 TransformerWrapper(include=['domain_att', 'URL_Length',
                                             'URL_Depth'],
                                    transformer=SimpleImputer())),
                ('categorical_imputer',
                 TransformerWrapper(include=[],
                                    transformer=SimpleImputer(strategy='most_frequent'))),
                ('transformation',
                 TransformerWrapper(transformer=PowerTransformer(standardize=False))),
                ('normalize', TransformerWrapper(transformer=StandardScaler())),
                ('clean_column_names',
                 TransformerWrapper(transformer=CleanColumnNames())),
                ('trained_model', LGBMClassifier(n_jobs=-1, random_state=321))]), probability_threshold=None, encoded_labels=False, raw_score=False, round=4, verbose=True, ml_usecase=None, preprocess=True, encode_labels=<function _SupervisedExperiment.predict_model.<locals>.encode_labels at 0x000002ACCDDDF0A0>)
2025-04-21 21:44:38,791:INFO:Checking exceptions
2025-04-21 21:44:38,791:INFO:Preloading libraries
2025-04-21 21:44:38,791:INFO:Set up data.
2025-04-21 21:44:38,799:INFO:Set up index.
2025-04-21 21:44:46,522:WARNING:C:\Users\Administrator\Desktop\phishing detector project\.venv\lib\site-packages\sklearn\base.py:376: InconsistentVersionWarning: Trying to unpickle estimator PCA from version 1.2.2 when using version 1.4.2. This might lead to breaking code or invalid results. Use at your own risk. For more info please refer to:
https://scikit-learn.org/stable/model_persistence.html#security-maintainability-limitations
  warnings.warn(

2025-04-21 21:44:46,558:INFO:Initializing predict_model()
2025-04-21 21:44:46,560:INFO:predict_model(self=<pycaret.classification.oop.ClassificationExperiment object at 0x000002ACCB0FBAF0>, estimator=Pipeline(memory=FastMemory(location=/tmp/joblib),
         steps=[('numerical_imputer',
                 TransformerWrapper(include=['domain_att', 'URL_Length',
                                             'URL_Depth'],
                                    transformer=SimpleImputer())),
                ('categorical_imputer',
                 TransformerWrapper(include=[],
                                    transformer=SimpleImputer(strategy='most_frequent'))),
                ('transformation',
                 TransformerWrapper(transformer=PowerTransformer(standardize=False))),
                ('normalize', TransformerWrapper(transformer=StandardScaler())),
                ('clean_column_names',
                 TransformerWrapper(transformer=CleanColumnNames())),
                ('trained_model', LGBMClassifier(n_jobs=-1, random_state=321))]), probability_threshold=None, encoded_labels=False, raw_score=False, round=4, verbose=True, ml_usecase=None, preprocess=True, encode_labels=<function _SupervisedExperiment.predict_model.<locals>.encode_labels at 0x000002ACCDDDE3B0>)
2025-04-21 21:44:46,560:INFO:Checking exceptions
2025-04-21 21:44:46,560:INFO:Preloading libraries
2025-04-21 21:44:46,560:INFO:Set up data.
2025-04-21 21:44:46,570:INFO:Set up index.
2025-04-21 21:44:51,102:WARNING:C:\Users\Administrator\Desktop\phishing detector project\.venv\lib\site-packages\sklearn\base.py:376: InconsistentVersionWarning: Trying to unpickle estimator PCA from version 1.2.2 when using version 1.4.2. This might lead to breaking code or invalid results. Use at your own risk. For more info please refer to:
https://scikit-learn.org/stable/model_persistence.html#security-maintainability-limitations
  warnings.warn(

2025-04-21 21:44:51,137:INFO:Initializing predict_model()
2025-04-21 21:44:51,137:INFO:predict_model(self=<pycaret.classification.oop.ClassificationExperiment object at 0x000002ACCDE34B80>, estimator=Pipeline(memory=FastMemory(location=/tmp/joblib),
         steps=[('numerical_imputer',
                 TransformerWrapper(include=['domain_att', 'URL_Length',
                                             'URL_Depth'],
                                    transformer=SimpleImputer())),
                ('categorical_imputer',
                 TransformerWrapper(include=[],
                                    transformer=SimpleImputer(strategy='most_frequent'))),
                ('transformation',
                 TransformerWrapper(transformer=PowerTransformer(standardize=False))),
                ('normalize', TransformerWrapper(transformer=StandardScaler())),
                ('clean_column_names',
                 TransformerWrapper(transformer=CleanColumnNames())),
                ('trained_model', LGBMClassifier(n_jobs=-1, random_state=321))]), probability_threshold=None, encoded_labels=False, raw_score=False, round=4, verbose=True, ml_usecase=None, preprocess=True, encode_labels=<function _SupervisedExperiment.predict_model.<locals>.encode_labels at 0x000002ACCDDDEEF0>)
2025-04-21 21:44:51,137:INFO:Checking exceptions
2025-04-21 21:44:51,137:INFO:Preloading libraries
2025-04-21 21:44:51,139:INFO:Set up data.
2025-04-21 21:44:51,150:INFO:Set up index.
2025-04-21 21:45:01,018:WARNING:C:\Users\Administrator\Desktop\phishing detector project\.venv\lib\site-packages\sklearn\base.py:376: InconsistentVersionWarning: Trying to unpickle estimator PCA from version 1.2.2 when using version 1.4.2. This might lead to breaking code or invalid results. Use at your own risk. For more info please refer to:
https://scikit-learn.org/stable/model_persistence.html#security-maintainability-limitations
  warnings.warn(

2025-04-21 21:45:01,048:INFO:Initializing predict_model()
2025-04-21 21:45:01,048:INFO:predict_model(self=<pycaret.classification.oop.ClassificationExperiment object at 0x000002ACCDE34EE0>, estimator=Pipeline(memory=FastMemory(location=/tmp/joblib),
         steps=[('numerical_imputer',
                 TransformerWrapper(include=['domain_att', 'URL_Length',
                                             'URL_Depth'],
                                    transformer=SimpleImputer())),
                ('categorical_imputer',
                 TransformerWrapper(include=[],
                                    transformer=SimpleImputer(strategy='most_frequent'))),
                ('transformation',
                 TransformerWrapper(transformer=PowerTransformer(standardize=False))),
                ('normalize', TransformerWrapper(transformer=StandardScaler())),
                ('clean_column_names',
                 TransformerWrapper(transformer=CleanColumnNames())),
                ('trained_model', LGBMClassifier(n_jobs=-1, random_state=321))]), probability_threshold=None, encoded_labels=False, raw_score=False, round=4, verbose=True, ml_usecase=None, preprocess=True, encode_labels=<function _SupervisedExperiment.predict_model.<locals>.encode_labels at 0x000002ACCDDDE4D0>)
2025-04-21 21:45:01,048:INFO:Checking exceptions
2025-04-21 21:45:01,048:INFO:Preloading libraries
2025-04-21 21:45:01,052:INFO:Set up data.
2025-04-21 21:45:01,067:INFO:Set up index.
2025-04-21 21:45:12,006:WARNING:C:\Users\Administrator\Desktop\phishing detector project\.venv\lib\site-packages\sklearn\base.py:376: InconsistentVersionWarning: Trying to unpickle estimator PCA from version 1.2.2 when using version 1.4.2. This might lead to breaking code or invalid results. Use at your own risk. For more info please refer to:
https://scikit-learn.org/stable/model_persistence.html#security-maintainability-limitations
  warnings.warn(

2025-04-21 21:45:12,034:INFO:Initializing predict_model()
2025-04-21 21:45:12,034:INFO:predict_model(self=<pycaret.classification.oop.ClassificationExperiment object at 0x000002ACCDE211B0>, estimator=Pipeline(memory=FastMemory(location=/tmp/joblib),
         steps=[('numerical_imputer',
                 TransformerWrapper(include=['domain_att', 'URL_Length',
                                             'URL_Depth'],
                                    transformer=SimpleImputer())),
                ('categorical_imputer',
                 TransformerWrapper(include=[],
                                    transformer=SimpleImputer(strategy='most_frequent'))),
                ('transformation',
                 TransformerWrapper(transformer=PowerTransformer(standardize=False))),
                ('normalize', TransformerWrapper(transformer=StandardScaler())),
                ('clean_column_names',
                 TransformerWrapper(transformer=CleanColumnNames())),
                ('trained_model', LGBMClassifier(n_jobs=-1, random_state=321))]), probability_threshold=None, encoded_labels=False, raw_score=False, round=4, verbose=True, ml_usecase=None, preprocess=True, encode_labels=<function _SupervisedExperiment.predict_model.<locals>.encode_labels at 0x000002ACCDDDF250>)
2025-04-21 21:45:12,034:INFO:Checking exceptions
2025-04-21 21:45:12,034:INFO:Preloading libraries
2025-04-21 21:45:12,034:INFO:Set up data.
2025-04-21 21:45:12,044:INFO:Set up index.
2025-04-21 21:45:51,812:WARNING:C:\Users\Administrator\Desktop\phishing detector project\.venv\lib\site-packages\sklearn\base.py:376: InconsistentVersionWarning: Trying to unpickle estimator PCA from version 1.2.2 when using version 1.4.2. This might lead to breaking code or invalid results. Use at your own risk. For more info please refer to:
https://scikit-learn.org/stable/model_persistence.html#security-maintainability-limitations
  warnings.warn(

2025-04-21 21:45:51,839:INFO:Initializing predict_model()
2025-04-21 21:45:51,839:INFO:predict_model(self=<pycaret.classification.oop.ClassificationExperiment object at 0x000002ACCDE37040>, estimator=Pipeline(memory=FastMemory(location=/tmp/joblib),
         steps=[('numerical_imputer',
                 TransformerWrapper(include=['domain_att', 'URL_Length',
                                             'URL_Depth'],
                                    transformer=SimpleImputer())),
                ('categorical_imputer',
                 TransformerWrapper(include=[],
                                    transformer=SimpleImputer(strategy='most_frequent'))),
                ('transformation',
                 TransformerWrapper(transformer=PowerTransformer(standardize=False))),
                ('normalize', TransformerWrapper(transformer=StandardScaler())),
                ('clean_column_names',
                 TransformerWrapper(transformer=CleanColumnNames())),
                ('trained_model', LGBMClassifier(n_jobs=-1, random_state=321))]), probability_threshold=None, encoded_labels=False, raw_score=False, round=4, verbose=True, ml_usecase=None, preprocess=True, encode_labels=<function _SupervisedExperiment.predict_model.<locals>.encode_labels at 0x000002ACCDDDF130>)
2025-04-21 21:45:51,839:INFO:Checking exceptions
2025-04-21 21:45:51,839:INFO:Preloading libraries
2025-04-21 21:45:51,839:INFO:Set up data.
2025-04-21 21:45:51,856:INFO:Set up index.
2025-04-21 21:49:16,252:WARNING:
'cuml' is a soft dependency and not included in the pycaret installation. Please run: `pip install cuml` to install.
2025-04-21 21:49:16,252:WARNING:
'cuml' is a soft dependency and not included in the pycaret installation. Please run: `pip install cuml` to install.
2025-04-21 21:49:16,254:WARNING:
'cuml' is a soft dependency and not included in the pycaret installation. Please run: `pip install cuml` to install.
2025-04-21 21:49:16,254:WARNING:
'cuml' is a soft dependency and not included in the pycaret installation. Please run: `pip install cuml` to install.
2025-04-21 21:49:17,408:INFO:Initializing load_model()
2025-04-21 21:49:17,408:INFO:load_model(model_name=model/phishingdetection, platform=None, authentication=None, verbose=True)
2025-04-21 21:49:17,410:WARNING:C:\Users\Administrator\Desktop\phishing detector project\.venv\lib\site-packages\sklearn\base.py:376: InconsistentVersionWarning: Trying to unpickle estimator SimpleImputer from version 1.2.2 when using version 1.4.2. This might lead to breaking code or invalid results. Use at your own risk. For more info please refer to:
https://scikit-learn.org/stable/model_persistence.html#security-maintainability-limitations
  warnings.warn(

2025-04-21 21:49:17,412:WARNING:C:\Users\Administrator\Desktop\phishing detector project\.venv\lib\site-packages\sklearn\base.py:376: InconsistentVersionWarning: Trying to unpickle estimator PowerTransformer from version 1.2.2 when using version 1.4.2. This might lead to breaking code or invalid results. Use at your own risk. For more info please refer to:
https://scikit-learn.org/stable/model_persistence.html#security-maintainability-limitations
  warnings.warn(

2025-04-21 21:49:17,412:WARNING:C:\Users\Administrator\Desktop\phishing detector project\.venv\lib\site-packages\sklearn\base.py:376: InconsistentVersionWarning: Trying to unpickle estimator StandardScaler from version 1.2.2 when using version 1.4.2. This might lead to breaking code or invalid results. Use at your own risk. For more info please refer to:
https://scikit-learn.org/stable/model_persistence.html#security-maintainability-limitations
  warnings.warn(

2025-04-21 21:49:17,451:WARNING:C:\Users\Administrator\Desktop\phishing detector project\.venv\lib\site-packages\sklearn\base.py:376: InconsistentVersionWarning: Trying to unpickle estimator LabelEncoder from version 1.2.2 when using version 1.4.2. This might lead to breaking code or invalid results. Use at your own risk. For more info please refer to:
https://scikit-learn.org/stable/model_persistence.html#security-maintainability-limitations
  warnings.warn(

2025-04-21 21:49:17,461:WARNING:C:\Users\Administrator\Desktop\phishing detector project\.venv\lib\site-packages\pycaret\internal\pipeline.py:146: UserWarning: Version mismatch:
current: {'deps_info': {'pip': '25.0.1', 'setuptools': '65.5.0', 'pycaret': '3.3.1', 'IPython': '8.23.0', 'ipywidgets': '8.1.2', 'tqdm': '4.66.2', 'numpy': '1.26.4', 'pandas': '2.1.4', 'jinja2': '3.1.3', 'scipy': '1.11.4', 'joblib': '1.3.2', 'sklearn': '1.4.2', 'pyod': '1.1.3', 'imblearn': '0.12.2', 'category_encoders': '2.6.3', 'lightgbm': '4.3.0', 'numba': '0.59.1', 'requests': '2.31.0', 'matplotlib': '3.7.5', 'scikitplot': '0.3.7', 'yellowbrick': '1.5', 'plotly': '5.21.0', 'plotly-resampler': 'Not installed', 'kaleido': '0.2.1', 'schemdraw': '0.15', 'statsmodels': '0.14.2', 'sktime': '0.26.0', 'tbats': '1.1.3', 'pmdarima': '2.0.4', 'psutil': '5.9.8', 'markupsafe': '2.1.5', 'pickle5': 'Not installed', 'cloudpickle': '3.0.0', 'deprecation': '2.1.0', 'xxhash': '3.4.1', 'wurlitzer': 'Not installed'}, 'python': {'version': '3.10.11', 'machine': 'AMD64'}}
pickle: {'deps_info': {'pip': '23.1.2', 'setuptools': '67.7.2', 'pycaret': '3.0.4', 'IPython': '7.34.0', 'ipywidgets': '7.7.1', 'tqdm': '4.66.1', 'numpy': '1.23.5', 'pandas': '1.5.3', 'jinja2': '3.1.2', 'scipy': '1.10.1', 'joblib': '1.3.2', 'sklearn': '1.2.2', 'pyod': '1.1.0', 'imblearn': '0.10.1', 'category_encoders': '2.6.2', 'lightgbm': '4.0.0', 'numba': '0.56.4', 'requests': '2.31.0', 'matplotlib': '3.7.1', 'scikitplot': '0.3.7', 'yellowbrick': '1.5', 'plotly': '5.15.0', 'plotly-resampler': 'Not installed', 'kaleido': '0.2.1', 'schemdraw': '0.15', 'statsmodels': '0.14.0', 'sktime': '0.22.0', 'tbats': '1.1.3', 'pmdarima': '2.0.3', 'psutil': '5.9.5', 'markupsafe': '2.1.3', 'pickle5': 'Not installed', 'cloudpickle': '2.2.1', 'deprecation': '2.1.0', 'xxhash': '3.3.0', 'wurlitzer': '3.0.3'}, 'python': {'version': '3.10.12', 'machine': 'x86_64'}}
  warnings.warn(

2025-04-21 21:49:20,775:WARNING:
'cuml' is a soft dependency and not included in the pycaret installation. Please run: `pip install cuml` to install.
2025-04-21 21:49:20,781:WARNING:
'cuml' is a soft dependency and not included in the pycaret installation. Please run: `pip install cuml` to install.
2025-04-21 21:49:20,781:WARNING:
'cuml' is a soft dependency and not included in the pycaret installation. Please run: `pip install cuml` to install.
2025-04-21 21:49:20,781:WARNING:
'cuml' is a soft dependency and not included in the pycaret installation. Please run: `pip install cuml` to install.
2025-04-21 21:49:22,085:INFO:Initializing load_model()
2025-04-21 21:49:22,085:INFO:load_model(model_name=model/phishingdetection, platform=None, authentication=None, verbose=True)
2025-04-21 21:49:22,085:WARNING:C:\Users\Administrator\Desktop\phishing detector project\.venv\lib\site-packages\sklearn\base.py:376: InconsistentVersionWarning: Trying to unpickle estimator SimpleImputer from version 1.2.2 when using version 1.4.2. This might lead to breaking code or invalid results. Use at your own risk. For more info please refer to:
https://scikit-learn.org/stable/model_persistence.html#security-maintainability-limitations
  warnings.warn(

2025-04-21 21:49:22,085:WARNING:C:\Users\Administrator\Desktop\phishing detector project\.venv\lib\site-packages\sklearn\base.py:376: InconsistentVersionWarning: Trying to unpickle estimator PowerTransformer from version 1.2.2 when using version 1.4.2. This might lead to breaking code or invalid results. Use at your own risk. For more info please refer to:
https://scikit-learn.org/stable/model_persistence.html#security-maintainability-limitations
  warnings.warn(

2025-04-21 21:49:22,085:WARNING:C:\Users\Administrator\Desktop\phishing detector project\.venv\lib\site-packages\sklearn\base.py:376: InconsistentVersionWarning: Trying to unpickle estimator StandardScaler from version 1.2.2 when using version 1.4.2. This might lead to breaking code or invalid results. Use at your own risk. For more info please refer to:
https://scikit-learn.org/stable/model_persistence.html#security-maintainability-limitations
  warnings.warn(

2025-04-21 21:49:22,131:WARNING:C:\Users\Administrator\Desktop\phishing detector project\.venv\lib\site-packages\sklearn\base.py:376: InconsistentVersionWarning: Trying to unpickle estimator LabelEncoder from version 1.2.2 when using version 1.4.2. This might lead to breaking code or invalid results. Use at your own risk. For more info please refer to:
https://scikit-learn.org/stable/model_persistence.html#security-maintainability-limitations
  warnings.warn(

2025-04-21 21:49:22,140:WARNING:C:\Users\Administrator\Desktop\phishing detector project\.venv\lib\site-packages\pycaret\internal\pipeline.py:146: UserWarning: Version mismatch:
current: {'deps_info': {'pip': '25.0.1', 'setuptools': '65.5.0', 'pycaret': '3.3.1', 'IPython': '8.23.0', 'ipywidgets': '8.1.2', 'tqdm': '4.66.2', 'numpy': '1.26.4', 'pandas': '2.1.4', 'jinja2': '3.1.3', 'scipy': '1.11.4', 'joblib': '1.3.2', 'sklearn': '1.4.2', 'pyod': '1.1.3', 'imblearn': '0.12.2', 'category_encoders': '2.6.3', 'lightgbm': '4.3.0', 'numba': '0.59.1', 'requests': '2.31.0', 'matplotlib': '3.7.5', 'scikitplot': '0.3.7', 'yellowbrick': '1.5', 'plotly': '5.21.0', 'plotly-resampler': 'Not installed', 'kaleido': '0.2.1', 'schemdraw': '0.15', 'statsmodels': '0.14.2', 'sktime': '0.26.0', 'tbats': '1.1.3', 'pmdarima': '2.0.4', 'psutil': '5.9.8', 'markupsafe': '2.1.5', 'pickle5': 'Not installed', 'cloudpickle': '3.0.0', 'deprecation': '2.1.0', 'xxhash': '3.4.1', 'wurlitzer': 'Not installed'}, 'python': {'version': '3.10.11', 'machine': 'AMD64'}}
pickle: {'deps_info': {'pip': '23.1.2', 'setuptools': '67.7.2', 'pycaret': '3.0.4', 'IPython': '7.34.0', 'ipywidgets': '7.7.1', 'tqdm': '4.66.1', 'numpy': '1.23.5', 'pandas': '1.5.3', 'jinja2': '3.1.2', 'scipy': '1.10.1', 'joblib': '1.3.2', 'sklearn': '1.2.2', 'pyod': '1.1.0', 'imblearn': '0.10.1', 'category_encoders': '2.6.2', 'lightgbm': '4.0.0', 'numba': '0.56.4', 'requests': '2.31.0', 'matplotlib': '3.7.1', 'scikitplot': '0.3.7', 'yellowbrick': '1.5', 'plotly': '5.15.0', 'plotly-resampler': 'Not installed', 'kaleido': '0.2.1', 'schemdraw': '0.15', 'statsmodels': '0.14.0', 'sktime': '0.22.0', 'tbats': '1.1.3', 'pmdarima': '2.0.3', 'psutil': '5.9.5', 'markupsafe': '2.1.3', 'pickle5': 'Not installed', 'cloudpickle': '2.2.1', 'deprecation': '2.1.0', 'xxhash': '3.3.0', 'wurlitzer': '3.0.3'}, 'python': {'version': '3.10.12', 'machine': 'x86_64'}}
  warnings.warn(

2025-04-21 21:49:28,921:WARNING:C:\Users\Administrator\Desktop\phishing detector project\.venv\lib\site-packages\sklearn\base.py:376: InconsistentVersionWarning: Trying to unpickle estimator PCA from version 1.2.2 when using version 1.4.2. This might lead to breaking code or invalid results. Use at your own risk. For more info please refer to:
https://scikit-learn.org/stable/model_persistence.html#security-maintainability-limitations
  warnings.warn(

2025-04-21 21:49:28,952:INFO:Initializing predict_model()
2025-04-21 21:49:28,952:INFO:predict_model(self=<pycaret.classification.oop.ClassificationExperiment object at 0x00000196F4A11420>, estimator=Pipeline(memory=FastMemory(location=/tmp/joblib),
         steps=[('numerical_imputer',
                 TransformerWrapper(include=['domain_att', 'URL_Length',
                                             'URL_Depth'],
                                    transformer=SimpleImputer())),
                ('categorical_imputer',
                 TransformerWrapper(include=[],
                                    transformer=SimpleImputer(strategy='most_frequent'))),
                ('transformation',
                 TransformerWrapper(transformer=PowerTransformer(standardize=False))),
                ('normalize', TransformerWrapper(transformer=StandardScaler())),
                ('clean_column_names',
                 TransformerWrapper(transformer=CleanColumnNames())),
                ('trained_model', LGBMClassifier(n_jobs=-1, random_state=321))]), probability_threshold=None, encoded_labels=False, raw_score=False, round=4, verbose=True, ml_usecase=None, preprocess=True, encode_labels=<function _SupervisedExperiment.predict_model.<locals>.encode_labels at 0x00000196F49CE710>)
2025-04-21 21:49:28,952:INFO:Checking exceptions
2025-04-21 21:49:28,952:INFO:Preloading libraries
2025-04-21 21:49:28,952:INFO:Set up data.
2025-04-21 21:49:28,952:INFO:Set up index.
2025-04-21 21:49:33,656:WARNING:C:\Users\Administrator\Desktop\phishing detector project\.venv\lib\site-packages\sklearn\base.py:376: InconsistentVersionWarning: Trying to unpickle estimator PCA from version 1.2.2 when using version 1.4.2. This might lead to breaking code or invalid results. Use at your own risk. For more info please refer to:
https://scikit-learn.org/stable/model_persistence.html#security-maintainability-limitations
  warnings.warn(

2025-04-21 21:49:33,677:INFO:Initializing predict_model()
2025-04-21 21:49:33,677:INFO:predict_model(self=<pycaret.classification.oop.ClassificationExperiment object at 0x00000196F4A10EE0>, estimator=Pipeline(memory=FastMemory(location=/tmp/joblib),
         steps=[('numerical_imputer',
                 TransformerWrapper(include=['domain_att', 'URL_Length',
                                             'URL_Depth'],
                                    transformer=SimpleImputer())),
                ('categorical_imputer',
                 TransformerWrapper(include=[],
                                    transformer=SimpleImputer(strategy='most_frequent'))),
                ('transformation',
                 TransformerWrapper(transformer=PowerTransformer(standardize=False))),
                ('normalize', TransformerWrapper(transformer=StandardScaler())),
                ('clean_column_names',
                 TransformerWrapper(transformer=CleanColumnNames())),
                ('trained_model', LGBMClassifier(n_jobs=-1, random_state=321))]), probability_threshold=None, encoded_labels=False, raw_score=False, round=4, verbose=True, ml_usecase=None, preprocess=True, encode_labels=<function _SupervisedExperiment.predict_model.<locals>.encode_labels at 0x00000196F49CE4D0>)
2025-04-21 21:49:33,677:INFO:Checking exceptions
2025-04-21 21:49:33,677:INFO:Preloading libraries
2025-04-21 21:49:33,688:INFO:Set up data.
2025-04-21 21:49:33,694:INFO:Set up index.
2025-04-21 21:51:00,710:WARNING:C:\Users\Administrator\Desktop\phishing detector project\.venv\lib\site-packages\sklearn\base.py:376: InconsistentVersionWarning: Trying to unpickle estimator PCA from version 1.2.2 when using version 1.4.2. This might lead to breaking code or invalid results. Use at your own risk. For more info please refer to:
https://scikit-learn.org/stable/model_persistence.html#security-maintainability-limitations
  warnings.warn(

2025-04-21 21:51:00,730:INFO:Initializing predict_model()
2025-04-21 21:51:00,730:INFO:predict_model(self=<pycaret.classification.oop.ClassificationExperiment object at 0x00000196F4A26BF0>, estimator=Pipeline(memory=FastMemory(location=/tmp/joblib),
         steps=[('numerical_imputer',
                 TransformerWrapper(include=['domain_att', 'URL_Length',
                                             'URL_Depth'],
                                    transformer=SimpleImputer())),
                ('categorical_imputer',
                 TransformerWrapper(include=[],
                                    transformer=SimpleImputer(strategy='most_frequent'))),
                ('transformation',
                 TransformerWrapper(transformer=PowerTransformer(standardize=False))),
                ('normalize', TransformerWrapper(transformer=StandardScaler())),
                ('clean_column_names',
                 TransformerWrapper(transformer=CleanColumnNames())),
                ('trained_model', LGBMClassifier(n_jobs=-1, random_state=321))]), probability_threshold=None, encoded_labels=False, raw_score=False, round=4, verbose=True, ml_usecase=None, preprocess=True, encode_labels=<function _SupervisedExperiment.predict_model.<locals>.encode_labels at 0x00000196F49CEE60>)
2025-04-21 21:51:00,730:INFO:Checking exceptions
2025-04-21 21:51:00,730:INFO:Preloading libraries
2025-04-21 21:51:00,730:INFO:Set up data.
2025-04-21 21:51:00,730:INFO:Set up index.
2025-04-21 21:52:43,116:WARNING:
'cuml' is a soft dependency and not included in the pycaret installation. Please run: `pip install cuml` to install.
2025-04-21 21:52:43,116:WARNING:
'cuml' is a soft dependency and not included in the pycaret installation. Please run: `pip install cuml` to install.
2025-04-21 21:52:43,116:WARNING:
'cuml' is a soft dependency and not included in the pycaret installation. Please run: `pip install cuml` to install.
2025-04-21 21:52:43,116:WARNING:
'cuml' is a soft dependency and not included in the pycaret installation. Please run: `pip install cuml` to install.
2025-04-21 21:52:44,393:INFO:Initializing load_model()
2025-04-21 21:52:44,393:INFO:load_model(model_name=model/phishingdetection, platform=None, authentication=None, verbose=True)
2025-04-21 21:52:44,395:WARNING:C:\Users\Administrator\Desktop\phishing detector project\.venv\lib\site-packages\sklearn\base.py:376: InconsistentVersionWarning: Trying to unpickle estimator SimpleImputer from version 1.2.2 when using version 1.4.2. This might lead to breaking code or invalid results. Use at your own risk. For more info please refer to:
https://scikit-learn.org/stable/model_persistence.html#security-maintainability-limitations
  warnings.warn(

2025-04-21 21:52:44,395:WARNING:C:\Users\Administrator\Desktop\phishing detector project\.venv\lib\site-packages\sklearn\base.py:376: InconsistentVersionWarning: Trying to unpickle estimator PowerTransformer from version 1.2.2 when using version 1.4.2. This might lead to breaking code or invalid results. Use at your own risk. For more info please refer to:
https://scikit-learn.org/stable/model_persistence.html#security-maintainability-limitations
  warnings.warn(

2025-04-21 21:52:44,395:WARNING:C:\Users\Administrator\Desktop\phishing detector project\.venv\lib\site-packages\sklearn\base.py:376: InconsistentVersionWarning: Trying to unpickle estimator StandardScaler from version 1.2.2 when using version 1.4.2. This might lead to breaking code or invalid results. Use at your own risk. For more info please refer to:
https://scikit-learn.org/stable/model_persistence.html#security-maintainability-limitations
  warnings.warn(

2025-04-21 21:52:44,434:WARNING:C:\Users\Administrator\Desktop\phishing detector project\.venv\lib\site-packages\sklearn\base.py:376: InconsistentVersionWarning: Trying to unpickle estimator LabelEncoder from version 1.2.2 when using version 1.4.2. This might lead to breaking code or invalid results. Use at your own risk. For more info please refer to:
https://scikit-learn.org/stable/model_persistence.html#security-maintainability-limitations
  warnings.warn(

2025-04-21 21:52:44,444:WARNING:C:\Users\Administrator\Desktop\phishing detector project\.venv\lib\site-packages\pycaret\internal\pipeline.py:146: UserWarning: Version mismatch:
current: {'deps_info': {'pip': '25.0.1', 'setuptools': '65.5.0', 'pycaret': '3.3.1', 'IPython': '8.23.0', 'ipywidgets': '8.1.2', 'tqdm': '4.66.2', 'numpy': '1.26.4', 'pandas': '2.1.4', 'jinja2': '3.1.3', 'scipy': '1.11.4', 'joblib': '1.3.2', 'sklearn': '1.4.2', 'pyod': '1.1.3', 'imblearn': '0.12.2', 'category_encoders': '2.6.3', 'lightgbm': '4.3.0', 'numba': '0.59.1', 'requests': '2.31.0', 'matplotlib': '3.7.5', 'scikitplot': '0.3.7', 'yellowbrick': '1.5', 'plotly': '5.21.0', 'plotly-resampler': 'Not installed', 'kaleido': '0.2.1', 'schemdraw': '0.15', 'statsmodels': '0.14.2', 'sktime': '0.26.0', 'tbats': '1.1.3', 'pmdarima': '2.0.4', 'psutil': '5.9.8', 'markupsafe': '2.1.5', 'pickle5': 'Not installed', 'cloudpickle': '3.0.0', 'deprecation': '2.1.0', 'xxhash': '3.4.1', 'wurlitzer': 'Not installed'}, 'python': {'version': '3.10.11', 'machine': 'AMD64'}}
pickle: {'deps_info': {'pip': '23.1.2', 'setuptools': '67.7.2', 'pycaret': '3.0.4', 'IPython': '7.34.0', 'ipywidgets': '7.7.1', 'tqdm': '4.66.1', 'numpy': '1.23.5', 'pandas': '1.5.3', 'jinja2': '3.1.2', 'scipy': '1.10.1', 'joblib': '1.3.2', 'sklearn': '1.2.2', 'pyod': '1.1.0', 'imblearn': '0.10.1', 'category_encoders': '2.6.2', 'lightgbm': '4.0.0', 'numba': '0.56.4', 'requests': '2.31.0', 'matplotlib': '3.7.1', 'scikitplot': '0.3.7', 'yellowbrick': '1.5', 'plotly': '5.15.0', 'plotly-resampler': 'Not installed', 'kaleido': '0.2.1', 'schemdraw': '0.15', 'statsmodels': '0.14.0', 'sktime': '0.22.0', 'tbats': '1.1.3', 'pmdarima': '2.0.3', 'psutil': '5.9.5', 'markupsafe': '2.1.3', 'pickle5': 'Not installed', 'cloudpickle': '2.2.1', 'deprecation': '2.1.0', 'xxhash': '3.3.0', 'wurlitzer': '3.0.3'}, 'python': {'version': '3.10.12', 'machine': 'x86_64'}}
  warnings.warn(

2025-04-21 21:52:51,343:WARNING:C:\Users\Administrator\Desktop\phishing detector project\.venv\lib\site-packages\sklearn\base.py:376: InconsistentVersionWarning: Trying to unpickle estimator PCA from version 1.2.2 when using version 1.4.2. This might lead to breaking code or invalid results. Use at your own risk. For more info please refer to:
https://scikit-learn.org/stable/model_persistence.html#security-maintainability-limitations
  warnings.warn(

2025-04-21 21:52:51,360:INFO:Initializing predict_model()
2025-04-21 21:52:51,360:INFO:predict_model(self=<pycaret.classification.oop.ClassificationExperiment object at 0x000001F2802459C0>, estimator=Pipeline(memory=FastMemory(location=/tmp/joblib),
         steps=[('numerical_imputer',
                 TransformerWrapper(include=['domain_att', 'URL_Length',
                                             'URL_Depth'],
                                    transformer=SimpleImputer())),
                ('categorical_imputer',
                 TransformerWrapper(include=[],
                                    transformer=SimpleImputer(strategy='most_frequent'))),
                ('transformation',
                 TransformerWrapper(transformer=PowerTransformer(standardize=False))),
                ('normalize', TransformerWrapper(transformer=StandardScaler())),
                ('clean_column_names',
                 TransformerWrapper(transformer=CleanColumnNames())),
                ('trained_model', LGBMClassifier(n_jobs=-1, random_state=321))]), probability_threshold=None, encoded_labels=False, raw_score=False, round=4, verbose=True, ml_usecase=None, preprocess=True, encode_labels=<function _SupervisedExperiment.predict_model.<locals>.encode_labels at 0x000001F28022E680>)
2025-04-21 21:52:51,360:INFO:Checking exceptions
2025-04-21 21:52:51,361:INFO:Preloading libraries
2025-04-21 21:52:51,361:INFO:Set up data.
2025-04-21 21:52:51,364:INFO:Set up index.
2025-04-21 21:52:58,939:WARNING:C:\Users\Administrator\Desktop\phishing detector project\.venv\lib\site-packages\sklearn\base.py:376: InconsistentVersionWarning: Trying to unpickle estimator PCA from version 1.2.2 when using version 1.4.2. This might lead to breaking code or invalid results. Use at your own risk. For more info please refer to:
https://scikit-learn.org/stable/model_persistence.html#security-maintainability-limitations
  warnings.warn(

2025-04-21 21:52:58,964:INFO:Initializing predict_model()
2025-04-21 21:52:58,964:INFO:predict_model(self=<pycaret.classification.oop.ClassificationExperiment object at 0x000001F2802EDDE0>, estimator=Pipeline(memory=FastMemory(location=/tmp/joblib),
         steps=[('numerical_imputer',
                 TransformerWrapper(include=['domain_att', 'URL_Length',
                                             'URL_Depth'],
                                    transformer=SimpleImputer())),
                ('categorical_imputer',
                 TransformerWrapper(include=[],
                                    transformer=SimpleImputer(strategy='most_frequent'))),
                ('transformation',
                 TransformerWrapper(transformer=PowerTransformer(standardize=False))),
                ('normalize', TransformerWrapper(transformer=StandardScaler())),
                ('clean_column_names',
                 TransformerWrapper(transformer=CleanColumnNames())),
                ('trained_model', LGBMClassifier(n_jobs=-1, random_state=321))]), probability_threshold=None, encoded_labels=False, raw_score=False, round=4, verbose=True, ml_usecase=None, preprocess=True, encode_labels=<function _SupervisedExperiment.predict_model.<locals>.encode_labels at 0x000001F28022E5F0>)
2025-04-21 21:52:58,964:INFO:Checking exceptions
2025-04-21 21:52:58,964:INFO:Preloading libraries
2025-04-21 21:52:58,964:INFO:Set up data.
2025-04-21 21:52:58,971:INFO:Set up index.
2025-04-21 21:53:09,005:WARNING:C:\Users\Administrator\Desktop\phishing detector project\.venv\lib\site-packages\sklearn\base.py:376: InconsistentVersionWarning: Trying to unpickle estimator PCA from version 1.2.2 when using version 1.4.2. This might lead to breaking code or invalid results. Use at your own risk. For more info please refer to:
https://scikit-learn.org/stable/model_persistence.html#security-maintainability-limitations
  warnings.warn(

2025-04-21 21:53:09,026:INFO:Initializing predict_model()
2025-04-21 21:53:09,026:INFO:predict_model(self=<pycaret.classification.oop.ClassificationExperiment object at 0x000001F280244A30>, estimator=Pipeline(memory=FastMemory(location=/tmp/joblib),
         steps=[('numerical_imputer',
                 TransformerWrapper(include=['domain_att', 'URL_Length',
                                             'URL_Depth'],
                                    transformer=SimpleImputer())),
                ('categorical_imputer',
                 TransformerWrapper(include=[],
                                    transformer=SimpleImputer(strategy='most_frequent'))),
                ('transformation',
                 TransformerWrapper(transformer=PowerTransformer(standardize=False))),
                ('normalize', TransformerWrapper(transformer=StandardScaler())),
                ('clean_column_names',
                 TransformerWrapper(transformer=CleanColumnNames())),
                ('trained_model', LGBMClassifier(n_jobs=-1, random_state=321))]), probability_threshold=None, encoded_labels=False, raw_score=False, round=4, verbose=True, ml_usecase=None, preprocess=True, encode_labels=<function _SupervisedExperiment.predict_model.<locals>.encode_labels at 0x000001F28022F5B0>)
2025-04-21 21:53:09,035:INFO:Checking exceptions
2025-04-21 21:53:09,035:INFO:Preloading libraries
2025-04-21 21:53:09,036:INFO:Set up data.
2025-04-21 21:53:09,044:INFO:Set up index.
2025-04-21 21:53:23,868:WARNING:
'cuml' is a soft dependency and not included in the pycaret installation. Please run: `pip install cuml` to install.
2025-04-21 21:53:23,868:WARNING:
'cuml' is a soft dependency and not included in the pycaret installation. Please run: `pip install cuml` to install.
2025-04-21 21:53:23,868:WARNING:
'cuml' is a soft dependency and not included in the pycaret installation. Please run: `pip install cuml` to install.
2025-04-21 21:53:23,868:WARNING:
'cuml' is a soft dependency and not included in the pycaret installation. Please run: `pip install cuml` to install.
2025-04-21 21:53:25,201:INFO:Initializing load_model()
2025-04-21 21:53:25,201:INFO:load_model(model_name=model/phishingdetection, platform=None, authentication=None, verbose=True)
2025-04-21 21:53:25,201:WARNING:C:\Users\Administrator\Desktop\phishing detector project\.venv\lib\site-packages\sklearn\base.py:376: InconsistentVersionWarning: Trying to unpickle estimator SimpleImputer from version 1.2.2 when using version 1.4.2. This might lead to breaking code or invalid results. Use at your own risk. For more info please refer to:
https://scikit-learn.org/stable/model_persistence.html#security-maintainability-limitations
  warnings.warn(

2025-04-21 21:53:25,201:WARNING:C:\Users\Administrator\Desktop\phishing detector project\.venv\lib\site-packages\sklearn\base.py:376: InconsistentVersionWarning: Trying to unpickle estimator PowerTransformer from version 1.2.2 when using version 1.4.2. This might lead to breaking code or invalid results. Use at your own risk. For more info please refer to:
https://scikit-learn.org/stable/model_persistence.html#security-maintainability-limitations
  warnings.warn(

2025-04-21 21:53:25,201:WARNING:C:\Users\Administrator\Desktop\phishing detector project\.venv\lib\site-packages\sklearn\base.py:376: InconsistentVersionWarning: Trying to unpickle estimator StandardScaler from version 1.2.2 when using version 1.4.2. This might lead to breaking code or invalid results. Use at your own risk. For more info please refer to:
https://scikit-learn.org/stable/model_persistence.html#security-maintainability-limitations
  warnings.warn(

2025-04-21 21:53:25,244:WARNING:C:\Users\Administrator\Desktop\phishing detector project\.venv\lib\site-packages\sklearn\base.py:376: InconsistentVersionWarning: Trying to unpickle estimator LabelEncoder from version 1.2.2 when using version 1.4.2. This might lead to breaking code or invalid results. Use at your own risk. For more info please refer to:
https://scikit-learn.org/stable/model_persistence.html#security-maintainability-limitations
  warnings.warn(

2025-04-21 21:53:25,253:WARNING:C:\Users\Administrator\Desktop\phishing detector project\.venv\lib\site-packages\pycaret\internal\pipeline.py:146: UserWarning: Version mismatch:
current: {'deps_info': {'pip': '25.0.1', 'setuptools': '65.5.0', 'pycaret': '3.3.1', 'IPython': '8.23.0', 'ipywidgets': '8.1.2', 'tqdm': '4.66.2', 'numpy': '1.26.4', 'pandas': '2.1.4', 'jinja2': '3.1.3', 'scipy': '1.11.4', 'joblib': '1.3.2', 'sklearn': '1.4.2', 'pyod': '1.1.3', 'imblearn': '0.12.2', 'category_encoders': '2.6.3', 'lightgbm': '4.3.0', 'numba': '0.59.1', 'requests': '2.31.0', 'matplotlib': '3.7.5', 'scikitplot': '0.3.7', 'yellowbrick': '1.5', 'plotly': '5.21.0', 'plotly-resampler': 'Not installed', 'kaleido': '0.2.1', 'schemdraw': '0.15', 'statsmodels': '0.14.2', 'sktime': '0.26.0', 'tbats': '1.1.3', 'pmdarima': '2.0.4', 'psutil': '5.9.8', 'markupsafe': '2.1.5', 'pickle5': 'Not installed', 'cloudpickle': '3.0.0', 'deprecation': '2.1.0', 'xxhash': '3.4.1', 'wurlitzer': 'Not installed'}, 'python': {'version': '3.10.11', 'machine': 'AMD64'}}
pickle: {'deps_info': {'pip': '23.1.2', 'setuptools': '67.7.2', 'pycaret': '3.0.4', 'IPython': '7.34.0', 'ipywidgets': '7.7.1', 'tqdm': '4.66.1', 'numpy': '1.23.5', 'pandas': '1.5.3', 'jinja2': '3.1.2', 'scipy': '1.10.1', 'joblib': '1.3.2', 'sklearn': '1.2.2', 'pyod': '1.1.0', 'imblearn': '0.10.1', 'category_encoders': '2.6.2', 'lightgbm': '4.0.0', 'numba': '0.56.4', 'requests': '2.31.0', 'matplotlib': '3.7.1', 'scikitplot': '0.3.7', 'yellowbrick': '1.5', 'plotly': '5.15.0', 'plotly-resampler': 'Not installed', 'kaleido': '0.2.1', 'schemdraw': '0.15', 'statsmodels': '0.14.0', 'sktime': '0.22.0', 'tbats': '1.1.3', 'pmdarima': '2.0.3', 'psutil': '5.9.5', 'markupsafe': '2.1.3', 'pickle5': 'Not installed', 'cloudpickle': '2.2.1', 'deprecation': '2.1.0', 'xxhash': '3.3.0', 'wurlitzer': '3.0.3'}, 'python': {'version': '3.10.12', 'machine': 'x86_64'}}
  warnings.warn(

2025-04-21 21:53:53,462:WARNING:
'cuml' is a soft dependency and not included in the pycaret installation. Please run: `pip install cuml` to install.
2025-04-21 21:53:53,462:WARNING:
'cuml' is a soft dependency and not included in the pycaret installation. Please run: `pip install cuml` to install.
2025-04-21 21:53:53,462:WARNING:
'cuml' is a soft dependency and not included in the pycaret installation. Please run: `pip install cuml` to install.
2025-04-21 21:53:53,462:WARNING:
'cuml' is a soft dependency and not included in the pycaret installation. Please run: `pip install cuml` to install.
2025-04-21 21:53:54,545:INFO:Initializing load_model()
2025-04-21 21:53:54,545:INFO:load_model(model_name=model/phishingdetection, platform=None, authentication=None, verbose=True)
2025-04-21 21:53:54,545:WARNING:C:\Users\Administrator\Desktop\phishing detector project\.venv\lib\site-packages\sklearn\base.py:376: InconsistentVersionWarning: Trying to unpickle estimator SimpleImputer from version 1.2.2 when using version 1.4.2. This might lead to breaking code or invalid results. Use at your own risk. For more info please refer to:
https://scikit-learn.org/stable/model_persistence.html#security-maintainability-limitations
  warnings.warn(

2025-04-21 21:53:54,545:WARNING:C:\Users\Administrator\Desktop\phishing detector project\.venv\lib\site-packages\sklearn\base.py:376: InconsistentVersionWarning: Trying to unpickle estimator PowerTransformer from version 1.2.2 when using version 1.4.2. This might lead to breaking code or invalid results. Use at your own risk. For more info please refer to:
https://scikit-learn.org/stable/model_persistence.html#security-maintainability-limitations
  warnings.warn(

2025-04-21 21:53:54,545:WARNING:C:\Users\Administrator\Desktop\phishing detector project\.venv\lib\site-packages\sklearn\base.py:376: InconsistentVersionWarning: Trying to unpickle estimator StandardScaler from version 1.2.2 when using version 1.4.2. This might lead to breaking code or invalid results. Use at your own risk. For more info please refer to:
https://scikit-learn.org/stable/model_persistence.html#security-maintainability-limitations
  warnings.warn(

2025-04-21 21:53:54,587:WARNING:C:\Users\Administrator\Desktop\phishing detector project\.venv\lib\site-packages\sklearn\base.py:376: InconsistentVersionWarning: Trying to unpickle estimator LabelEncoder from version 1.2.2 when using version 1.4.2. This might lead to breaking code or invalid results. Use at your own risk. For more info please refer to:
https://scikit-learn.org/stable/model_persistence.html#security-maintainability-limitations
  warnings.warn(

2025-04-21 21:53:54,597:WARNING:C:\Users\Administrator\Desktop\phishing detector project\.venv\lib\site-packages\pycaret\internal\pipeline.py:146: UserWarning: Version mismatch:
current: {'deps_info': {'pip': '25.0.1', 'setuptools': '65.5.0', 'pycaret': '3.3.1', 'IPython': '8.23.0', 'ipywidgets': '8.1.2', 'tqdm': '4.66.2', 'numpy': '1.26.4', 'pandas': '2.1.4', 'jinja2': '3.1.3', 'scipy': '1.11.4', 'joblib': '1.3.2', 'sklearn': '1.4.2', 'pyod': '1.1.3', 'imblearn': '0.12.2', 'category_encoders': '2.6.3', 'lightgbm': '4.3.0', 'numba': '0.59.1', 'requests': '2.31.0', 'matplotlib': '3.7.5', 'scikitplot': '0.3.7', 'yellowbrick': '1.5', 'plotly': '5.21.0', 'plotly-resampler': 'Not installed', 'kaleido': '0.2.1', 'schemdraw': '0.15', 'statsmodels': '0.14.2', 'sktime': '0.26.0', 'tbats': '1.1.3', 'pmdarima': '2.0.4', 'psutil': '5.9.8', 'markupsafe': '2.1.5', 'pickle5': 'Not installed', 'cloudpickle': '3.0.0', 'deprecation': '2.1.0', 'xxhash': '3.4.1', 'wurlitzer': 'Not installed'}, 'python': {'version': '3.10.11', 'machine': 'AMD64'}}
pickle: {'deps_info': {'pip': '23.1.2', 'setuptools': '67.7.2', 'pycaret': '3.0.4', 'IPython': '7.34.0', 'ipywidgets': '7.7.1', 'tqdm': '4.66.1', 'numpy': '1.23.5', 'pandas': '1.5.3', 'jinja2': '3.1.2', 'scipy': '1.10.1', 'joblib': '1.3.2', 'sklearn': '1.2.2', 'pyod': '1.1.0', 'imblearn': '0.10.1', 'category_encoders': '2.6.2', 'lightgbm': '4.0.0', 'numba': '0.56.4', 'requests': '2.31.0', 'matplotlib': '3.7.1', 'scikitplot': '0.3.7', 'yellowbrick': '1.5', 'plotly': '5.15.0', 'plotly-resampler': 'Not installed', 'kaleido': '0.2.1', 'schemdraw': '0.15', 'statsmodels': '0.14.0', 'sktime': '0.22.0', 'tbats': '1.1.3', 'pmdarima': '2.0.3', 'psutil': '5.9.5', 'markupsafe': '2.1.3', 'pickle5': 'Not installed', 'cloudpickle': '2.2.1', 'deprecation': '2.1.0', 'xxhash': '3.3.0', 'wurlitzer': '3.0.3'}, 'python': {'version': '3.10.12', 'machine': 'x86_64'}}
  warnings.warn(

2025-04-21 21:53:57,701:WARNING:
'cuml' is a soft dependency and not included in the pycaret installation. Please run: `pip install cuml` to install.
2025-04-21 21:53:57,701:WARNING:
'cuml' is a soft dependency and not included in the pycaret installation. Please run: `pip install cuml` to install.
2025-04-21 21:53:57,701:WARNING:
'cuml' is a soft dependency and not included in the pycaret installation. Please run: `pip install cuml` to install.
2025-04-21 21:53:57,701:WARNING:
'cuml' is a soft dependency and not included in the pycaret installation. Please run: `pip install cuml` to install.
2025-04-21 21:53:59,009:INFO:Initializing load_model()
2025-04-21 21:53:59,009:INFO:load_model(model_name=model/phishingdetection, platform=None, authentication=None, verbose=True)
2025-04-21 21:53:59,009:WARNING:C:\Users\Administrator\Desktop\phishing detector project\.venv\lib\site-packages\sklearn\base.py:376: InconsistentVersionWarning: Trying to unpickle estimator SimpleImputer from version 1.2.2 when using version 1.4.2. This might lead to breaking code or invalid results. Use at your own risk. For more info please refer to:
https://scikit-learn.org/stable/model_persistence.html#security-maintainability-limitations
  warnings.warn(

2025-04-21 21:53:59,009:WARNING:C:\Users\Administrator\Desktop\phishing detector project\.venv\lib\site-packages\sklearn\base.py:376: InconsistentVersionWarning: Trying to unpickle estimator PowerTransformer from version 1.2.2 when using version 1.4.2. This might lead to breaking code or invalid results. Use at your own risk. For more info please refer to:
https://scikit-learn.org/stable/model_persistence.html#security-maintainability-limitations
  warnings.warn(

2025-04-21 21:53:59,009:WARNING:C:\Users\Administrator\Desktop\phishing detector project\.venv\lib\site-packages\sklearn\base.py:376: InconsistentVersionWarning: Trying to unpickle estimator StandardScaler from version 1.2.2 when using version 1.4.2. This might lead to breaking code or invalid results. Use at your own risk. For more info please refer to:
https://scikit-learn.org/stable/model_persistence.html#security-maintainability-limitations
  warnings.warn(

2025-04-21 21:53:59,050:WARNING:C:\Users\Administrator\Desktop\phishing detector project\.venv\lib\site-packages\sklearn\base.py:376: InconsistentVersionWarning: Trying to unpickle estimator LabelEncoder from version 1.2.2 when using version 1.4.2. This might lead to breaking code or invalid results. Use at your own risk. For more info please refer to:
https://scikit-learn.org/stable/model_persistence.html#security-maintainability-limitations
  warnings.warn(

2025-04-21 21:53:59,060:WARNING:C:\Users\Administrator\Desktop\phishing detector project\.venv\lib\site-packages\pycaret\internal\pipeline.py:146: UserWarning: Version mismatch:
current: {'deps_info': {'pip': '25.0.1', 'setuptools': '65.5.0', 'pycaret': '3.3.1', 'IPython': '8.23.0', 'ipywidgets': '8.1.2', 'tqdm': '4.66.2', 'numpy': '1.26.4', 'pandas': '2.1.4', 'jinja2': '3.1.3', 'scipy': '1.11.4', 'joblib': '1.3.2', 'sklearn': '1.4.2', 'pyod': '1.1.3', 'imblearn': '0.12.2', 'category_encoders': '2.6.3', 'lightgbm': '4.3.0', 'numba': '0.59.1', 'requests': '2.31.0', 'matplotlib': '3.7.5', 'scikitplot': '0.3.7', 'yellowbrick': '1.5', 'plotly': '5.21.0', 'plotly-resampler': 'Not installed', 'kaleido': '0.2.1', 'schemdraw': '0.15', 'statsmodels': '0.14.2', 'sktime': '0.26.0', 'tbats': '1.1.3', 'pmdarima': '2.0.4', 'psutil': '5.9.8', 'markupsafe': '2.1.5', 'pickle5': 'Not installed', 'cloudpickle': '3.0.0', 'deprecation': '2.1.0', 'xxhash': '3.4.1', 'wurlitzer': 'Not installed'}, 'python': {'version': '3.10.11', 'machine': 'AMD64'}}
pickle: {'deps_info': {'pip': '23.1.2', 'setuptools': '67.7.2', 'pycaret': '3.0.4', 'IPython': '7.34.0', 'ipywidgets': '7.7.1', 'tqdm': '4.66.1', 'numpy': '1.23.5', 'pandas': '1.5.3', 'jinja2': '3.1.2', 'scipy': '1.10.1', 'joblib': '1.3.2', 'sklearn': '1.2.2', 'pyod': '1.1.0', 'imblearn': '0.10.1', 'category_encoders': '2.6.2', 'lightgbm': '4.0.0', 'numba': '0.56.4', 'requests': '2.31.0', 'matplotlib': '3.7.1', 'scikitplot': '0.3.7', 'yellowbrick': '1.5', 'plotly': '5.15.0', 'plotly-resampler': 'Not installed', 'kaleido': '0.2.1', 'schemdraw': '0.15', 'statsmodels': '0.14.0', 'sktime': '0.22.0', 'tbats': '1.1.3', 'pmdarima': '2.0.3', 'psutil': '5.9.5', 'markupsafe': '2.1.3', 'pickle5': 'Not installed', 'cloudpickle': '2.2.1', 'deprecation': '2.1.0', 'xxhash': '3.3.0', 'wurlitzer': '3.0.3'}, 'python': {'version': '3.10.12', 'machine': 'x86_64'}}
  warnings.warn(

2025-04-21 21:54:00,524:WARNING:C:\Users\Administrator\Desktop\phishing detector project\.venv\lib\site-packages\sklearn\base.py:376: InconsistentVersionWarning: Trying to unpickle estimator PCA from version 1.2.2 when using version 1.4.2. This might lead to breaking code or invalid results. Use at your own risk. For more info please refer to:
https://scikit-learn.org/stable/model_persistence.html#security-maintainability-limitations
  warnings.warn(

2025-04-21 21:54:00,549:INFO:Initializing predict_model()
2025-04-21 21:54:00,549:INFO:predict_model(self=<pycaret.classification.oop.ClassificationExperiment object at 0x000001F832E04C40>, estimator=Pipeline(memory=FastMemory(location=/tmp/joblib),
         steps=[('numerical_imputer',
                 TransformerWrapper(include=['domain_att', 'URL_Length',
                                             'URL_Depth'],
                                    transformer=SimpleImputer())),
                ('categorical_imputer',
                 TransformerWrapper(include=[],
                                    transformer=SimpleImputer(strategy='most_frequent'))),
                ('transformation',
                 TransformerWrapper(transformer=PowerTransformer(standardize=False))),
                ('normalize', TransformerWrapper(transformer=StandardScaler())),
                ('clean_column_names',
                 TransformerWrapper(transformer=CleanColumnNames())),
                ('trained_model', LGBMClassifier(n_jobs=-1, random_state=321))]), probability_threshold=None, encoded_labels=False, raw_score=False, round=4, verbose=True, ml_usecase=None, preprocess=True, encode_labels=<function _SupervisedExperiment.predict_model.<locals>.encode_labels at 0x000001F832DEE680>)
2025-04-21 21:54:00,549:INFO:Checking exceptions
2025-04-21 21:54:00,549:INFO:Preloading libraries
2025-04-21 21:54:00,549:INFO:Set up data.
2025-04-21 21:54:00,549:INFO:Set up index.
2025-04-21 21:54:07,036:WARNING:C:\Users\Administrator\Desktop\phishing detector project\.venv\lib\site-packages\sklearn\base.py:376: InconsistentVersionWarning: Trying to unpickle estimator PCA from version 1.2.2 when using version 1.4.2. This might lead to breaking code or invalid results. Use at your own risk. For more info please refer to:
https://scikit-learn.org/stable/model_persistence.html#security-maintainability-limitations
  warnings.warn(

2025-04-21 21:54:07,057:INFO:Initializing predict_model()
2025-04-21 21:54:07,057:INFO:predict_model(self=<pycaret.classification.oop.ClassificationExperiment object at 0x000001F832FCFEE0>, estimator=Pipeline(memory=FastMemory(location=/tmp/joblib),
         steps=[('numerical_imputer',
                 TransformerWrapper(include=['domain_att', 'URL_Length',
                                             'URL_Depth'],
                                    transformer=SimpleImputer())),
                ('categorical_imputer',
                 TransformerWrapper(include=[],
                                    transformer=SimpleImputer(strategy='most_frequent'))),
                ('transformation',
                 TransformerWrapper(transformer=PowerTransformer(standardize=False))),
                ('normalize', TransformerWrapper(transformer=StandardScaler())),
                ('clean_column_names',
                 TransformerWrapper(transformer=CleanColumnNames())),
                ('trained_model', LGBMClassifier(n_jobs=-1, random_state=321))]), probability_threshold=None, encoded_labels=False, raw_score=False, round=4, verbose=True, ml_usecase=None, preprocess=True, encode_labels=<function _SupervisedExperiment.predict_model.<locals>.encode_labels at 0x000001F832DEEDD0>)
2025-04-21 21:54:07,057:INFO:Checking exceptions
2025-04-21 21:54:07,057:INFO:Preloading libraries
2025-04-21 21:54:07,057:INFO:Set up data.
2025-04-21 21:54:07,063:INFO:Set up index.
2025-04-21 21:56:26,641:WARNING:
'cuml' is a soft dependency and not included in the pycaret installation. Please run: `pip install cuml` to install.
2025-04-21 21:56:26,641:WARNING:
'cuml' is a soft dependency and not included in the pycaret installation. Please run: `pip install cuml` to install.
2025-04-21 21:56:26,641:WARNING:
'cuml' is a soft dependency and not included in the pycaret installation. Please run: `pip install cuml` to install.
2025-04-21 21:56:26,641:WARNING:
'cuml' is a soft dependency and not included in the pycaret installation. Please run: `pip install cuml` to install.
2025-04-21 21:56:27,819:INFO:Initializing load_model()
2025-04-21 21:56:27,819:INFO:load_model(model_name=model/phishingdetection, platform=None, authentication=None, verbose=True)
2025-04-21 21:56:27,821:WARNING:C:\Users\Administrator\Desktop\phishing detector project\.venv\lib\site-packages\sklearn\base.py:376: InconsistentVersionWarning: Trying to unpickle estimator SimpleImputer from version 1.2.2 when using version 1.4.2. This might lead to breaking code or invalid results. Use at your own risk. For more info please refer to:
https://scikit-learn.org/stable/model_persistence.html#security-maintainability-limitations
  warnings.warn(

2025-04-21 21:56:27,821:WARNING:C:\Users\Administrator\Desktop\phishing detector project\.venv\lib\site-packages\sklearn\base.py:376: InconsistentVersionWarning: Trying to unpickle estimator PowerTransformer from version 1.2.2 when using version 1.4.2. This might lead to breaking code or invalid results. Use at your own risk. For more info please refer to:
https://scikit-learn.org/stable/model_persistence.html#security-maintainability-limitations
  warnings.warn(

2025-04-21 21:56:27,823:WARNING:C:\Users\Administrator\Desktop\phishing detector project\.venv\lib\site-packages\sklearn\base.py:376: InconsistentVersionWarning: Trying to unpickle estimator StandardScaler from version 1.2.2 when using version 1.4.2. This might lead to breaking code or invalid results. Use at your own risk. For more info please refer to:
https://scikit-learn.org/stable/model_persistence.html#security-maintainability-limitations
  warnings.warn(

2025-04-21 21:56:27,862:WARNING:C:\Users\Administrator\Desktop\phishing detector project\.venv\lib\site-packages\sklearn\base.py:376: InconsistentVersionWarning: Trying to unpickle estimator LabelEncoder from version 1.2.2 when using version 1.4.2. This might lead to breaking code or invalid results. Use at your own risk. For more info please refer to:
https://scikit-learn.org/stable/model_persistence.html#security-maintainability-limitations
  warnings.warn(

2025-04-21 21:56:27,873:WARNING:C:\Users\Administrator\Desktop\phishing detector project\.venv\lib\site-packages\pycaret\internal\pipeline.py:146: UserWarning: Version mismatch:
current: {'deps_info': {'pip': '25.0.1', 'setuptools': '65.5.0', 'pycaret': '3.3.1', 'IPython': '8.23.0', 'ipywidgets': '8.1.2', 'tqdm': '4.66.2', 'numpy': '1.26.4', 'pandas': '2.1.4', 'jinja2': '3.1.3', 'scipy': '1.11.4', 'joblib': '1.3.2', 'sklearn': '1.4.2', 'pyod': '1.1.3', 'imblearn': '0.12.2', 'category_encoders': '2.6.3', 'lightgbm': '4.3.0', 'numba': '0.59.1', 'requests': '2.31.0', 'matplotlib': '3.7.5', 'scikitplot': '0.3.7', 'yellowbrick': '1.5', 'plotly': '5.21.0', 'plotly-resampler': 'Not installed', 'kaleido': '0.2.1', 'schemdraw': '0.15', 'statsmodels': '0.14.2', 'sktime': '0.26.0', 'tbats': '1.1.3', 'pmdarima': '2.0.4', 'psutil': '5.9.8', 'markupsafe': '2.1.5', 'pickle5': 'Not installed', 'cloudpickle': '3.0.0', 'deprecation': '2.1.0', 'xxhash': '3.4.1', 'wurlitzer': 'Not installed'}, 'python': {'version': '3.10.11', 'machine': 'AMD64'}}
pickle: {'deps_info': {'pip': '23.1.2', 'setuptools': '67.7.2', 'pycaret': '3.0.4', 'IPython': '7.34.0', 'ipywidgets': '7.7.1', 'tqdm': '4.66.1', 'numpy': '1.23.5', 'pandas': '1.5.3', 'jinja2': '3.1.2', 'scipy': '1.10.1', 'joblib': '1.3.2', 'sklearn': '1.2.2', 'pyod': '1.1.0', 'imblearn': '0.10.1', 'category_encoders': '2.6.2', 'lightgbm': '4.0.0', 'numba': '0.56.4', 'requests': '2.31.0', 'matplotlib': '3.7.1', 'scikitplot': '0.3.7', 'yellowbrick': '1.5', 'plotly': '5.15.0', 'plotly-resampler': 'Not installed', 'kaleido': '0.2.1', 'schemdraw': '0.15', 'statsmodels': '0.14.0', 'sktime': '0.22.0', 'tbats': '1.1.3', 'pmdarima': '2.0.3', 'psutil': '5.9.5', 'markupsafe': '2.1.3', 'pickle5': 'Not installed', 'cloudpickle': '2.2.1', 'deprecation': '2.1.0', 'xxhash': '3.3.0', 'wurlitzer': '3.0.3'}, 'python': {'version': '3.10.12', 'machine': 'x86_64'}}
  warnings.warn(

2025-04-21 21:56:34,273:WARNING:
'cuml' is a soft dependency and not included in the pycaret installation. Please run: `pip install cuml` to install.
2025-04-21 21:56:34,273:WARNING:
'cuml' is a soft dependency and not included in the pycaret installation. Please run: `pip install cuml` to install.
2025-04-21 21:56:34,273:WARNING:
'cuml' is a soft dependency and not included in the pycaret installation. Please run: `pip install cuml` to install.
2025-04-21 21:56:34,273:WARNING:
'cuml' is a soft dependency and not included in the pycaret installation. Please run: `pip install cuml` to install.
2025-04-21 21:56:35,557:INFO:Initializing load_model()
2025-04-21 21:56:35,557:INFO:load_model(model_name=model/phishingdetection, platform=None, authentication=None, verbose=True)
2025-04-21 21:56:35,562:WARNING:C:\Users\Administrator\Desktop\phishing detector project\.venv\lib\site-packages\sklearn\base.py:376: InconsistentVersionWarning: Trying to unpickle estimator SimpleImputer from version 1.2.2 when using version 1.4.2. This might lead to breaking code or invalid results. Use at your own risk. For more info please refer to:
https://scikit-learn.org/stable/model_persistence.html#security-maintainability-limitations
  warnings.warn(

2025-04-21 21:56:35,562:WARNING:C:\Users\Administrator\Desktop\phishing detector project\.venv\lib\site-packages\sklearn\base.py:376: InconsistentVersionWarning: Trying to unpickle estimator PowerTransformer from version 1.2.2 when using version 1.4.2. This might lead to breaking code or invalid results. Use at your own risk. For more info please refer to:
https://scikit-learn.org/stable/model_persistence.html#security-maintainability-limitations
  warnings.warn(

2025-04-21 21:56:35,563:WARNING:C:\Users\Administrator\Desktop\phishing detector project\.venv\lib\site-packages\sklearn\base.py:376: InconsistentVersionWarning: Trying to unpickle estimator StandardScaler from version 1.2.2 when using version 1.4.2. This might lead to breaking code or invalid results. Use at your own risk. For more info please refer to:
https://scikit-learn.org/stable/model_persistence.html#security-maintainability-limitations
  warnings.warn(

2025-04-21 21:56:35,609:WARNING:C:\Users\Administrator\Desktop\phishing detector project\.venv\lib\site-packages\sklearn\base.py:376: InconsistentVersionWarning: Trying to unpickle estimator LabelEncoder from version 1.2.2 when using version 1.4.2. This might lead to breaking code or invalid results. Use at your own risk. For more info please refer to:
https://scikit-learn.org/stable/model_persistence.html#security-maintainability-limitations
  warnings.warn(

2025-04-21 21:56:35,620:WARNING:C:\Users\Administrator\Desktop\phishing detector project\.venv\lib\site-packages\pycaret\internal\pipeline.py:146: UserWarning: Version mismatch:
current: {'deps_info': {'pip': '25.0.1', 'setuptools': '65.5.0', 'pycaret': '3.3.1', 'IPython': '8.23.0', 'ipywidgets': '8.1.2', 'tqdm': '4.66.2', 'numpy': '1.26.4', 'pandas': '2.1.4', 'jinja2': '3.1.3', 'scipy': '1.11.4', 'joblib': '1.3.2', 'sklearn': '1.4.2', 'pyod': '1.1.3', 'imblearn': '0.12.2', 'category_encoders': '2.6.3', 'lightgbm': '4.3.0', 'numba': '0.59.1', 'requests': '2.31.0', 'matplotlib': '3.7.5', 'scikitplot': '0.3.7', 'yellowbrick': '1.5', 'plotly': '5.21.0', 'plotly-resampler': 'Not installed', 'kaleido': '0.2.1', 'schemdraw': '0.15', 'statsmodels': '0.14.2', 'sktime': '0.26.0', 'tbats': '1.1.3', 'pmdarima': '2.0.4', 'psutil': '5.9.8', 'markupsafe': '2.1.5', 'pickle5': 'Not installed', 'cloudpickle': '3.0.0', 'deprecation': '2.1.0', 'xxhash': '3.4.1', 'wurlitzer': 'Not installed'}, 'python': {'version': '3.10.11', 'machine': 'AMD64'}}
pickle: {'deps_info': {'pip': '23.1.2', 'setuptools': '67.7.2', 'pycaret': '3.0.4', 'IPython': '7.34.0', 'ipywidgets': '7.7.1', 'tqdm': '4.66.1', 'numpy': '1.23.5', 'pandas': '1.5.3', 'jinja2': '3.1.2', 'scipy': '1.10.1', 'joblib': '1.3.2', 'sklearn': '1.2.2', 'pyod': '1.1.0', 'imblearn': '0.10.1', 'category_encoders': '2.6.2', 'lightgbm': '4.0.0', 'numba': '0.56.4', 'requests': '2.31.0', 'matplotlib': '3.7.1', 'scikitplot': '0.3.7', 'yellowbrick': '1.5', 'plotly': '5.15.0', 'plotly-resampler': 'Not installed', 'kaleido': '0.2.1', 'schemdraw': '0.15', 'statsmodels': '0.14.0', 'sktime': '0.22.0', 'tbats': '1.1.3', 'pmdarima': '2.0.3', 'psutil': '5.9.5', 'markupsafe': '2.1.3', 'pickle5': 'Not installed', 'cloudpickle': '2.2.1', 'deprecation': '2.1.0', 'xxhash': '3.3.0', 'wurlitzer': '3.0.3'}, 'python': {'version': '3.10.12', 'machine': 'x86_64'}}
  warnings.warn(

2025-04-21 21:56:41,425:WARNING:
'cuml' is a soft dependency and not included in the pycaret installation. Please run: `pip install cuml` to install.
2025-04-21 21:56:41,427:WARNING:
'cuml' is a soft dependency and not included in the pycaret installation. Please run: `pip install cuml` to install.
2025-04-21 21:56:41,427:WARNING:
'cuml' is a soft dependency and not included in the pycaret installation. Please run: `pip install cuml` to install.
2025-04-21 21:56:41,427:WARNING:
'cuml' is a soft dependency and not included in the pycaret installation. Please run: `pip install cuml` to install.
2025-04-21 21:56:42,661:INFO:Initializing load_model()
2025-04-21 21:56:42,662:INFO:load_model(model_name=model/phishingdetection, platform=None, authentication=None, verbose=True)
2025-04-21 21:56:42,664:WARNING:C:\Users\Administrator\Desktop\phishing detector project\.venv\lib\site-packages\sklearn\base.py:376: InconsistentVersionWarning: Trying to unpickle estimator SimpleImputer from version 1.2.2 when using version 1.4.2. This might lead to breaking code or invalid results. Use at your own risk. For more info please refer to:
https://scikit-learn.org/stable/model_persistence.html#security-maintainability-limitations
  warnings.warn(

2025-04-21 21:56:42,665:WARNING:C:\Users\Administrator\Desktop\phishing detector project\.venv\lib\site-packages\sklearn\base.py:376: InconsistentVersionWarning: Trying to unpickle estimator PowerTransformer from version 1.2.2 when using version 1.4.2. This might lead to breaking code or invalid results. Use at your own risk. For more info please refer to:
https://scikit-learn.org/stable/model_persistence.html#security-maintainability-limitations
  warnings.warn(

2025-04-21 21:56:42,666:WARNING:C:\Users\Administrator\Desktop\phishing detector project\.venv\lib\site-packages\sklearn\base.py:376: InconsistentVersionWarning: Trying to unpickle estimator StandardScaler from version 1.2.2 when using version 1.4.2. This might lead to breaking code or invalid results. Use at your own risk. For more info please refer to:
https://scikit-learn.org/stable/model_persistence.html#security-maintainability-limitations
  warnings.warn(

2025-04-21 21:56:42,702:WARNING:C:\Users\Administrator\Desktop\phishing detector project\.venv\lib\site-packages\sklearn\base.py:376: InconsistentVersionWarning: Trying to unpickle estimator LabelEncoder from version 1.2.2 when using version 1.4.2. This might lead to breaking code or invalid results. Use at your own risk. For more info please refer to:
https://scikit-learn.org/stable/model_persistence.html#security-maintainability-limitations
  warnings.warn(

2025-04-21 21:56:42,722:WARNING:C:\Users\Administrator\Desktop\phishing detector project\.venv\lib\site-packages\pycaret\internal\pipeline.py:146: UserWarning: Version mismatch:
current: {'deps_info': {'pip': '25.0.1', 'setuptools': '65.5.0', 'pycaret': '3.3.1', 'IPython': '8.23.0', 'ipywidgets': '8.1.2', 'tqdm': '4.66.2', 'numpy': '1.26.4', 'pandas': '2.1.4', 'jinja2': '3.1.3', 'scipy': '1.11.4', 'joblib': '1.3.2', 'sklearn': '1.4.2', 'pyod': '1.1.3', 'imblearn': '0.12.2', 'category_encoders': '2.6.3', 'lightgbm': '4.3.0', 'numba': '0.59.1', 'requests': '2.31.0', 'matplotlib': '3.7.5', 'scikitplot': '0.3.7', 'yellowbrick': '1.5', 'plotly': '5.21.0', 'plotly-resampler': 'Not installed', 'kaleido': '0.2.1', 'schemdraw': '0.15', 'statsmodels': '0.14.2', 'sktime': '0.26.0', 'tbats': '1.1.3', 'pmdarima': '2.0.4', 'psutil': '5.9.8', 'markupsafe': '2.1.5', 'pickle5': 'Not installed', 'cloudpickle': '3.0.0', 'deprecation': '2.1.0', 'xxhash': '3.4.1', 'wurlitzer': 'Not installed'}, 'python': {'version': '3.10.11', 'machine': 'AMD64'}}
pickle: {'deps_info': {'pip': '23.1.2', 'setuptools': '67.7.2', 'pycaret': '3.0.4', 'IPython': '7.34.0', 'ipywidgets': '7.7.1', 'tqdm': '4.66.1', 'numpy': '1.23.5', 'pandas': '1.5.3', 'jinja2': '3.1.2', 'scipy': '1.10.1', 'joblib': '1.3.2', 'sklearn': '1.2.2', 'pyod': '1.1.0', 'imblearn': '0.10.1', 'category_encoders': '2.6.2', 'lightgbm': '4.0.0', 'numba': '0.56.4', 'requests': '2.31.0', 'matplotlib': '3.7.1', 'scikitplot': '0.3.7', 'yellowbrick': '1.5', 'plotly': '5.15.0', 'plotly-resampler': 'Not installed', 'kaleido': '0.2.1', 'schemdraw': '0.15', 'statsmodels': '0.14.0', 'sktime': '0.22.0', 'tbats': '1.1.3', 'pmdarima': '2.0.3', 'psutil': '5.9.5', 'markupsafe': '2.1.3', 'pickle5': 'Not installed', 'cloudpickle': '2.2.1', 'deprecation': '2.1.0', 'xxhash': '3.3.0', 'wurlitzer': '3.0.3'}, 'python': {'version': '3.10.12', 'machine': 'x86_64'}}
  warnings.warn(

2025-04-21 21:56:48,636:WARNING:
'cuml' is a soft dependency and not included in the pycaret installation. Please run: `pip install cuml` to install.
2025-04-21 21:56:48,636:WARNING:
'cuml' is a soft dependency and not included in the pycaret installation. Please run: `pip install cuml` to install.
2025-04-21 21:56:48,636:WARNING:
'cuml' is a soft dependency and not included in the pycaret installation. Please run: `pip install cuml` to install.
2025-04-21 21:56:48,636:WARNING:
'cuml' is a soft dependency and not included in the pycaret installation. Please run: `pip install cuml` to install.
2025-04-21 21:58:27,180:WARNING:
'cuml' is a soft dependency and not included in the pycaret installation. Please run: `pip install cuml` to install.
2025-04-21 21:58:27,180:WARNING:
'cuml' is a soft dependency and not included in the pycaret installation. Please run: `pip install cuml` to install.
2025-04-21 21:58:27,180:WARNING:
'cuml' is a soft dependency and not included in the pycaret installation. Please run: `pip install cuml` to install.
2025-04-21 21:58:27,180:WARNING:
'cuml' is a soft dependency and not included in the pycaret installation. Please run: `pip install cuml` to install.
2025-04-21 21:58:28,162:INFO:Initializing load_model()
2025-04-21 21:58:28,162:INFO:load_model(model_name=model/phishingdetection, platform=None, authentication=None, verbose=True)
2025-04-21 21:58:28,162:WARNING:C:\Users\Administrator\Desktop\phishing detector project\.venv\lib\site-packages\sklearn\base.py:376: InconsistentVersionWarning: Trying to unpickle estimator SimpleImputer from version 1.2.2 when using version 1.4.2. This might lead to breaking code or invalid results. Use at your own risk. For more info please refer to:
https://scikit-learn.org/stable/model_persistence.html#security-maintainability-limitations
  warnings.warn(

2025-04-21 21:58:28,162:WARNING:C:\Users\Administrator\Desktop\phishing detector project\.venv\lib\site-packages\sklearn\base.py:376: InconsistentVersionWarning: Trying to unpickle estimator PowerTransformer from version 1.2.2 when using version 1.4.2. This might lead to breaking code or invalid results. Use at your own risk. For more info please refer to:
https://scikit-learn.org/stable/model_persistence.html#security-maintainability-limitations
  warnings.warn(

2025-04-21 21:58:28,162:WARNING:C:\Users\Administrator\Desktop\phishing detector project\.venv\lib\site-packages\sklearn\base.py:376: InconsistentVersionWarning: Trying to unpickle estimator StandardScaler from version 1.2.2 when using version 1.4.2. This might lead to breaking code or invalid results. Use at your own risk. For more info please refer to:
https://scikit-learn.org/stable/model_persistence.html#security-maintainability-limitations
  warnings.warn(

2025-04-21 21:58:28,203:WARNING:C:\Users\Administrator\Desktop\phishing detector project\.venv\lib\site-packages\sklearn\base.py:376: InconsistentVersionWarning: Trying to unpickle estimator LabelEncoder from version 1.2.2 when using version 1.4.2. This might lead to breaking code or invalid results. Use at your own risk. For more info please refer to:
https://scikit-learn.org/stable/model_persistence.html#security-maintainability-limitations
  warnings.warn(

2025-04-21 21:58:28,213:WARNING:C:\Users\Administrator\Desktop\phishing detector project\.venv\lib\site-packages\pycaret\internal\pipeline.py:146: UserWarning: Version mismatch:
current: {'deps_info': {'pip': '25.0.1', 'setuptools': '65.5.0', 'pycaret': '3.3.1', 'IPython': '8.23.0', 'ipywidgets': '8.1.2', 'tqdm': '4.66.2', 'numpy': '1.26.4', 'pandas': '2.1.4', 'jinja2': '3.1.3', 'scipy': '1.11.4', 'joblib': '1.3.2', 'sklearn': '1.4.2', 'pyod': '1.1.3', 'imblearn': '0.12.2', 'category_encoders': '2.6.3', 'lightgbm': '4.3.0', 'numba': '0.59.1', 'requests': '2.31.0', 'matplotlib': '3.7.5', 'scikitplot': '0.3.7', 'yellowbrick': '1.5', 'plotly': '5.21.0', 'plotly-resampler': 'Not installed', 'kaleido': '0.2.1', 'schemdraw': '0.15', 'statsmodels': '0.14.2', 'sktime': '0.26.0', 'tbats': '1.1.3', 'pmdarima': '2.0.4', 'psutil': '5.9.8', 'markupsafe': '2.1.5', 'pickle5': 'Not installed', 'cloudpickle': '3.0.0', 'deprecation': '2.1.0', 'xxhash': '3.4.1', 'wurlitzer': 'Not installed'}, 'python': {'version': '3.10.11', 'machine': 'AMD64'}}
pickle: {'deps_info': {'pip': '23.1.2', 'setuptools': '67.7.2', 'pycaret': '3.0.4', 'IPython': '7.34.0', 'ipywidgets': '7.7.1', 'tqdm': '4.66.1', 'numpy': '1.23.5', 'pandas': '1.5.3', 'jinja2': '3.1.2', 'scipy': '1.10.1', 'joblib': '1.3.2', 'sklearn': '1.2.2', 'pyod': '1.1.0', 'imblearn': '0.10.1', 'category_encoders': '2.6.2', 'lightgbm': '4.0.0', 'numba': '0.56.4', 'requests': '2.31.0', 'matplotlib': '3.7.1', 'scikitplot': '0.3.7', 'yellowbrick': '1.5', 'plotly': '5.15.0', 'plotly-resampler': 'Not installed', 'kaleido': '0.2.1', 'schemdraw': '0.15', 'statsmodels': '0.14.0', 'sktime': '0.22.0', 'tbats': '1.1.3', 'pmdarima': '2.0.3', 'psutil': '5.9.5', 'markupsafe': '2.1.3', 'pickle5': 'Not installed', 'cloudpickle': '2.2.1', 'deprecation': '2.1.0', 'xxhash': '3.3.0', 'wurlitzer': '3.0.3'}, 'python': {'version': '3.10.12', 'machine': 'x86_64'}}
  warnings.warn(

2025-04-21 21:58:28,616:WARNING:C:\Users\Administrator\Desktop\phishing detector project\.venv\lib\site-packages\sklearn\base.py:376: InconsistentVersionWarning: Trying to unpickle estimator PCA from version 1.2.2 when using version 1.4.2. This might lead to breaking code or invalid results. Use at your own risk. For more info please refer to:
https://scikit-learn.org/stable/model_persistence.html#security-maintainability-limitations
  warnings.warn(

2025-04-21 21:58:28,653:INFO:Initializing predict_model()
2025-04-21 21:58:28,653:INFO:predict_model(self=<pycaret.classification.oop.ClassificationExperiment object at 0x000001F02600BB20>, estimator=Pipeline(memory=FastMemory(location=/tmp/joblib),
         steps=[('numerical_imputer',
                 TransformerWrapper(include=['domain_att', 'URL_Length',
                                             'URL_Depth'],
                                    transformer=SimpleImputer())),
                ('categorical_imputer',
                 TransformerWrapper(include=[],
                                    transformer=SimpleImputer(strategy='most_frequent'))),
                ('transformation',
                 TransformerWrapper(transformer=PowerTransformer(standardize=False))),
                ('normalize', TransformerWrapper(transformer=StandardScaler())),
                ('clean_column_names',
                 TransformerWrapper(transformer=CleanColumnNames())),
                ('trained_model', LGBMClassifier(n_jobs=-1, random_state=321))]), probability_threshold=None, encoded_labels=False, raw_score=False, round=4, verbose=True, ml_usecase=None, preprocess=True, encode_labels=<function _SupervisedExperiment.predict_model.<locals>.encode_labels at 0x000001F0260F43A0>)
2025-04-21 21:58:28,653:INFO:Checking exceptions
2025-04-21 21:58:28,653:INFO:Preloading libraries
2025-04-21 21:58:28,664:INFO:Set up data.
2025-04-21 21:58:28,668:INFO:Set up index.
2025-04-21 21:58:29,011:WARNING:C:\Users\Administrator\Desktop\phishing detector project\.venv\lib\site-packages\sklearn\base.py:376: InconsistentVersionWarning: Trying to unpickle estimator PCA from version 1.2.2 when using version 1.4.2. This might lead to breaking code or invalid results. Use at your own risk. For more info please refer to:
https://scikit-learn.org/stable/model_persistence.html#security-maintainability-limitations
  warnings.warn(

2025-04-21 21:58:29,043:INFO:Initializing predict_model()
2025-04-21 21:58:29,043:INFO:predict_model(self=<pycaret.classification.oop.ClassificationExperiment object at 0x000001F07E018B20>, estimator=Pipeline(memory=FastMemory(location=/tmp/joblib),
         steps=[('numerical_imputer',
                 TransformerWrapper(include=['domain_att', 'URL_Length',
                                             'URL_Depth'],
                                    transformer=SimpleImputer())),
                ('categorical_imputer',
                 TransformerWrapper(include=[],
                                    transformer=SimpleImputer(strategy='most_frequent'))),
                ('transformation',
                 TransformerWrapper(transformer=PowerTransformer(standardize=False))),
                ('normalize', TransformerWrapper(transformer=StandardScaler())),
                ('clean_column_names',
                 TransformerWrapper(transformer=CleanColumnNames())),
                ('trained_model', LGBMClassifier(n_jobs=-1, random_state=321))]), probability_threshold=None, encoded_labels=False, raw_score=False, round=4, verbose=True, ml_usecase=None, preprocess=True, encode_labels=<function _SupervisedExperiment.predict_model.<locals>.encode_labels at 0x000001F0260F5360>)
2025-04-21 21:58:29,044:INFO:Checking exceptions
2025-04-21 21:58:29,044:INFO:Preloading libraries
2025-04-21 21:58:29,044:INFO:Set up data.
2025-04-21 21:58:29,045:INFO:Set up index.
2025-04-21 21:58:29,461:WARNING:C:\Users\Administrator\Desktop\phishing detector project\.venv\lib\site-packages\sklearn\base.py:376: InconsistentVersionWarning: Trying to unpickle estimator PCA from version 1.2.2 when using version 1.4.2. This might lead to breaking code or invalid results. Use at your own risk. For more info please refer to:
https://scikit-learn.org/stable/model_persistence.html#security-maintainability-limitations
  warnings.warn(

2025-04-21 21:58:29,492:INFO:Initializing predict_model()
2025-04-21 21:58:29,492:INFO:predict_model(self=<pycaret.classification.oop.ClassificationExperiment object at 0x000001F0120242B0>, estimator=Pipeline(memory=FastMemory(location=/tmp/joblib),
         steps=[('numerical_imputer',
                 TransformerWrapper(include=['domain_att', 'URL_Length',
                                             'URL_Depth'],
                                    transformer=SimpleImputer())),
                ('categorical_imputer',
                 TransformerWrapper(include=[],
                                    transformer=SimpleImputer(strategy='most_frequent'))),
                ('transformation',
                 TransformerWrapper(transformer=PowerTransformer(standardize=False))),
                ('normalize', TransformerWrapper(transformer=StandardScaler())),
                ('clean_column_names',
                 TransformerWrapper(transformer=CleanColumnNames())),
                ('trained_model', LGBMClassifier(n_jobs=-1, random_state=321))]), probability_threshold=None, encoded_labels=False, raw_score=False, round=4, verbose=True, ml_usecase=None, preprocess=True, encode_labels=<function _SupervisedExperiment.predict_model.<locals>.encode_labels at 0x000001F0260F56C0>)
2025-04-21 21:58:29,492:INFO:Checking exceptions
2025-04-21 21:58:29,492:INFO:Preloading libraries
2025-04-21 21:58:29,501:INFO:Set up data.
2025-04-21 21:58:29,503:INFO:Set up index.
2025-04-21 21:58:30,330:WARNING:C:\Users\Administrator\Desktop\phishing detector project\.venv\lib\site-packages\sklearn\base.py:376: InconsistentVersionWarning: Trying to unpickle estimator PCA from version 1.2.2 when using version 1.4.2. This might lead to breaking code or invalid results. Use at your own risk. For more info please refer to:
https://scikit-learn.org/stable/model_persistence.html#security-maintainability-limitations
  warnings.warn(

2025-04-21 21:58:30,347:INFO:Initializing predict_model()
2025-04-21 21:58:30,347:INFO:predict_model(self=<pycaret.classification.oop.ClassificationExperiment object at 0x000001F012024310>, estimator=Pipeline(memory=FastMemory(location=/tmp/joblib),
         steps=[('numerical_imputer',
                 TransformerWrapper(include=['domain_att', 'URL_Length',
                                             'URL_Depth'],
                                    transformer=SimpleImputer())),
                ('categorical_imputer',
                 TransformerWrapper(include=[],
                                    transformer=SimpleImputer(strategy='most_frequent'))),
                ('transformation',
                 TransformerWrapper(transformer=PowerTransformer(standardize=False))),
                ('normalize', TransformerWrapper(transformer=StandardScaler())),
                ('clean_column_names',
                 TransformerWrapper(transformer=CleanColumnNames())),
                ('trained_model', LGBMClassifier(n_jobs=-1, random_state=321))]), probability_threshold=None, encoded_labels=False, raw_score=False, round=4, verbose=True, ml_usecase=None, preprocess=True, encode_labels=<function _SupervisedExperiment.predict_model.<locals>.encode_labels at 0x000001F0260F5360>)
2025-04-21 21:58:30,347:INFO:Checking exceptions
2025-04-21 21:58:30,348:INFO:Preloading libraries
2025-04-21 21:58:30,348:INFO:Set up data.
2025-04-21 21:58:30,348:INFO:Set up index.
2025-04-21 22:05:41,611:WARNING:
'cuml' is a soft dependency and not included in the pycaret installation. Please run: `pip install cuml` to install.
2025-04-21 22:05:41,611:WARNING:
'cuml' is a soft dependency and not included in the pycaret installation. Please run: `pip install cuml` to install.
2025-04-21 22:05:41,611:WARNING:
'cuml' is a soft dependency and not included in the pycaret installation. Please run: `pip install cuml` to install.
2025-04-21 22:05:41,611:WARNING:
'cuml' is a soft dependency and not included in the pycaret installation. Please run: `pip install cuml` to install.
2025-04-21 22:05:42,661:INFO:Initializing load_model()
2025-04-21 22:05:42,661:INFO:load_model(model_name=model/phishingdetection, platform=None, authentication=None, verbose=True)
2025-04-21 22:05:42,661:WARNING:C:\Users\Administrator\Desktop\phishing detector project\.venv\lib\site-packages\sklearn\base.py:376: InconsistentVersionWarning: Trying to unpickle estimator SimpleImputer from version 1.2.2 when using version 1.4.2. This might lead to breaking code or invalid results. Use at your own risk. For more info please refer to:
https://scikit-learn.org/stable/model_persistence.html#security-maintainability-limitations
  warnings.warn(

2025-04-21 22:05:42,661:WARNING:C:\Users\Administrator\Desktop\phishing detector project\.venv\lib\site-packages\sklearn\base.py:376: InconsistentVersionWarning: Trying to unpickle estimator PowerTransformer from version 1.2.2 when using version 1.4.2. This might lead to breaking code or invalid results. Use at your own risk. For more info please refer to:
https://scikit-learn.org/stable/model_persistence.html#security-maintainability-limitations
  warnings.warn(

2025-04-21 22:05:42,661:WARNING:C:\Users\Administrator\Desktop\phishing detector project\.venv\lib\site-packages\sklearn\base.py:376: InconsistentVersionWarning: Trying to unpickle estimator StandardScaler from version 1.2.2 when using version 1.4.2. This might lead to breaking code or invalid results. Use at your own risk. For more info please refer to:
https://scikit-learn.org/stable/model_persistence.html#security-maintainability-limitations
  warnings.warn(

2025-04-21 22:05:42,703:WARNING:C:\Users\Administrator\Desktop\phishing detector project\.venv\lib\site-packages\sklearn\base.py:376: InconsistentVersionWarning: Trying to unpickle estimator LabelEncoder from version 1.2.2 when using version 1.4.2. This might lead to breaking code or invalid results. Use at your own risk. For more info please refer to:
https://scikit-learn.org/stable/model_persistence.html#security-maintainability-limitations
  warnings.warn(

2025-04-21 22:05:42,715:WARNING:C:\Users\Administrator\Desktop\phishing detector project\.venv\lib\site-packages\pycaret\internal\pipeline.py:146: UserWarning: Version mismatch:
current: {'deps_info': {'pip': '25.0.1', 'setuptools': '65.5.0', 'pycaret': '3.3.1', 'IPython': '8.23.0', 'ipywidgets': '8.1.2', 'tqdm': '4.66.2', 'numpy': '1.26.4', 'pandas': '2.1.4', 'jinja2': '3.1.3', 'scipy': '1.11.4', 'joblib': '1.3.2', 'sklearn': '1.4.2', 'pyod': '1.1.3', 'imblearn': '0.12.2', 'category_encoders': '2.6.3', 'lightgbm': '4.3.0', 'numba': '0.59.1', 'requests': '2.31.0', 'matplotlib': '3.7.5', 'scikitplot': '0.3.7', 'yellowbrick': '1.5', 'plotly': '5.21.0', 'plotly-resampler': 'Not installed', 'kaleido': '0.2.1', 'schemdraw': '0.15', 'statsmodels': '0.14.2', 'sktime': '0.26.0', 'tbats': '1.1.3', 'pmdarima': '2.0.4', 'psutil': '5.9.8', 'markupsafe': '2.1.5', 'pickle5': 'Not installed', 'cloudpickle': '3.0.0', 'deprecation': '2.1.0', 'xxhash': '3.4.1', 'wurlitzer': 'Not installed'}, 'python': {'version': '3.10.11', 'machine': 'AMD64'}}
pickle: {'deps_info': {'pip': '23.1.2', 'setuptools': '67.7.2', 'pycaret': '3.0.4', 'IPython': '7.34.0', 'ipywidgets': '7.7.1', 'tqdm': '4.66.1', 'numpy': '1.23.5', 'pandas': '1.5.3', 'jinja2': '3.1.2', 'scipy': '1.10.1', 'joblib': '1.3.2', 'sklearn': '1.2.2', 'pyod': '1.1.0', 'imblearn': '0.10.1', 'category_encoders': '2.6.2', 'lightgbm': '4.0.0', 'numba': '0.56.4', 'requests': '2.31.0', 'matplotlib': '3.7.1', 'scikitplot': '0.3.7', 'yellowbrick': '1.5', 'plotly': '5.15.0', 'plotly-resampler': 'Not installed', 'kaleido': '0.2.1', 'schemdraw': '0.15', 'statsmodels': '0.14.0', 'sktime': '0.22.0', 'tbats': '1.1.3', 'pmdarima': '2.0.3', 'psutil': '5.9.5', 'markupsafe': '2.1.3', 'pickle5': 'Not installed', 'cloudpickle': '2.2.1', 'deprecation': '2.1.0', 'xxhash': '3.3.0', 'wurlitzer': '3.0.3'}, 'python': {'version': '3.10.12', 'machine': 'x86_64'}}
  warnings.warn(

2025-04-21 22:05:45,883:WARNING:
'cuml' is a soft dependency and not included in the pycaret installation. Please run: `pip install cuml` to install.
2025-04-21 22:05:45,883:WARNING:
'cuml' is a soft dependency and not included in the pycaret installation. Please run: `pip install cuml` to install.
2025-04-21 22:05:45,883:WARNING:
'cuml' is a soft dependency and not included in the pycaret installation. Please run: `pip install cuml` to install.
2025-04-21 22:05:45,883:WARNING:
'cuml' is a soft dependency and not included in the pycaret installation. Please run: `pip install cuml` to install.
2025-04-21 22:05:47,133:INFO:Initializing load_model()
2025-04-21 22:05:47,133:INFO:load_model(model_name=model/phishingdetection, platform=None, authentication=None, verbose=True)
2025-04-21 22:05:47,137:WARNING:C:\Users\Administrator\Desktop\phishing detector project\.venv\lib\site-packages\sklearn\base.py:376: InconsistentVersionWarning: Trying to unpickle estimator SimpleImputer from version 1.2.2 when using version 1.4.2. This might lead to breaking code or invalid results. Use at your own risk. For more info please refer to:
https://scikit-learn.org/stable/model_persistence.html#security-maintainability-limitations
  warnings.warn(

2025-04-21 22:05:47,137:WARNING:C:\Users\Administrator\Desktop\phishing detector project\.venv\lib\site-packages\sklearn\base.py:376: InconsistentVersionWarning: Trying to unpickle estimator PowerTransformer from version 1.2.2 when using version 1.4.2. This might lead to breaking code or invalid results. Use at your own risk. For more info please refer to:
https://scikit-learn.org/stable/model_persistence.html#security-maintainability-limitations
  warnings.warn(

2025-04-21 22:05:47,137:WARNING:C:\Users\Administrator\Desktop\phishing detector project\.venv\lib\site-packages\sklearn\base.py:376: InconsistentVersionWarning: Trying to unpickle estimator StandardScaler from version 1.2.2 when using version 1.4.2. This might lead to breaking code or invalid results. Use at your own risk. For more info please refer to:
https://scikit-learn.org/stable/model_persistence.html#security-maintainability-limitations
  warnings.warn(

2025-04-21 22:05:47,179:WARNING:C:\Users\Administrator\Desktop\phishing detector project\.venv\lib\site-packages\sklearn\base.py:376: InconsistentVersionWarning: Trying to unpickle estimator LabelEncoder from version 1.2.2 when using version 1.4.2. This might lead to breaking code or invalid results. Use at your own risk. For more info please refer to:
https://scikit-learn.org/stable/model_persistence.html#security-maintainability-limitations
  warnings.warn(

2025-04-21 22:05:47,189:WARNING:C:\Users\Administrator\Desktop\phishing detector project\.venv\lib\site-packages\pycaret\internal\pipeline.py:146: UserWarning: Version mismatch:
current: {'deps_info': {'pip': '25.0.1', 'setuptools': '65.5.0', 'pycaret': '3.3.1', 'IPython': '8.23.0', 'ipywidgets': '8.1.2', 'tqdm': '4.66.2', 'numpy': '1.26.4', 'pandas': '2.1.4', 'jinja2': '3.1.3', 'scipy': '1.11.4', 'joblib': '1.3.2', 'sklearn': '1.4.2', 'pyod': '1.1.3', 'imblearn': '0.12.2', 'category_encoders': '2.6.3', 'lightgbm': '4.3.0', 'numba': '0.59.1', 'requests': '2.31.0', 'matplotlib': '3.7.5', 'scikitplot': '0.3.7', 'yellowbrick': '1.5', 'plotly': '5.21.0', 'plotly-resampler': 'Not installed', 'kaleido': '0.2.1', 'schemdraw': '0.15', 'statsmodels': '0.14.2', 'sktime': '0.26.0', 'tbats': '1.1.3', 'pmdarima': '2.0.4', 'psutil': '5.9.8', 'markupsafe': '2.1.5', 'pickle5': 'Not installed', 'cloudpickle': '3.0.0', 'deprecation': '2.1.0', 'xxhash': '3.4.1', 'wurlitzer': 'Not installed'}, 'python': {'version': '3.10.11', 'machine': 'AMD64'}}
pickle: {'deps_info': {'pip': '23.1.2', 'setuptools': '67.7.2', 'pycaret': '3.0.4', 'IPython': '7.34.0', 'ipywidgets': '7.7.1', 'tqdm': '4.66.1', 'numpy': '1.23.5', 'pandas': '1.5.3', 'jinja2': '3.1.2', 'scipy': '1.10.1', 'joblib': '1.3.2', 'sklearn': '1.2.2', 'pyod': '1.1.0', 'imblearn': '0.10.1', 'category_encoders': '2.6.2', 'lightgbm': '4.0.0', 'numba': '0.56.4', 'requests': '2.31.0', 'matplotlib': '3.7.1', 'scikitplot': '0.3.7', 'yellowbrick': '1.5', 'plotly': '5.15.0', 'plotly-resampler': 'Not installed', 'kaleido': '0.2.1', 'schemdraw': '0.15', 'statsmodels': '0.14.0', 'sktime': '0.22.0', 'tbats': '1.1.3', 'pmdarima': '2.0.3', 'psutil': '5.9.5', 'markupsafe': '2.1.3', 'pickle5': 'Not installed', 'cloudpickle': '2.2.1', 'deprecation': '2.1.0', 'xxhash': '3.3.0', 'wurlitzer': '3.0.3'}, 'python': {'version': '3.10.12', 'machine': 'x86_64'}}
  warnings.warn(

2025-04-21 22:05:54,031:WARNING:C:\Users\Administrator\Desktop\phishing detector project\.venv\lib\site-packages\sklearn\base.py:376: InconsistentVersionWarning: Trying to unpickle estimator PCA from version 1.2.2 when using version 1.4.2. This might lead to breaking code or invalid results. Use at your own risk. For more info please refer to:
https://scikit-learn.org/stable/model_persistence.html#security-maintainability-limitations
  warnings.warn(

2025-04-21 22:05:54,063:INFO:Initializing predict_model()
2025-04-21 22:05:54,063:INFO:predict_model(self=<pycaret.classification.oop.ClassificationExperiment object at 0x0000013DE29E12D0>, estimator=Pipeline(memory=FastMemory(location=/tmp/joblib),
         steps=[('numerical_imputer',
                 TransformerWrapper(include=['domain_att', 'URL_Length',
                                             'URL_Depth'],
                                    transformer=SimpleImputer())),
                ('categorical_imputer',
                 TransformerWrapper(include=[],
                                    transformer=SimpleImputer(strategy='most_frequent'))),
                ('transformation',
                 TransformerWrapper(transformer=PowerTransformer(standardize=False))),
                ('normalize', TransformerWrapper(transformer=StandardScaler())),
                ('clean_column_names',
                 TransformerWrapper(transformer=CleanColumnNames())),
                ('trained_model', LGBMClassifier(n_jobs=-1, random_state=321))]), probability_threshold=None, encoded_labels=False, raw_score=False, round=4, verbose=True, ml_usecase=None, preprocess=True, encode_labels=<function _SupervisedExperiment.predict_model.<locals>.encode_labels at 0x0000013DE299EDD0>)
2025-04-21 22:05:54,065:INFO:Checking exceptions
2025-04-21 22:05:54,065:INFO:Preloading libraries
2025-04-21 22:05:54,065:INFO:Set up data.
2025-04-21 22:05:54,065:INFO:Set up index.
2025-04-21 22:05:59,671:WARNING:C:\Users\Administrator\Desktop\phishing detector project\.venv\lib\site-packages\sklearn\base.py:376: InconsistentVersionWarning: Trying to unpickle estimator PCA from version 1.2.2 when using version 1.4.2. This might lead to breaking code or invalid results. Use at your own risk. For more info please refer to:
https://scikit-learn.org/stable/model_persistence.html#security-maintainability-limitations
  warnings.warn(

2025-04-21 22:05:59,701:INFO:Initializing predict_model()
2025-04-21 22:05:59,703:INFO:predict_model(self=<pycaret.classification.oop.ClassificationExperiment object at 0x0000013DCEB077F0>, estimator=Pipeline(memory=FastMemory(location=/tmp/joblib),
         steps=[('numerical_imputer',
                 TransformerWrapper(include=['domain_att', 'URL_Length',
                                             'URL_Depth'],
                                    transformer=SimpleImputer())),
                ('categorical_imputer',
                 TransformerWrapper(include=[],
                                    transformer=SimpleImputer(strategy='most_frequent'))),
                ('transformation',
                 TransformerWrapper(transformer=PowerTransformer(standardize=False))),
                ('normalize', TransformerWrapper(transformer=StandardScaler())),
                ('clean_column_names',
                 TransformerWrapper(transformer=CleanColumnNames())),
                ('trained_model', LGBMClassifier(n_jobs=-1, random_state=321))]), probability_threshold=None, encoded_labels=False, raw_score=False, round=4, verbose=True, ml_usecase=None, preprocess=True, encode_labels=<function _SupervisedExperiment.predict_model.<locals>.encode_labels at 0x0000013DE299EE60>)
2025-04-21 22:05:59,703:INFO:Checking exceptions
2025-04-21 22:05:59,703:INFO:Preloading libraries
2025-04-21 22:05:59,703:INFO:Set up data.
2025-04-21 22:05:59,708:INFO:Set up index.
2025-04-21 22:06:04,723:WARNING:C:\Users\Administrator\Desktop\phishing detector project\.venv\lib\site-packages\sklearn\base.py:376: InconsistentVersionWarning: Trying to unpickle estimator PCA from version 1.2.2 when using version 1.4.2. This might lead to breaking code or invalid results. Use at your own risk. For more info please refer to:
https://scikit-learn.org/stable/model_persistence.html#security-maintainability-limitations
  warnings.warn(

2025-04-21 22:06:04,741:INFO:Initializing predict_model()
2025-04-21 22:06:04,741:INFO:predict_model(self=<pycaret.classification.oop.ClassificationExperiment object at 0x0000013DE29E0FA0>, estimator=Pipeline(memory=FastMemory(location=/tmp/joblib),
         steps=[('numerical_imputer',
                 TransformerWrapper(include=['domain_att', 'URL_Length',
                                             'URL_Depth'],
                                    transformer=SimpleImputer())),
                ('categorical_imputer',
                 TransformerWrapper(include=[],
                                    transformer=SimpleImputer(strategy='most_frequent'))),
                ('transformation',
                 TransformerWrapper(transformer=PowerTransformer(standardize=False))),
                ('normalize', TransformerWrapper(transformer=StandardScaler())),
                ('clean_column_names',
                 TransformerWrapper(transformer=CleanColumnNames())),
                ('trained_model', LGBMClassifier(n_jobs=-1, random_state=321))]), probability_threshold=None, encoded_labels=False, raw_score=False, round=4, verbose=True, ml_usecase=None, preprocess=True, encode_labels=<function _SupervisedExperiment.predict_model.<locals>.encode_labels at 0x0000013DE299EEF0>)
2025-04-21 22:06:04,741:INFO:Checking exceptions
2025-04-21 22:06:04,741:INFO:Preloading libraries
2025-04-21 22:06:04,741:INFO:Set up data.
2025-04-21 22:06:04,760:INFO:Set up index.
2025-04-21 22:07:13,337:WARNING:C:\Users\Administrator\Desktop\phishing detector project\.venv\lib\site-packages\sklearn\base.py:376: InconsistentVersionWarning: Trying to unpickle estimator PCA from version 1.2.2 when using version 1.4.2. This might lead to breaking code or invalid results. Use at your own risk. For more info please refer to:
https://scikit-learn.org/stable/model_persistence.html#security-maintainability-limitations
  warnings.warn(

2025-04-21 22:07:13,370:INFO:Initializing predict_model()
2025-04-21 22:07:13,370:INFO:predict_model(self=<pycaret.classification.oop.ClassificationExperiment object at 0x0000013DE29F6290>, estimator=Pipeline(memory=FastMemory(location=/tmp/joblib),
         steps=[('numerical_imputer',
                 TransformerWrapper(include=['domain_att', 'URL_Length',
                                             'URL_Depth'],
                                    transformer=SimpleImputer())),
                ('categorical_imputer',
                 TransformerWrapper(include=[],
                                    transformer=SimpleImputer(strategy='most_frequent'))),
                ('transformation',
                 TransformerWrapper(transformer=PowerTransformer(standardize=False))),
                ('normalize', TransformerWrapper(transformer=StandardScaler())),
                ('clean_column_names',
                 TransformerWrapper(transformer=CleanColumnNames())),
                ('trained_model', LGBMClassifier(n_jobs=-1, random_state=321))]), probability_threshold=None, encoded_labels=False, raw_score=False, round=4, verbose=True, ml_usecase=None, preprocess=True, encode_labels=<function _SupervisedExperiment.predict_model.<locals>.encode_labels at 0x0000013DDFCBFD00>)
2025-04-21 22:07:13,370:INFO:Checking exceptions
2025-04-21 22:07:13,372:INFO:Preloading libraries
2025-04-21 22:07:13,372:INFO:Set up data.
2025-04-21 22:07:13,372:INFO:Set up index.
2025-04-21 22:09:29,246:WARNING:
'cuml' is a soft dependency and not included in the pycaret installation. Please run: `pip install cuml` to install.
2025-04-21 22:09:29,246:WARNING:
'cuml' is a soft dependency and not included in the pycaret installation. Please run: `pip install cuml` to install.
2025-04-21 22:09:29,246:WARNING:
'cuml' is a soft dependency and not included in the pycaret installation. Please run: `pip install cuml` to install.
2025-04-21 22:09:29,246:WARNING:
'cuml' is a soft dependency and not included in the pycaret installation. Please run: `pip install cuml` to install.
2025-04-21 22:09:30,434:INFO:Initializing load_model()
2025-04-21 22:09:30,434:INFO:load_model(model_name=model/phishingdetection, platform=None, authentication=None, verbose=True)
2025-04-21 22:09:30,434:WARNING:C:\Users\Administrator\Desktop\phishing detector project\.venv\lib\site-packages\sklearn\base.py:376: InconsistentVersionWarning: Trying to unpickle estimator SimpleImputer from version 1.2.2 when using version 1.4.2. This might lead to breaking code or invalid results. Use at your own risk. For more info please refer to:
https://scikit-learn.org/stable/model_persistence.html#security-maintainability-limitations
  warnings.warn(

2025-04-21 22:09:30,434:WARNING:C:\Users\Administrator\Desktop\phishing detector project\.venv\lib\site-packages\sklearn\base.py:376: InconsistentVersionWarning: Trying to unpickle estimator PowerTransformer from version 1.2.2 when using version 1.4.2. This might lead to breaking code or invalid results. Use at your own risk. For more info please refer to:
https://scikit-learn.org/stable/model_persistence.html#security-maintainability-limitations
  warnings.warn(

2025-04-21 22:09:30,434:WARNING:C:\Users\Administrator\Desktop\phishing detector project\.venv\lib\site-packages\sklearn\base.py:376: InconsistentVersionWarning: Trying to unpickle estimator StandardScaler from version 1.2.2 when using version 1.4.2. This might lead to breaking code or invalid results. Use at your own risk. For more info please refer to:
https://scikit-learn.org/stable/model_persistence.html#security-maintainability-limitations
  warnings.warn(

2025-04-21 22:09:30,477:WARNING:C:\Users\Administrator\Desktop\phishing detector project\.venv\lib\site-packages\sklearn\base.py:376: InconsistentVersionWarning: Trying to unpickle estimator LabelEncoder from version 1.2.2 when using version 1.4.2. This might lead to breaking code or invalid results. Use at your own risk. For more info please refer to:
https://scikit-learn.org/stable/model_persistence.html#security-maintainability-limitations
  warnings.warn(

2025-04-21 22:09:30,488:WARNING:C:\Users\Administrator\Desktop\phishing detector project\.venv\lib\site-packages\pycaret\internal\pipeline.py:146: UserWarning: Version mismatch:
current: {'deps_info': {'pip': '25.0.1', 'setuptools': '65.5.0', 'pycaret': '3.3.1', 'IPython': '8.23.0', 'ipywidgets': '8.1.2', 'tqdm': '4.66.2', 'numpy': '1.26.4', 'pandas': '2.1.4', 'jinja2': '3.1.3', 'scipy': '1.11.4', 'joblib': '1.3.2', 'sklearn': '1.4.2', 'pyod': '1.1.3', 'imblearn': '0.12.2', 'category_encoders': '2.6.3', 'lightgbm': '4.3.0', 'numba': '0.59.1', 'requests': '2.31.0', 'matplotlib': '3.7.5', 'scikitplot': '0.3.7', 'yellowbrick': '1.5', 'plotly': '5.21.0', 'plotly-resampler': 'Not installed', 'kaleido': '0.2.1', 'schemdraw': '0.15', 'statsmodels': '0.14.2', 'sktime': '0.26.0', 'tbats': '1.1.3', 'pmdarima': '2.0.4', 'psutil': '5.9.8', 'markupsafe': '2.1.5', 'pickle5': 'Not installed', 'cloudpickle': '3.0.0', 'deprecation': '2.1.0', 'xxhash': '3.4.1', 'wurlitzer': 'Not installed'}, 'python': {'version': '3.10.11', 'machine': 'AMD64'}}
pickle: {'deps_info': {'pip': '23.1.2', 'setuptools': '67.7.2', 'pycaret': '3.0.4', 'IPython': '7.34.0', 'ipywidgets': '7.7.1', 'tqdm': '4.66.1', 'numpy': '1.23.5', 'pandas': '1.5.3', 'jinja2': '3.1.2', 'scipy': '1.10.1', 'joblib': '1.3.2', 'sklearn': '1.2.2', 'pyod': '1.1.0', 'imblearn': '0.10.1', 'category_encoders': '2.6.2', 'lightgbm': '4.0.0', 'numba': '0.56.4', 'requests': '2.31.0', 'matplotlib': '3.7.1', 'scikitplot': '0.3.7', 'yellowbrick': '1.5', 'plotly': '5.15.0', 'plotly-resampler': 'Not installed', 'kaleido': '0.2.1', 'schemdraw': '0.15', 'statsmodels': '0.14.0', 'sktime': '0.22.0', 'tbats': '1.1.3', 'pmdarima': '2.0.3', 'psutil': '5.9.5', 'markupsafe': '2.1.3', 'pickle5': 'Not installed', 'cloudpickle': '2.2.1', 'deprecation': '2.1.0', 'xxhash': '3.3.0', 'wurlitzer': '3.0.3'}, 'python': {'version': '3.10.12', 'machine': 'x86_64'}}
  warnings.warn(

2025-04-21 22:10:07,161:WARNING:C:\Users\Administrator\Desktop\phishing detector project\.venv\lib\site-packages\sklearn\base.py:376: InconsistentVersionWarning: Trying to unpickle estimator PCA from version 1.2.2 when using version 1.4.2. This might lead to breaking code or invalid results. Use at your own risk. For more info please refer to:
https://scikit-learn.org/stable/model_persistence.html#security-maintainability-limitations
  warnings.warn(

2025-04-21 22:10:07,175:INFO:Initializing predict_model()
2025-04-21 22:10:07,175:INFO:predict_model(self=<pycaret.classification.oop.ClassificationExperiment object at 0x0000021D72404BB0>, estimator=Pipeline(memory=FastMemory(location=/tmp/joblib),
         steps=[('numerical_imputer',
                 TransformerWrapper(include=['domain_att', 'URL_Length',
                                             'URL_Depth'],
                                    transformer=SimpleImputer())),
                ('categorical_imputer',
                 TransformerWrapper(include=[],
                                    transformer=SimpleImputer(strategy='most_frequent'))),
                ('transformation',
                 TransformerWrapper(transformer=PowerTransformer(standardize=False))),
                ('normalize', TransformerWrapper(transformer=StandardScaler())),
                ('clean_column_names',
                 TransformerWrapper(transformer=CleanColumnNames())),
                ('trained_model', LGBMClassifier(n_jobs=-1, random_state=321))]), probability_threshold=None, encoded_labels=False, raw_score=False, round=4, verbose=True, ml_usecase=None, preprocess=True, encode_labels=<function _SupervisedExperiment.predict_model.<locals>.encode_labels at 0x0000021D723EE7A0>)
2025-04-21 22:10:07,175:INFO:Checking exceptions
2025-04-21 22:10:07,175:INFO:Preloading libraries
2025-04-21 22:10:07,175:INFO:Set up data.
2025-04-21 22:10:07,175:INFO:Set up index.
2025-04-21 22:10:18,319:WARNING:C:\Users\Administrator\Desktop\phishing detector project\.venv\lib\site-packages\sklearn\base.py:376: InconsistentVersionWarning: Trying to unpickle estimator PCA from version 1.2.2 when using version 1.4.2. This might lead to breaking code or invalid results. Use at your own risk. For more info please refer to:
https://scikit-learn.org/stable/model_persistence.html#security-maintainability-limitations
  warnings.warn(

2025-04-21 22:10:18,362:INFO:Initializing predict_model()
2025-04-21 22:10:18,362:INFO:predict_model(self=<pycaret.classification.oop.ClassificationExperiment object at 0x0000021D724B4F40>, estimator=Pipeline(memory=FastMemory(location=/tmp/joblib),
         steps=[('numerical_imputer',
                 TransformerWrapper(include=['domain_att', 'URL_Length',
                                             'URL_Depth'],
                                    transformer=SimpleImputer())),
                ('categorical_imputer',
                 TransformerWrapper(include=[],
                                    transformer=SimpleImputer(strategy='most_frequent'))),
                ('transformation',
                 TransformerWrapper(transformer=PowerTransformer(standardize=False))),
                ('normalize', TransformerWrapper(transformer=StandardScaler())),
                ('clean_column_names',
                 TransformerWrapper(transformer=CleanColumnNames())),
                ('trained_model', LGBMClassifier(n_jobs=-1, random_state=321))]), probability_threshold=None, encoded_labels=False, raw_score=False, round=4, verbose=True, ml_usecase=None, preprocess=True, encode_labels=<function _SupervisedExperiment.predict_model.<locals>.encode_labels at 0x0000021D723EF760>)
2025-04-21 22:10:18,362:INFO:Checking exceptions
2025-04-21 22:10:18,362:INFO:Preloading libraries
2025-04-21 22:10:18,364:INFO:Set up data.
2025-04-21 22:10:18,366:INFO:Set up index.
2025-04-21 23:48:22,978:WARNING:
'cuml' is a soft dependency and not included in the pycaret installation. Please run: `pip install cuml` to install.
2025-04-21 23:48:22,978:WARNING:
'cuml' is a soft dependency and not included in the pycaret installation. Please run: `pip install cuml` to install.
2025-04-21 23:48:22,978:WARNING:
'cuml' is a soft dependency and not included in the pycaret installation. Please run: `pip install cuml` to install.
2025-04-21 23:48:22,978:WARNING:
'cuml' is a soft dependency and not included in the pycaret installation. Please run: `pip install cuml` to install.
2025-04-21 23:48:24,013:INFO:Initializing load_model()
2025-04-21 23:48:24,013:INFO:load_model(model_name=model/phishingdetection, platform=None, authentication=None, verbose=True)
2025-04-21 23:48:24,013:WARNING:C:\Users\Administrator\Desktop\phishing detector project\.venv\lib\site-packages\sklearn\base.py:376: InconsistentVersionWarning: Trying to unpickle estimator SimpleImputer from version 1.2.2 when using version 1.4.2. This might lead to breaking code or invalid results. Use at your own risk. For more info please refer to:
https://scikit-learn.org/stable/model_persistence.html#security-maintainability-limitations
  warnings.warn(

2025-04-21 23:48:24,013:WARNING:C:\Users\Administrator\Desktop\phishing detector project\.venv\lib\site-packages\sklearn\base.py:376: InconsistentVersionWarning: Trying to unpickle estimator PowerTransformer from version 1.2.2 when using version 1.4.2. This might lead to breaking code or invalid results. Use at your own risk. For more info please refer to:
https://scikit-learn.org/stable/model_persistence.html#security-maintainability-limitations
  warnings.warn(

2025-04-21 23:48:24,013:WARNING:C:\Users\Administrator\Desktop\phishing detector project\.venv\lib\site-packages\sklearn\base.py:376: InconsistentVersionWarning: Trying to unpickle estimator StandardScaler from version 1.2.2 when using version 1.4.2. This might lead to breaking code or invalid results. Use at your own risk. For more info please refer to:
https://scikit-learn.org/stable/model_persistence.html#security-maintainability-limitations
  warnings.warn(

2025-04-21 23:48:24,051:WARNING:C:\Users\Administrator\Desktop\phishing detector project\.venv\lib\site-packages\sklearn\base.py:376: InconsistentVersionWarning: Trying to unpickle estimator LabelEncoder from version 1.2.2 when using version 1.4.2. This might lead to breaking code or invalid results. Use at your own risk. For more info please refer to:
https://scikit-learn.org/stable/model_persistence.html#security-maintainability-limitations
  warnings.warn(

2025-04-21 23:48:24,057:WARNING:C:\Users\Administrator\Desktop\phishing detector project\.venv\lib\site-packages\pycaret\internal\pipeline.py:146: UserWarning: Version mismatch:
current: {'deps_info': {'pip': '25.0.1', 'setuptools': '65.5.0', 'pycaret': '3.3.1', 'IPython': '8.23.0', 'ipywidgets': '8.1.2', 'tqdm': '4.66.2', 'numpy': '1.26.4', 'pandas': '2.1.4', 'jinja2': '3.1.3', 'scipy': '1.11.4', 'joblib': '1.3.2', 'sklearn': '1.4.2', 'pyod': '1.1.3', 'imblearn': '0.12.2', 'category_encoders': '2.6.3', 'lightgbm': '4.3.0', 'numba': '0.59.1', 'requests': '2.31.0', 'matplotlib': '3.7.5', 'scikitplot': '0.3.7', 'yellowbrick': '1.5', 'plotly': '5.21.0', 'plotly-resampler': 'Not installed', 'kaleido': '0.2.1', 'schemdraw': '0.15', 'statsmodels': '0.14.2', 'sktime': '0.26.0', 'tbats': '1.1.3', 'pmdarima': '2.0.4', 'psutil': '5.9.8', 'markupsafe': '2.1.5', 'pickle5': 'Not installed', 'cloudpickle': '3.0.0', 'deprecation': '2.1.0', 'xxhash': '3.4.1', 'wurlitzer': 'Not installed'}, 'python': {'version': '3.10.11', 'machine': 'AMD64'}}
pickle: {'deps_info': {'pip': '23.1.2', 'setuptools': '67.7.2', 'pycaret': '3.0.4', 'IPython': '7.34.0', 'ipywidgets': '7.7.1', 'tqdm': '4.66.1', 'numpy': '1.23.5', 'pandas': '1.5.3', 'jinja2': '3.1.2', 'scipy': '1.10.1', 'joblib': '1.3.2', 'sklearn': '1.2.2', 'pyod': '1.1.0', 'imblearn': '0.10.1', 'category_encoders': '2.6.2', 'lightgbm': '4.0.0', 'numba': '0.56.4', 'requests': '2.31.0', 'matplotlib': '3.7.1', 'scikitplot': '0.3.7', 'yellowbrick': '1.5', 'plotly': '5.15.0', 'plotly-resampler': 'Not installed', 'kaleido': '0.2.1', 'schemdraw': '0.15', 'statsmodels': '0.14.0', 'sktime': '0.22.0', 'tbats': '1.1.3', 'pmdarima': '2.0.3', 'psutil': '5.9.5', 'markupsafe': '2.1.3', 'pickle5': 'Not installed', 'cloudpickle': '2.2.1', 'deprecation': '2.1.0', 'xxhash': '3.3.0', 'wurlitzer': '3.0.3'}, 'python': {'version': '3.10.12', 'machine': 'x86_64'}}
  warnings.warn(

2025-04-21 23:48:41,677:WARNING:
'cuml' is a soft dependency and not included in the pycaret installation. Please run: `pip install cuml` to install.
2025-04-21 23:48:41,677:WARNING:
'cuml' is a soft dependency and not included in the pycaret installation. Please run: `pip install cuml` to install.
2025-04-21 23:48:41,677:WARNING:
'cuml' is a soft dependency and not included in the pycaret installation. Please run: `pip install cuml` to install.
2025-04-21 23:48:41,677:WARNING:
'cuml' is a soft dependency and not included in the pycaret installation. Please run: `pip install cuml` to install.
2025-04-21 23:48:42,648:INFO:Initializing load_model()
2025-04-21 23:48:42,648:INFO:load_model(model_name=model/phishingdetection, platform=None, authentication=None, verbose=True)
2025-04-21 23:48:42,648:WARNING:C:\Users\Administrator\Desktop\phishing detector project\.venv\lib\site-packages\sklearn\base.py:376: InconsistentVersionWarning: Trying to unpickle estimator SimpleImputer from version 1.2.2 when using version 1.4.2. This might lead to breaking code or invalid results. Use at your own risk. For more info please refer to:
https://scikit-learn.org/stable/model_persistence.html#security-maintainability-limitations
  warnings.warn(

2025-04-21 23:48:42,648:WARNING:C:\Users\Administrator\Desktop\phishing detector project\.venv\lib\site-packages\sklearn\base.py:376: InconsistentVersionWarning: Trying to unpickle estimator PowerTransformer from version 1.2.2 when using version 1.4.2. This might lead to breaking code or invalid results. Use at your own risk. For more info please refer to:
https://scikit-learn.org/stable/model_persistence.html#security-maintainability-limitations
  warnings.warn(

2025-04-21 23:48:42,648:WARNING:C:\Users\Administrator\Desktop\phishing detector project\.venv\lib\site-packages\sklearn\base.py:376: InconsistentVersionWarning: Trying to unpickle estimator StandardScaler from version 1.2.2 when using version 1.4.2. This might lead to breaking code or invalid results. Use at your own risk. For more info please refer to:
https://scikit-learn.org/stable/model_persistence.html#security-maintainability-limitations
  warnings.warn(

2025-04-21 23:48:42,685:WARNING:C:\Users\Administrator\Desktop\phishing detector project\.venv\lib\site-packages\sklearn\base.py:376: InconsistentVersionWarning: Trying to unpickle estimator LabelEncoder from version 1.2.2 when using version 1.4.2. This might lead to breaking code or invalid results. Use at your own risk. For more info please refer to:
https://scikit-learn.org/stable/model_persistence.html#security-maintainability-limitations
  warnings.warn(

2025-04-21 23:48:42,692:WARNING:C:\Users\Administrator\Desktop\phishing detector project\.venv\lib\site-packages\pycaret\internal\pipeline.py:146: UserWarning: Version mismatch:
current: {'deps_info': {'pip': '25.0.1', 'setuptools': '65.5.0', 'pycaret': '3.3.1', 'IPython': '8.23.0', 'ipywidgets': '8.1.2', 'tqdm': '4.66.2', 'numpy': '1.26.4', 'pandas': '2.1.4', 'jinja2': '3.1.3', 'scipy': '1.11.4', 'joblib': '1.3.2', 'sklearn': '1.4.2', 'pyod': '1.1.3', 'imblearn': '0.12.2', 'category_encoders': '2.6.3', 'lightgbm': '4.3.0', 'numba': '0.59.1', 'requests': '2.31.0', 'matplotlib': '3.7.5', 'scikitplot': '0.3.7', 'yellowbrick': '1.5', 'plotly': '5.21.0', 'plotly-resampler': 'Not installed', 'kaleido': '0.2.1', 'schemdraw': '0.15', 'statsmodels': '0.14.2', 'sktime': '0.26.0', 'tbats': '1.1.3', 'pmdarima': '2.0.4', 'psutil': '5.9.8', 'markupsafe': '2.1.5', 'pickle5': 'Not installed', 'cloudpickle': '3.0.0', 'deprecation': '2.1.0', 'xxhash': '3.4.1', 'wurlitzer': 'Not installed'}, 'python': {'version': '3.10.11', 'machine': 'AMD64'}}
pickle: {'deps_info': {'pip': '23.1.2', 'setuptools': '67.7.2', 'pycaret': '3.0.4', 'IPython': '7.34.0', 'ipywidgets': '7.7.1', 'tqdm': '4.66.1', 'numpy': '1.23.5', 'pandas': '1.5.3', 'jinja2': '3.1.2', 'scipy': '1.10.1', 'joblib': '1.3.2', 'sklearn': '1.2.2', 'pyod': '1.1.0', 'imblearn': '0.10.1', 'category_encoders': '2.6.2', 'lightgbm': '4.0.0', 'numba': '0.56.4', 'requests': '2.31.0', 'matplotlib': '3.7.1', 'scikitplot': '0.3.7', 'yellowbrick': '1.5', 'plotly': '5.15.0', 'plotly-resampler': 'Not installed', 'kaleido': '0.2.1', 'schemdraw': '0.15', 'statsmodels': '0.14.0', 'sktime': '0.22.0', 'tbats': '1.1.3', 'pmdarima': '2.0.3', 'psutil': '5.9.5', 'markupsafe': '2.1.3', 'pickle5': 'Not installed', 'cloudpickle': '2.2.1', 'deprecation': '2.1.0', 'xxhash': '3.3.0', 'wurlitzer': '3.0.3'}, 'python': {'version': '3.10.12', 'machine': 'x86_64'}}
  warnings.warn(

2025-04-21 23:48:47,635:WARNING:
'cuml' is a soft dependency and not included in the pycaret installation. Please run: `pip install cuml` to install.
2025-04-21 23:48:47,635:WARNING:
'cuml' is a soft dependency and not included in the pycaret installation. Please run: `pip install cuml` to install.
2025-04-21 23:48:47,635:WARNING:
'cuml' is a soft dependency and not included in the pycaret installation. Please run: `pip install cuml` to install.
2025-04-21 23:48:47,635:WARNING:
'cuml' is a soft dependency and not included in the pycaret installation. Please run: `pip install cuml` to install.
2025-04-21 23:48:48,599:INFO:Initializing load_model()
2025-04-21 23:48:48,599:INFO:load_model(model_name=model/phishingdetection, platform=None, authentication=None, verbose=True)
2025-04-21 23:48:48,599:WARNING:C:\Users\Administrator\Desktop\phishing detector project\.venv\lib\site-packages\sklearn\base.py:376: InconsistentVersionWarning: Trying to unpickle estimator SimpleImputer from version 1.2.2 when using version 1.4.2. This might lead to breaking code or invalid results. Use at your own risk. For more info please refer to:
https://scikit-learn.org/stable/model_persistence.html#security-maintainability-limitations
  warnings.warn(

2025-04-21 23:48:48,599:WARNING:C:\Users\Administrator\Desktop\phishing detector project\.venv\lib\site-packages\sklearn\base.py:376: InconsistentVersionWarning: Trying to unpickle estimator PowerTransformer from version 1.2.2 when using version 1.4.2. This might lead to breaking code or invalid results. Use at your own risk. For more info please refer to:
https://scikit-learn.org/stable/model_persistence.html#security-maintainability-limitations
  warnings.warn(

2025-04-21 23:48:48,599:WARNING:C:\Users\Administrator\Desktop\phishing detector project\.venv\lib\site-packages\sklearn\base.py:376: InconsistentVersionWarning: Trying to unpickle estimator StandardScaler from version 1.2.2 when using version 1.4.2. This might lead to breaking code or invalid results. Use at your own risk. For more info please refer to:
https://scikit-learn.org/stable/model_persistence.html#security-maintainability-limitations
  warnings.warn(

2025-04-21 23:48:48,635:WARNING:C:\Users\Administrator\Desktop\phishing detector project\.venv\lib\site-packages\sklearn\base.py:376: InconsistentVersionWarning: Trying to unpickle estimator LabelEncoder from version 1.2.2 when using version 1.4.2. This might lead to breaking code or invalid results. Use at your own risk. For more info please refer to:
https://scikit-learn.org/stable/model_persistence.html#security-maintainability-limitations
  warnings.warn(

2025-04-21 23:48:48,643:WARNING:C:\Users\Administrator\Desktop\phishing detector project\.venv\lib\site-packages\pycaret\internal\pipeline.py:146: UserWarning: Version mismatch:
current: {'deps_info': {'pip': '25.0.1', 'setuptools': '65.5.0', 'pycaret': '3.3.1', 'IPython': '8.23.0', 'ipywidgets': '8.1.2', 'tqdm': '4.66.2', 'numpy': '1.26.4', 'pandas': '2.1.4', 'jinja2': '3.1.3', 'scipy': '1.11.4', 'joblib': '1.3.2', 'sklearn': '1.4.2', 'pyod': '1.1.3', 'imblearn': '0.12.2', 'category_encoders': '2.6.3', 'lightgbm': '4.3.0', 'numba': '0.59.1', 'requests': '2.31.0', 'matplotlib': '3.7.5', 'scikitplot': '0.3.7', 'yellowbrick': '1.5', 'plotly': '5.21.0', 'plotly-resampler': 'Not installed', 'kaleido': '0.2.1', 'schemdraw': '0.15', 'statsmodels': '0.14.2', 'sktime': '0.26.0', 'tbats': '1.1.3', 'pmdarima': '2.0.4', 'psutil': '5.9.8', 'markupsafe': '2.1.5', 'pickle5': 'Not installed', 'cloudpickle': '3.0.0', 'deprecation': '2.1.0', 'xxhash': '3.4.1', 'wurlitzer': 'Not installed'}, 'python': {'version': '3.10.11', 'machine': 'AMD64'}}
pickle: {'deps_info': {'pip': '23.1.2', 'setuptools': '67.7.2', 'pycaret': '3.0.4', 'IPython': '7.34.0', 'ipywidgets': '7.7.1', 'tqdm': '4.66.1', 'numpy': '1.23.5', 'pandas': '1.5.3', 'jinja2': '3.1.2', 'scipy': '1.10.1', 'joblib': '1.3.2', 'sklearn': '1.2.2', 'pyod': '1.1.0', 'imblearn': '0.10.1', 'category_encoders': '2.6.2', 'lightgbm': '4.0.0', 'numba': '0.56.4', 'requests': '2.31.0', 'matplotlib': '3.7.1', 'scikitplot': '0.3.7', 'yellowbrick': '1.5', 'plotly': '5.15.0', 'plotly-resampler': 'Not installed', 'kaleido': '0.2.1', 'schemdraw': '0.15', 'statsmodels': '0.14.0', 'sktime': '0.22.0', 'tbats': '1.1.3', 'pmdarima': '2.0.3', 'psutil': '5.9.5', 'markupsafe': '2.1.3', 'pickle5': 'Not installed', 'cloudpickle': '2.2.1', 'deprecation': '2.1.0', 'xxhash': '3.3.0', 'wurlitzer': '3.0.3'}, 'python': {'version': '3.10.12', 'machine': 'x86_64'}}
  warnings.warn(

2025-04-21 23:48:53,550:WARNING:
'cuml' is a soft dependency and not included in the pycaret installation. Please run: `pip install cuml` to install.
2025-04-21 23:48:53,550:WARNING:
'cuml' is a soft dependency and not included in the pycaret installation. Please run: `pip install cuml` to install.
2025-04-21 23:48:53,550:WARNING:
'cuml' is a soft dependency and not included in the pycaret installation. Please run: `pip install cuml` to install.
2025-04-21 23:48:53,550:WARNING:
'cuml' is a soft dependency and not included in the pycaret installation. Please run: `pip install cuml` to install.
2025-04-21 23:48:54,533:INFO:Initializing load_model()
2025-04-21 23:48:54,533:INFO:load_model(model_name=model/phishingdetection, platform=None, authentication=None, verbose=True)
2025-04-21 23:48:54,533:WARNING:C:\Users\Administrator\Desktop\phishing detector project\.venv\lib\site-packages\sklearn\base.py:376: InconsistentVersionWarning: Trying to unpickle estimator SimpleImputer from version 1.2.2 when using version 1.4.2. This might lead to breaking code or invalid results. Use at your own risk. For more info please refer to:
https://scikit-learn.org/stable/model_persistence.html#security-maintainability-limitations
  warnings.warn(

2025-04-21 23:48:54,533:WARNING:C:\Users\Administrator\Desktop\phishing detector project\.venv\lib\site-packages\sklearn\base.py:376: InconsistentVersionWarning: Trying to unpickle estimator PowerTransformer from version 1.2.2 when using version 1.4.2. This might lead to breaking code or invalid results. Use at your own risk. For more info please refer to:
https://scikit-learn.org/stable/model_persistence.html#security-maintainability-limitations
  warnings.warn(

2025-04-21 23:48:54,533:WARNING:C:\Users\Administrator\Desktop\phishing detector project\.venv\lib\site-packages\sklearn\base.py:376: InconsistentVersionWarning: Trying to unpickle estimator StandardScaler from version 1.2.2 when using version 1.4.2. This might lead to breaking code or invalid results. Use at your own risk. For more info please refer to:
https://scikit-learn.org/stable/model_persistence.html#security-maintainability-limitations
  warnings.warn(

2025-04-21 23:48:54,565:WARNING:C:\Users\Administrator\Desktop\phishing detector project\.venv\lib\site-packages\sklearn\base.py:376: InconsistentVersionWarning: Trying to unpickle estimator LabelEncoder from version 1.2.2 when using version 1.4.2. This might lead to breaking code or invalid results. Use at your own risk. For more info please refer to:
https://scikit-learn.org/stable/model_persistence.html#security-maintainability-limitations
  warnings.warn(

2025-04-21 23:48:54,572:WARNING:C:\Users\Administrator\Desktop\phishing detector project\.venv\lib\site-packages\pycaret\internal\pipeline.py:146: UserWarning: Version mismatch:
current: {'deps_info': {'pip': '25.0.1', 'setuptools': '65.5.0', 'pycaret': '3.3.1', 'IPython': '8.23.0', 'ipywidgets': '8.1.2', 'tqdm': '4.66.2', 'numpy': '1.26.4', 'pandas': '2.1.4', 'jinja2': '3.1.3', 'scipy': '1.11.4', 'joblib': '1.3.2', 'sklearn': '1.4.2', 'pyod': '1.1.3', 'imblearn': '0.12.2', 'category_encoders': '2.6.3', 'lightgbm': '4.3.0', 'numba': '0.59.1', 'requests': '2.31.0', 'matplotlib': '3.7.5', 'scikitplot': '0.3.7', 'yellowbrick': '1.5', 'plotly': '5.21.0', 'plotly-resampler': 'Not installed', 'kaleido': '0.2.1', 'schemdraw': '0.15', 'statsmodels': '0.14.2', 'sktime': '0.26.0', 'tbats': '1.1.3', 'pmdarima': '2.0.4', 'psutil': '5.9.8', 'markupsafe': '2.1.5', 'pickle5': 'Not installed', 'cloudpickle': '3.0.0', 'deprecation': '2.1.0', 'xxhash': '3.4.1', 'wurlitzer': 'Not installed'}, 'python': {'version': '3.10.11', 'machine': 'AMD64'}}
pickle: {'deps_info': {'pip': '23.1.2', 'setuptools': '67.7.2', 'pycaret': '3.0.4', 'IPython': '7.34.0', 'ipywidgets': '7.7.1', 'tqdm': '4.66.1', 'numpy': '1.23.5', 'pandas': '1.5.3', 'jinja2': '3.1.2', 'scipy': '1.10.1', 'joblib': '1.3.2', 'sklearn': '1.2.2', 'pyod': '1.1.0', 'imblearn': '0.10.1', 'category_encoders': '2.6.2', 'lightgbm': '4.0.0', 'numba': '0.56.4', 'requests': '2.31.0', 'matplotlib': '3.7.1', 'scikitplot': '0.3.7', 'yellowbrick': '1.5', 'plotly': '5.15.0', 'plotly-resampler': 'Not installed', 'kaleido': '0.2.1', 'schemdraw': '0.15', 'statsmodels': '0.14.0', 'sktime': '0.22.0', 'tbats': '1.1.3', 'pmdarima': '2.0.3', 'psutil': '5.9.5', 'markupsafe': '2.1.3', 'pickle5': 'Not installed', 'cloudpickle': '2.2.1', 'deprecation': '2.1.0', 'xxhash': '3.3.0', 'wurlitzer': '3.0.3'}, 'python': {'version': '3.10.12', 'machine': 'x86_64'}}
  warnings.warn(

2025-04-21 23:49:11,903:WARNING:C:\Users\Administrator\Desktop\phishing detector project\.venv\lib\site-packages\sklearn\base.py:376: InconsistentVersionWarning: Trying to unpickle estimator PCA from version 1.2.2 when using version 1.4.2. This might lead to breaking code or invalid results. Use at your own risk. For more info please refer to:
https://scikit-learn.org/stable/model_persistence.html#security-maintainability-limitations
  warnings.warn(

2025-04-21 23:49:11,903:INFO:Initializing predict_model()
2025-04-21 23:49:11,903:INFO:predict_model(self=<pycaret.classification.oop.ClassificationExperiment object at 0x00000154EBB24E20>, estimator=Pipeline(memory=FastMemory(location=/tmp/joblib),
         steps=[('numerical_imputer',
                 TransformerWrapper(include=['domain_att', 'URL_Length',
                                             'URL_Depth'],
                                    transformer=SimpleImputer())),
                ('categorical_imputer',
                 TransformerWrapper(include=[],
                                    transformer=SimpleImputer(strategy='most_frequent'))),
                ('transformation',
                 TransformerWrapper(transformer=PowerTransformer(standardize=False))),
                ('normalize', TransformerWrapper(transformer=StandardScaler())),
                ('clean_column_names',
                 TransformerWrapper(transformer=CleanColumnNames())),
                ('trained_model', LGBMClassifier(n_jobs=-1, random_state=321))]), probability_threshold=None, encoded_labels=False, raw_score=False, round=4, verbose=True, ml_usecase=None, preprocess=True, encode_labels=<function _SupervisedExperiment.predict_model.<locals>.encode_labels at 0x00000154EBB0E7A0>)
2025-04-21 23:49:11,903:INFO:Checking exceptions
2025-04-21 23:49:11,903:INFO:Preloading libraries
2025-04-21 23:49:11,903:INFO:Set up data.
2025-04-21 23:49:11,922:INFO:Set up index.
2025-04-21 23:49:15,798:WARNING:C:\Users\Administrator\Desktop\phishing detector project\.venv\lib\site-packages\sklearn\base.py:376: InconsistentVersionWarning: Trying to unpickle estimator PCA from version 1.2.2 when using version 1.4.2. This might lead to breaking code or invalid results. Use at your own risk. For more info please refer to:
https://scikit-learn.org/stable/model_persistence.html#security-maintainability-limitations
  warnings.warn(

2025-04-21 23:49:15,807:INFO:Initializing predict_model()
2025-04-21 23:49:15,807:INFO:predict_model(self=<pycaret.classification.oop.ClassificationExperiment object at 0x00000154EBCE5180>, estimator=Pipeline(memory=FastMemory(location=/tmp/joblib),
         steps=[('numerical_imputer',
                 TransformerWrapper(include=['domain_att', 'URL_Length',
                                             'URL_Depth'],
                                    transformer=SimpleImputer())),
                ('categorical_imputer',
                 TransformerWrapper(include=[],
                                    transformer=SimpleImputer(strategy='most_frequent'))),
                ('transformation',
                 TransformerWrapper(transformer=PowerTransformer(standardize=False))),
                ('normalize', TransformerWrapper(transformer=StandardScaler())),
                ('clean_column_names',
                 TransformerWrapper(transformer=CleanColumnNames())),
                ('trained_model', LGBMClassifier(n_jobs=-1, random_state=321))]), probability_threshold=None, encoded_labels=False, raw_score=False, round=4, verbose=True, ml_usecase=None, preprocess=True, encode_labels=<function _SupervisedExperiment.predict_model.<locals>.encode_labels at 0x00000154EBB0F760>)
2025-04-21 23:49:15,807:INFO:Checking exceptions
2025-04-21 23:49:15,807:INFO:Preloading libraries
2025-04-21 23:49:15,807:INFO:Set up data.
2025-04-21 23:49:15,807:INFO:Set up index.
2025-04-21 23:49:21,345:WARNING:C:\Users\Administrator\Desktop\phishing detector project\.venv\lib\site-packages\sklearn\base.py:376: InconsistentVersionWarning: Trying to unpickle estimator PCA from version 1.2.2 when using version 1.4.2. This might lead to breaking code or invalid results. Use at your own risk. For more info please refer to:
https://scikit-learn.org/stable/model_persistence.html#security-maintainability-limitations
  warnings.warn(

2025-04-21 23:49:21,361:INFO:Initializing predict_model()
2025-04-21 23:49:21,361:INFO:predict_model(self=<pycaret.classification.oop.ClassificationExperiment object at 0x00000154EBCE6C80>, estimator=Pipeline(memory=FastMemory(location=/tmp/joblib),
         steps=[('numerical_imputer',
                 TransformerWrapper(include=['domain_att', 'URL_Length',
                                             'URL_Depth'],
                                    transformer=SimpleImputer())),
                ('categorical_imputer',
                 TransformerWrapper(include=[],
                                    transformer=SimpleImputer(strategy='most_frequent'))),
                ('transformation',
                 TransformerWrapper(transformer=PowerTransformer(standardize=False))),
                ('normalize', TransformerWrapper(transformer=StandardScaler())),
                ('clean_column_names',
                 TransformerWrapper(transformer=CleanColumnNames())),
                ('trained_model', LGBMClassifier(n_jobs=-1, random_state=321))]), probability_threshold=None, encoded_labels=False, raw_score=False, round=4, verbose=True, ml_usecase=None, preprocess=True, encode_labels=<function _SupervisedExperiment.predict_model.<locals>.encode_labels at 0x00000154EBB0E680>)
2025-04-21 23:49:21,361:INFO:Checking exceptions
2025-04-21 23:49:21,361:INFO:Preloading libraries
2025-04-21 23:49:21,361:INFO:Set up data.
2025-04-21 23:49:21,361:INFO:Set up index.
2025-04-21 23:50:33,489:WARNING:
'cuml' is a soft dependency and not included in the pycaret installation. Please run: `pip install cuml` to install.
2025-04-21 23:50:33,489:WARNING:
'cuml' is a soft dependency and not included in the pycaret installation. Please run: `pip install cuml` to install.
2025-04-21 23:50:33,489:WARNING:
'cuml' is a soft dependency and not included in the pycaret installation. Please run: `pip install cuml` to install.
2025-04-21 23:50:33,489:WARNING:
'cuml' is a soft dependency and not included in the pycaret installation. Please run: `pip install cuml` to install.
2025-04-21 23:50:34,417:INFO:Initializing load_model()
2025-04-21 23:50:34,417:INFO:load_model(model_name=model/phishingdetection, platform=None, authentication=None, verbose=True)
2025-04-21 23:50:34,417:WARNING:C:\Users\Administrator\Desktop\phishing detector project\.venv\lib\site-packages\sklearn\base.py:376: InconsistentVersionWarning: Trying to unpickle estimator SimpleImputer from version 1.2.2 when using version 1.4.2. This might lead to breaking code or invalid results. Use at your own risk. For more info please refer to:
https://scikit-learn.org/stable/model_persistence.html#security-maintainability-limitations
  warnings.warn(

2025-04-21 23:50:34,433:WARNING:C:\Users\Administrator\Desktop\phishing detector project\.venv\lib\site-packages\sklearn\base.py:376: InconsistentVersionWarning: Trying to unpickle estimator PowerTransformer from version 1.2.2 when using version 1.4.2. This might lead to breaking code or invalid results. Use at your own risk. For more info please refer to:
https://scikit-learn.org/stable/model_persistence.html#security-maintainability-limitations
  warnings.warn(

2025-04-21 23:50:34,433:WARNING:C:\Users\Administrator\Desktop\phishing detector project\.venv\lib\site-packages\sklearn\base.py:376: InconsistentVersionWarning: Trying to unpickle estimator StandardScaler from version 1.2.2 when using version 1.4.2. This might lead to breaking code or invalid results. Use at your own risk. For more info please refer to:
https://scikit-learn.org/stable/model_persistence.html#security-maintainability-limitations
  warnings.warn(

2025-04-21 23:50:34,459:WARNING:C:\Users\Administrator\Desktop\phishing detector project\.venv\lib\site-packages\sklearn\base.py:376: InconsistentVersionWarning: Trying to unpickle estimator LabelEncoder from version 1.2.2 when using version 1.4.2. This might lead to breaking code or invalid results. Use at your own risk. For more info please refer to:
https://scikit-learn.org/stable/model_persistence.html#security-maintainability-limitations
  warnings.warn(

2025-04-21 23:50:34,465:WARNING:C:\Users\Administrator\Desktop\phishing detector project\.venv\lib\site-packages\pycaret\internal\pipeline.py:146: UserWarning: Version mismatch:
current: {'deps_info': {'pip': '25.0.1', 'setuptools': '65.5.0', 'pycaret': '3.3.1', 'IPython': '8.23.0', 'ipywidgets': '8.1.2', 'tqdm': '4.66.2', 'numpy': '1.26.4', 'pandas': '2.1.4', 'jinja2': '3.1.3', 'scipy': '1.11.4', 'joblib': '1.3.2', 'sklearn': '1.4.2', 'pyod': '1.1.3', 'imblearn': '0.12.2', 'category_encoders': '2.6.3', 'lightgbm': '4.3.0', 'numba': '0.59.1', 'requests': '2.31.0', 'matplotlib': '3.7.5', 'scikitplot': '0.3.7', 'yellowbrick': '1.5', 'plotly': '5.21.0', 'plotly-resampler': 'Not installed', 'kaleido': '0.2.1', 'schemdraw': '0.15', 'statsmodels': '0.14.2', 'sktime': '0.26.0', 'tbats': '1.1.3', 'pmdarima': '2.0.4', 'psutil': '5.9.8', 'markupsafe': '2.1.5', 'pickle5': 'Not installed', 'cloudpickle': '3.0.0', 'deprecation': '2.1.0', 'xxhash': '3.4.1', 'wurlitzer': 'Not installed'}, 'python': {'version': '3.10.11', 'machine': 'AMD64'}}
pickle: {'deps_info': {'pip': '23.1.2', 'setuptools': '67.7.2', 'pycaret': '3.0.4', 'IPython': '7.34.0', 'ipywidgets': '7.7.1', 'tqdm': '4.66.1', 'numpy': '1.23.5', 'pandas': '1.5.3', 'jinja2': '3.1.2', 'scipy': '1.10.1', 'joblib': '1.3.2', 'sklearn': '1.2.2', 'pyod': '1.1.0', 'imblearn': '0.10.1', 'category_encoders': '2.6.2', 'lightgbm': '4.0.0', 'numba': '0.56.4', 'requests': '2.31.0', 'matplotlib': '3.7.1', 'scikitplot': '0.3.7', 'yellowbrick': '1.5', 'plotly': '5.15.0', 'plotly-resampler': 'Not installed', 'kaleido': '0.2.1', 'schemdraw': '0.15', 'statsmodels': '0.14.0', 'sktime': '0.22.0', 'tbats': '1.1.3', 'pmdarima': '2.0.3', 'psutil': '5.9.5', 'markupsafe': '2.1.3', 'pickle5': 'Not installed', 'cloudpickle': '2.2.1', 'deprecation': '2.1.0', 'xxhash': '3.3.0', 'wurlitzer': '3.0.3'}, 'python': {'version': '3.10.12', 'machine': 'x86_64'}}
  warnings.warn(

2025-04-21 23:50:37,179:WARNING:
'cuml' is a soft dependency and not included in the pycaret installation. Please run: `pip install cuml` to install.
2025-04-21 23:50:37,179:WARNING:
'cuml' is a soft dependency and not included in the pycaret installation. Please run: `pip install cuml` to install.
2025-04-21 23:50:37,179:WARNING:
'cuml' is a soft dependency and not included in the pycaret installation. Please run: `pip install cuml` to install.
2025-04-21 23:50:37,179:WARNING:
'cuml' is a soft dependency and not included in the pycaret installation. Please run: `pip install cuml` to install.
2025-04-21 23:50:38,137:INFO:Initializing load_model()
2025-04-21 23:50:38,137:INFO:load_model(model_name=model/phishingdetection, platform=None, authentication=None, verbose=True)
2025-04-21 23:50:38,137:WARNING:C:\Users\Administrator\Desktop\phishing detector project\.venv\lib\site-packages\sklearn\base.py:376: InconsistentVersionWarning: Trying to unpickle estimator SimpleImputer from version 1.2.2 when using version 1.4.2. This might lead to breaking code or invalid results. Use at your own risk. For more info please refer to:
https://scikit-learn.org/stable/model_persistence.html#security-maintainability-limitations
  warnings.warn(

2025-04-21 23:50:38,137:WARNING:C:\Users\Administrator\Desktop\phishing detector project\.venv\lib\site-packages\sklearn\base.py:376: InconsistentVersionWarning: Trying to unpickle estimator PowerTransformer from version 1.2.2 when using version 1.4.2. This might lead to breaking code or invalid results. Use at your own risk. For more info please refer to:
https://scikit-learn.org/stable/model_persistence.html#security-maintainability-limitations
  warnings.warn(

2025-04-21 23:50:38,137:WARNING:C:\Users\Administrator\Desktop\phishing detector project\.venv\lib\site-packages\sklearn\base.py:376: InconsistentVersionWarning: Trying to unpickle estimator StandardScaler from version 1.2.2 when using version 1.4.2. This might lead to breaking code or invalid results. Use at your own risk. For more info please refer to:
https://scikit-learn.org/stable/model_persistence.html#security-maintainability-limitations
  warnings.warn(

2025-04-21 23:50:38,170:WARNING:C:\Users\Administrator\Desktop\phishing detector project\.venv\lib\site-packages\sklearn\base.py:376: InconsistentVersionWarning: Trying to unpickle estimator LabelEncoder from version 1.2.2 when using version 1.4.2. This might lead to breaking code or invalid results. Use at your own risk. For more info please refer to:
https://scikit-learn.org/stable/model_persistence.html#security-maintainability-limitations
  warnings.warn(

2025-04-21 23:50:38,178:WARNING:C:\Users\Administrator\Desktop\phishing detector project\.venv\lib\site-packages\pycaret\internal\pipeline.py:146: UserWarning: Version mismatch:
current: {'deps_info': {'pip': '25.0.1', 'setuptools': '65.5.0', 'pycaret': '3.3.1', 'IPython': '8.23.0', 'ipywidgets': '8.1.2', 'tqdm': '4.66.2', 'numpy': '1.26.4', 'pandas': '2.1.4', 'jinja2': '3.1.3', 'scipy': '1.11.4', 'joblib': '1.3.2', 'sklearn': '1.4.2', 'pyod': '1.1.3', 'imblearn': '0.12.2', 'category_encoders': '2.6.3', 'lightgbm': '4.3.0', 'numba': '0.59.1', 'requests': '2.31.0', 'matplotlib': '3.7.5', 'scikitplot': '0.3.7', 'yellowbrick': '1.5', 'plotly': '5.21.0', 'plotly-resampler': 'Not installed', 'kaleido': '0.2.1', 'schemdraw': '0.15', 'statsmodels': '0.14.2', 'sktime': '0.26.0', 'tbats': '1.1.3', 'pmdarima': '2.0.4', 'psutil': '5.9.8', 'markupsafe': '2.1.5', 'pickle5': 'Not installed', 'cloudpickle': '3.0.0', 'deprecation': '2.1.0', 'xxhash': '3.4.1', 'wurlitzer': 'Not installed'}, 'python': {'version': '3.10.11', 'machine': 'AMD64'}}
pickle: {'deps_info': {'pip': '23.1.2', 'setuptools': '67.7.2', 'pycaret': '3.0.4', 'IPython': '7.34.0', 'ipywidgets': '7.7.1', 'tqdm': '4.66.1', 'numpy': '1.23.5', 'pandas': '1.5.3', 'jinja2': '3.1.2', 'scipy': '1.10.1', 'joblib': '1.3.2', 'sklearn': '1.2.2', 'pyod': '1.1.0', 'imblearn': '0.10.1', 'category_encoders': '2.6.2', 'lightgbm': '4.0.0', 'numba': '0.56.4', 'requests': '2.31.0', 'matplotlib': '3.7.1', 'scikitplot': '0.3.7', 'yellowbrick': '1.5', 'plotly': '5.15.0', 'plotly-resampler': 'Not installed', 'kaleido': '0.2.1', 'schemdraw': '0.15', 'statsmodels': '0.14.0', 'sktime': '0.22.0', 'tbats': '1.1.3', 'pmdarima': '2.0.3', 'psutil': '5.9.5', 'markupsafe': '2.1.3', 'pickle5': 'Not installed', 'cloudpickle': '2.2.1', 'deprecation': '2.1.0', 'xxhash': '3.3.0', 'wurlitzer': '3.0.3'}, 'python': {'version': '3.10.12', 'machine': 'x86_64'}}
  warnings.warn(

2025-04-21 23:50:49,364:WARNING:C:\Users\Administrator\Desktop\phishing detector project\.venv\lib\site-packages\sklearn\base.py:376: InconsistentVersionWarning: Trying to unpickle estimator PCA from version 1.2.2 when using version 1.4.2. This might lead to breaking code or invalid results. Use at your own risk. For more info please refer to:
https://scikit-learn.org/stable/model_persistence.html#security-maintainability-limitations
  warnings.warn(

2025-04-21 23:50:49,380:INFO:Initializing predict_model()
2025-04-21 23:50:49,380:INFO:predict_model(self=<pycaret.classification.oop.ClassificationExperiment object at 0x000002BC2FDD11E0>, estimator=Pipeline(memory=FastMemory(location=/tmp/joblib),
         steps=[('numerical_imputer',
                 TransformerWrapper(include=['domain_att', 'URL_Length',
                                             'URL_Depth'],
                                    transformer=SimpleImputer())),
                ('categorical_imputer',
                 TransformerWrapper(include=[],
                                    transformer=SimpleImputer(strategy='most_frequent'))),
                ('transformation',
                 TransformerWrapper(transformer=PowerTransformer(standardize=False))),
                ('normalize', TransformerWrapper(transformer=StandardScaler())),
                ('clean_column_names',
                 TransformerWrapper(transformer=CleanColumnNames())),
                ('trained_model', LGBMClassifier(n_jobs=-1, random_state=321))]), probability_threshold=None, encoded_labels=False, raw_score=False, round=4, verbose=True, ml_usecase=None, preprocess=True, encode_labels=<function _SupervisedExperiment.predict_model.<locals>.encode_labels at 0x000002BC2FD8E7A0>)
2025-04-21 23:50:49,380:INFO:Checking exceptions
2025-04-21 23:50:49,380:INFO:Preloading libraries
2025-04-21 23:50:49,380:INFO:Set up data.
2025-04-21 23:50:49,380:INFO:Set up index.
2025-04-21 23:50:54,356:WARNING:C:\Users\Administrator\Desktop\phishing detector project\.venv\lib\site-packages\sklearn\base.py:376: InconsistentVersionWarning: Trying to unpickle estimator PCA from version 1.2.2 when using version 1.4.2. This might lead to breaking code or invalid results. Use at your own risk. For more info please refer to:
https://scikit-learn.org/stable/model_persistence.html#security-maintainability-limitations
  warnings.warn(

2025-04-21 23:50:54,366:INFO:Initializing predict_model()
2025-04-21 23:50:54,366:INFO:predict_model(self=<pycaret.classification.oop.ClassificationExperiment object at 0x000002BC2FDD1180>, estimator=Pipeline(memory=FastMemory(location=/tmp/joblib),
         steps=[('numerical_imputer',
                 TransformerWrapper(include=['domain_att', 'URL_Length',
                                             'URL_Depth'],
                                    transformer=SimpleImputer())),
                ('categorical_imputer',
                 TransformerWrapper(include=[],
                                    transformer=SimpleImputer(strategy='most_frequent'))),
                ('transformation',
                 TransformerWrapper(transformer=PowerTransformer(standardize=False))),
                ('normalize', TransformerWrapper(transformer=StandardScaler())),
                ('clean_column_names',
                 TransformerWrapper(transformer=CleanColumnNames())),
                ('trained_model', LGBMClassifier(n_jobs=-1, random_state=321))]), probability_threshold=None, encoded_labels=False, raw_score=False, round=4, verbose=True, ml_usecase=None, preprocess=True, encode_labels=<function _SupervisedExperiment.predict_model.<locals>.encode_labels at 0x000002BC2FD8F9A0>)
2025-04-21 23:50:54,366:INFO:Checking exceptions
2025-04-21 23:50:54,366:INFO:Preloading libraries
2025-04-21 23:50:54,367:INFO:Set up data.
2025-04-21 23:50:54,370:INFO:Set up index.
2025-04-21 23:51:30,477:WARNING:
'cuml' is a soft dependency and not included in the pycaret installation. Please run: `pip install cuml` to install.
2025-04-21 23:51:30,477:WARNING:
'cuml' is a soft dependency and not included in the pycaret installation. Please run: `pip install cuml` to install.
2025-04-21 23:51:30,477:WARNING:
'cuml' is a soft dependency and not included in the pycaret installation. Please run: `pip install cuml` to install.
2025-04-21 23:51:30,477:WARNING:
'cuml' is a soft dependency and not included in the pycaret installation. Please run: `pip install cuml` to install.
2025-04-21 23:51:31,419:INFO:Initializing load_model()
2025-04-21 23:51:31,419:INFO:load_model(model_name=model/phishingdetection, platform=None, authentication=None, verbose=True)
2025-04-21 23:51:31,419:WARNING:C:\Users\Administrator\Desktop\phishing detector project\.venv\lib\site-packages\sklearn\base.py:376: InconsistentVersionWarning: Trying to unpickle estimator SimpleImputer from version 1.2.2 when using version 1.4.2. This might lead to breaking code or invalid results. Use at your own risk. For more info please refer to:
https://scikit-learn.org/stable/model_persistence.html#security-maintainability-limitations
  warnings.warn(

2025-04-21 23:51:31,419:WARNING:C:\Users\Administrator\Desktop\phishing detector project\.venv\lib\site-packages\sklearn\base.py:376: InconsistentVersionWarning: Trying to unpickle estimator PowerTransformer from version 1.2.2 when using version 1.4.2. This might lead to breaking code or invalid results. Use at your own risk. For more info please refer to:
https://scikit-learn.org/stable/model_persistence.html#security-maintainability-limitations
  warnings.warn(

2025-04-21 23:51:31,419:WARNING:C:\Users\Administrator\Desktop\phishing detector project\.venv\lib\site-packages\sklearn\base.py:376: InconsistentVersionWarning: Trying to unpickle estimator StandardScaler from version 1.2.2 when using version 1.4.2. This might lead to breaking code or invalid results. Use at your own risk. For more info please refer to:
https://scikit-learn.org/stable/model_persistence.html#security-maintainability-limitations
  warnings.warn(

2025-04-21 23:51:31,452:WARNING:C:\Users\Administrator\Desktop\phishing detector project\.venv\lib\site-packages\sklearn\base.py:376: InconsistentVersionWarning: Trying to unpickle estimator LabelEncoder from version 1.2.2 when using version 1.4.2. This might lead to breaking code or invalid results. Use at your own risk. For more info please refer to:
https://scikit-learn.org/stable/model_persistence.html#security-maintainability-limitations
  warnings.warn(

2025-04-21 23:51:31,460:WARNING:C:\Users\Administrator\Desktop\phishing detector project\.venv\lib\site-packages\pycaret\internal\pipeline.py:146: UserWarning: Version mismatch:
current: {'deps_info': {'pip': '25.0.1', 'setuptools': '65.5.0', 'pycaret': '3.3.1', 'IPython': '8.23.0', 'ipywidgets': '8.1.2', 'tqdm': '4.66.2', 'numpy': '1.26.4', 'pandas': '2.1.4', 'jinja2': '3.1.3', 'scipy': '1.11.4', 'joblib': '1.3.2', 'sklearn': '1.4.2', 'pyod': '1.1.3', 'imblearn': '0.12.2', 'category_encoders': '2.6.3', 'lightgbm': '4.3.0', 'numba': '0.59.1', 'requests': '2.31.0', 'matplotlib': '3.7.5', 'scikitplot': '0.3.7', 'yellowbrick': '1.5', 'plotly': '5.21.0', 'plotly-resampler': 'Not installed', 'kaleido': '0.2.1', 'schemdraw': '0.15', 'statsmodels': '0.14.2', 'sktime': '0.26.0', 'tbats': '1.1.3', 'pmdarima': '2.0.4', 'psutil': '5.9.8', 'markupsafe': '2.1.5', 'pickle5': 'Not installed', 'cloudpickle': '3.0.0', 'deprecation': '2.1.0', 'xxhash': '3.4.1', 'wurlitzer': 'Not installed'}, 'python': {'version': '3.10.11', 'machine': 'AMD64'}}
pickle: {'deps_info': {'pip': '23.1.2', 'setuptools': '67.7.2', 'pycaret': '3.0.4', 'IPython': '7.34.0', 'ipywidgets': '7.7.1', 'tqdm': '4.66.1', 'numpy': '1.23.5', 'pandas': '1.5.3', 'jinja2': '3.1.2', 'scipy': '1.10.1', 'joblib': '1.3.2', 'sklearn': '1.2.2', 'pyod': '1.1.0', 'imblearn': '0.10.1', 'category_encoders': '2.6.2', 'lightgbm': '4.0.0', 'numba': '0.56.4', 'requests': '2.31.0', 'matplotlib': '3.7.1', 'scikitplot': '0.3.7', 'yellowbrick': '1.5', 'plotly': '5.15.0', 'plotly-resampler': 'Not installed', 'kaleido': '0.2.1', 'schemdraw': '0.15', 'statsmodels': '0.14.0', 'sktime': '0.22.0', 'tbats': '1.1.3', 'pmdarima': '2.0.3', 'psutil': '5.9.5', 'markupsafe': '2.1.3', 'pickle5': 'Not installed', 'cloudpickle': '2.2.1', 'deprecation': '2.1.0', 'xxhash': '3.3.0', 'wurlitzer': '3.0.3'}, 'python': {'version': '3.10.12', 'machine': 'x86_64'}}
  warnings.warn(

2025-04-21 23:51:39,094:WARNING:
'cuml' is a soft dependency and not included in the pycaret installation. Please run: `pip install cuml` to install.
2025-04-21 23:51:39,094:WARNING:
'cuml' is a soft dependency and not included in the pycaret installation. Please run: `pip install cuml` to install.
2025-04-21 23:51:39,094:WARNING:
'cuml' is a soft dependency and not included in the pycaret installation. Please run: `pip install cuml` to install.
2025-04-21 23:51:39,094:WARNING:
'cuml' is a soft dependency and not included in the pycaret installation. Please run: `pip install cuml` to install.
2025-04-21 23:51:40,126:INFO:Initializing load_model()
2025-04-21 23:51:40,126:INFO:load_model(model_name=model/phishingdetection, platform=None, authentication=None, verbose=True)
2025-04-21 23:51:40,126:WARNING:C:\Users\Administrator\Desktop\phishing detector project\.venv\lib\site-packages\sklearn\base.py:376: InconsistentVersionWarning: Trying to unpickle estimator SimpleImputer from version 1.2.2 when using version 1.4.2. This might lead to breaking code or invalid results. Use at your own risk. For more info please refer to:
https://scikit-learn.org/stable/model_persistence.html#security-maintainability-limitations
  warnings.warn(

2025-04-21 23:51:40,126:WARNING:C:\Users\Administrator\Desktop\phishing detector project\.venv\lib\site-packages\sklearn\base.py:376: InconsistentVersionWarning: Trying to unpickle estimator PowerTransformer from version 1.2.2 when using version 1.4.2. This might lead to breaking code or invalid results. Use at your own risk. For more info please refer to:
https://scikit-learn.org/stable/model_persistence.html#security-maintainability-limitations
  warnings.warn(

2025-04-21 23:51:40,126:WARNING:C:\Users\Administrator\Desktop\phishing detector project\.venv\lib\site-packages\sklearn\base.py:376: InconsistentVersionWarning: Trying to unpickle estimator StandardScaler from version 1.2.2 when using version 1.4.2. This might lead to breaking code or invalid results. Use at your own risk. For more info please refer to:
https://scikit-learn.org/stable/model_persistence.html#security-maintainability-limitations
  warnings.warn(

2025-04-21 23:51:40,160:WARNING:C:\Users\Administrator\Desktop\phishing detector project\.venv\lib\site-packages\sklearn\base.py:376: InconsistentVersionWarning: Trying to unpickle estimator LabelEncoder from version 1.2.2 when using version 1.4.2. This might lead to breaking code or invalid results. Use at your own risk. For more info please refer to:
https://scikit-learn.org/stable/model_persistence.html#security-maintainability-limitations
  warnings.warn(

2025-04-21 23:51:40,167:WARNING:C:\Users\Administrator\Desktop\phishing detector project\.venv\lib\site-packages\pycaret\internal\pipeline.py:146: UserWarning: Version mismatch:
current: {'deps_info': {'pip': '25.0.1', 'setuptools': '65.5.0', 'pycaret': '3.3.1', 'IPython': '8.23.0', 'ipywidgets': '8.1.2', 'tqdm': '4.66.2', 'numpy': '1.26.4', 'pandas': '2.1.4', 'jinja2': '3.1.3', 'scipy': '1.11.4', 'joblib': '1.3.2', 'sklearn': '1.4.2', 'pyod': '1.1.3', 'imblearn': '0.12.2', 'category_encoders': '2.6.3', 'lightgbm': '4.3.0', 'numba': '0.59.1', 'requests': '2.31.0', 'matplotlib': '3.7.5', 'scikitplot': '0.3.7', 'yellowbrick': '1.5', 'plotly': '5.21.0', 'plotly-resampler': 'Not installed', 'kaleido': '0.2.1', 'schemdraw': '0.15', 'statsmodels': '0.14.2', 'sktime': '0.26.0', 'tbats': '1.1.3', 'pmdarima': '2.0.4', 'psutil': '5.9.8', 'markupsafe': '2.1.5', 'pickle5': 'Not installed', 'cloudpickle': '3.0.0', 'deprecation': '2.1.0', 'xxhash': '3.4.1', 'wurlitzer': 'Not installed'}, 'python': {'version': '3.10.11', 'machine': 'AMD64'}}
pickle: {'deps_info': {'pip': '23.1.2', 'setuptools': '67.7.2', 'pycaret': '3.0.4', 'IPython': '7.34.0', 'ipywidgets': '7.7.1', 'tqdm': '4.66.1', 'numpy': '1.23.5', 'pandas': '1.5.3', 'jinja2': '3.1.2', 'scipy': '1.10.1', 'joblib': '1.3.2', 'sklearn': '1.2.2', 'pyod': '1.1.0', 'imblearn': '0.10.1', 'category_encoders': '2.6.2', 'lightgbm': '4.0.0', 'numba': '0.56.4', 'requests': '2.31.0', 'matplotlib': '3.7.1', 'scikitplot': '0.3.7', 'yellowbrick': '1.5', 'plotly': '5.15.0', 'plotly-resampler': 'Not installed', 'kaleido': '0.2.1', 'schemdraw': '0.15', 'statsmodels': '0.14.0', 'sktime': '0.22.0', 'tbats': '1.1.3', 'pmdarima': '2.0.3', 'psutil': '5.9.5', 'markupsafe': '2.1.3', 'pickle5': 'Not installed', 'cloudpickle': '2.2.1', 'deprecation': '2.1.0', 'xxhash': '3.3.0', 'wurlitzer': '3.0.3'}, 'python': {'version': '3.10.12', 'machine': 'x86_64'}}
  warnings.warn(

2025-04-21 23:51:40,965:WARNING:C:\Users\Administrator\Desktop\phishing detector project\.venv\lib\site-packages\sklearn\base.py:376: InconsistentVersionWarning: Trying to unpickle estimator PCA from version 1.2.2 when using version 1.4.2. This might lead to breaking code or invalid results. Use at your own risk. For more info please refer to:
https://scikit-learn.org/stable/model_persistence.html#security-maintainability-limitations
  warnings.warn(

2025-04-21 23:51:40,976:INFO:Initializing predict_model()
2025-04-21 23:51:40,976:INFO:predict_model(self=<pycaret.classification.oop.ClassificationExperiment object at 0x0000020569E14CD0>, estimator=Pipeline(memory=FastMemory(location=/tmp/joblib),
         steps=[('numerical_imputer',
                 TransformerWrapper(include=['domain_att', 'URL_Length',
                                             'URL_Depth'],
                                    transformer=SimpleImputer())),
                ('categorical_imputer',
                 TransformerWrapper(include=[],
                                    transformer=SimpleImputer(strategy='most_frequent'))),
                ('transformation',
                 TransformerWrapper(transformer=PowerTransformer(standardize=False))),
                ('normalize', TransformerWrapper(transformer=StandardScaler())),
                ('clean_column_names',
                 TransformerWrapper(transformer=CleanColumnNames())),
                ('trained_model', LGBMClassifier(n_jobs=-1, random_state=321))]), probability_threshold=None, encoded_labels=False, raw_score=False, round=4, verbose=True, ml_usecase=None, preprocess=True, encode_labels=<function _SupervisedExperiment.predict_model.<locals>.encode_labels at 0x0000020569DFE710>)
2025-04-21 23:51:40,976:INFO:Checking exceptions
2025-04-21 23:51:40,976:INFO:Preloading libraries
2025-04-21 23:51:40,977:INFO:Set up data.
2025-04-21 23:51:40,980:INFO:Set up index.
2025-04-21 23:51:45,736:WARNING:C:\Users\Administrator\Desktop\phishing detector project\.venv\lib\site-packages\sklearn\base.py:376: InconsistentVersionWarning: Trying to unpickle estimator PCA from version 1.2.2 when using version 1.4.2. This might lead to breaking code or invalid results. Use at your own risk. For more info please refer to:
https://scikit-learn.org/stable/model_persistence.html#security-maintainability-limitations
  warnings.warn(

2025-04-21 23:51:45,745:INFO:Initializing predict_model()
2025-04-21 23:51:45,745:INFO:predict_model(self=<pycaret.classification.oop.ClassificationExperiment object at 0x0000020569FDD1E0>, estimator=Pipeline(memory=FastMemory(location=/tmp/joblib),
         steps=[('numerical_imputer',
                 TransformerWrapper(include=['domain_att', 'URL_Length',
                                             'URL_Depth'],
                                    transformer=SimpleImputer())),
                ('categorical_imputer',
                 TransformerWrapper(include=[],
                                    transformer=SimpleImputer(strategy='most_frequent'))),
                ('transformation',
                 TransformerWrapper(transformer=PowerTransformer(standardize=False))),
                ('normalize', TransformerWrapper(transformer=StandardScaler())),
                ('clean_column_names',
                 TransformerWrapper(transformer=CleanColumnNames())),
                ('trained_model', LGBMClassifier(n_jobs=-1, random_state=321))]), probability_threshold=None, encoded_labels=False, raw_score=False, round=4, verbose=True, ml_usecase=None, preprocess=True, encode_labels=<function _SupervisedExperiment.predict_model.<locals>.encode_labels at 0x0000020569DFFB50>)
2025-04-21 23:51:45,745:INFO:Checking exceptions
2025-04-21 23:51:45,745:INFO:Preloading libraries
2025-04-21 23:51:45,745:INFO:Set up data.
2025-04-21 23:51:45,749:INFO:Set up index.
2025-04-21 23:51:47,703:WARNING:C:\Users\Administrator\Desktop\phishing detector project\.venv\lib\site-packages\sklearn\base.py:376: InconsistentVersionWarning: Trying to unpickle estimator PCA from version 1.2.2 when using version 1.4.2. This might lead to breaking code or invalid results. Use at your own risk. For more info please refer to:
https://scikit-learn.org/stable/model_persistence.html#security-maintainability-limitations
  warnings.warn(

2025-04-21 23:51:47,718:INFO:Initializing predict_model()
2025-04-21 23:51:47,718:INFO:predict_model(self=<pycaret.classification.oop.ClassificationExperiment object at 0x0000020569FDCF40>, estimator=Pipeline(memory=FastMemory(location=/tmp/joblib),
         steps=[('numerical_imputer',
                 TransformerWrapper(include=['domain_att', 'URL_Length',
                                             'URL_Depth'],
                                    transformer=SimpleImputer())),
                ('categorical_imputer',
                 TransformerWrapper(include=[],
                                    transformer=SimpleImputer(strategy='most_frequent'))),
                ('transformation',
                 TransformerWrapper(transformer=PowerTransformer(standardize=False))),
                ('normalize', TransformerWrapper(transformer=StandardScaler())),
                ('clean_column_names',
                 TransformerWrapper(transformer=CleanColumnNames())),
                ('trained_model', LGBMClassifier(n_jobs=-1, random_state=321))]), probability_threshold=None, encoded_labels=False, raw_score=False, round=4, verbose=True, ml_usecase=None, preprocess=True, encode_labels=<function _SupervisedExperiment.predict_model.<locals>.encode_labels at 0x0000020569DFE5F0>)
2025-04-21 23:51:47,718:INFO:Checking exceptions
2025-04-21 23:51:47,718:INFO:Preloading libraries
2025-04-21 23:51:47,718:INFO:Set up data.
2025-04-21 23:51:47,718:INFO:Set up index.
2025-04-21 23:54:06,372:WARNING:
'cuml' is a soft dependency and not included in the pycaret installation. Please run: `pip install cuml` to install.
2025-04-21 23:54:06,372:WARNING:
'cuml' is a soft dependency and not included in the pycaret installation. Please run: `pip install cuml` to install.
2025-04-21 23:54:06,372:WARNING:
'cuml' is a soft dependency and not included in the pycaret installation. Please run: `pip install cuml` to install.
2025-04-21 23:54:06,372:WARNING:
'cuml' is a soft dependency and not included in the pycaret installation. Please run: `pip install cuml` to install.
2025-04-21 23:54:07,330:INFO:Initializing load_model()
2025-04-21 23:54:07,330:INFO:load_model(model_name=model/phishingdetection, platform=None, authentication=None, verbose=True)
2025-04-21 23:54:07,332:WARNING:C:\Users\Administrator\Desktop\phishing detector project\.venv\lib\site-packages\sklearn\base.py:376: InconsistentVersionWarning: Trying to unpickle estimator SimpleImputer from version 1.2.2 when using version 1.4.2. This might lead to breaking code or invalid results. Use at your own risk. For more info please refer to:
https://scikit-learn.org/stable/model_persistence.html#security-maintainability-limitations
  warnings.warn(

2025-04-21 23:54:07,332:WARNING:C:\Users\Administrator\Desktop\phishing detector project\.venv\lib\site-packages\sklearn\base.py:376: InconsistentVersionWarning: Trying to unpickle estimator PowerTransformer from version 1.2.2 when using version 1.4.2. This might lead to breaking code or invalid results. Use at your own risk. For more info please refer to:
https://scikit-learn.org/stable/model_persistence.html#security-maintainability-limitations
  warnings.warn(

2025-04-21 23:54:07,333:WARNING:C:\Users\Administrator\Desktop\phishing detector project\.venv\lib\site-packages\sklearn\base.py:376: InconsistentVersionWarning: Trying to unpickle estimator StandardScaler from version 1.2.2 when using version 1.4.2. This might lead to breaking code or invalid results. Use at your own risk. For more info please refer to:
https://scikit-learn.org/stable/model_persistence.html#security-maintainability-limitations
  warnings.warn(

2025-04-21 23:54:07,363:WARNING:C:\Users\Administrator\Desktop\phishing detector project\.venv\lib\site-packages\sklearn\base.py:376: InconsistentVersionWarning: Trying to unpickle estimator LabelEncoder from version 1.2.2 when using version 1.4.2. This might lead to breaking code or invalid results. Use at your own risk. For more info please refer to:
https://scikit-learn.org/stable/model_persistence.html#security-maintainability-limitations
  warnings.warn(

2025-04-21 23:54:07,372:WARNING:C:\Users\Administrator\Desktop\phishing detector project\.venv\lib\site-packages\pycaret\internal\pipeline.py:146: UserWarning: Version mismatch:
current: {'deps_info': {'pip': '25.0.1', 'setuptools': '65.5.0', 'pycaret': '3.3.1', 'IPython': '8.23.0', 'ipywidgets': '8.1.2', 'tqdm': '4.66.2', 'numpy': '1.26.4', 'pandas': '2.1.4', 'jinja2': '3.1.3', 'scipy': '1.11.4', 'joblib': '1.3.2', 'sklearn': '1.4.2', 'pyod': '1.1.3', 'imblearn': '0.12.2', 'category_encoders': '2.6.3', 'lightgbm': '4.3.0', 'numba': '0.59.1', 'requests': '2.31.0', 'matplotlib': '3.7.5', 'scikitplot': '0.3.7', 'yellowbrick': '1.5', 'plotly': '5.21.0', 'plotly-resampler': 'Not installed', 'kaleido': '0.2.1', 'schemdraw': '0.15', 'statsmodels': '0.14.2', 'sktime': '0.26.0', 'tbats': '1.1.3', 'pmdarima': '2.0.4', 'psutil': '5.9.8', 'markupsafe': '2.1.5', 'pickle5': 'Not installed', 'cloudpickle': '3.0.0', 'deprecation': '2.1.0', 'xxhash': '3.4.1', 'wurlitzer': 'Not installed'}, 'python': {'version': '3.10.11', 'machine': 'AMD64'}}
pickle: {'deps_info': {'pip': '23.1.2', 'setuptools': '67.7.2', 'pycaret': '3.0.4', 'IPython': '7.34.0', 'ipywidgets': '7.7.1', 'tqdm': '4.66.1', 'numpy': '1.23.5', 'pandas': '1.5.3', 'jinja2': '3.1.2', 'scipy': '1.10.1', 'joblib': '1.3.2', 'sklearn': '1.2.2', 'pyod': '1.1.0', 'imblearn': '0.10.1', 'category_encoders': '2.6.2', 'lightgbm': '4.0.0', 'numba': '0.56.4', 'requests': '2.31.0', 'matplotlib': '3.7.1', 'scikitplot': '0.3.7', 'yellowbrick': '1.5', 'plotly': '5.15.0', 'plotly-resampler': 'Not installed', 'kaleido': '0.2.1', 'schemdraw': '0.15', 'statsmodels': '0.14.0', 'sktime': '0.22.0', 'tbats': '1.1.3', 'pmdarima': '2.0.3', 'psutil': '5.9.5', 'markupsafe': '2.1.3', 'pickle5': 'Not installed', 'cloudpickle': '2.2.1', 'deprecation': '2.1.0', 'xxhash': '3.3.0', 'wurlitzer': '3.0.3'}, 'python': {'version': '3.10.12', 'machine': 'x86_64'}}
  warnings.warn(

2025-04-21 23:54:17,284:WARNING:C:\Users\Administrator\Desktop\phishing detector project\.venv\lib\site-packages\sklearn\base.py:376: InconsistentVersionWarning: Trying to unpickle estimator PCA from version 1.2.2 when using version 1.4.2. This might lead to breaking code or invalid results. Use at your own risk. For more info please refer to:
https://scikit-learn.org/stable/model_persistence.html#security-maintainability-limitations
  warnings.warn(

2025-04-21 23:54:17,295:INFO:Initializing predict_model()
2025-04-21 23:54:17,295:INFO:predict_model(self=<pycaret.classification.oop.ClassificationExperiment object at 0x000001B0D729FD90>, estimator=Pipeline(memory=FastMemory(location=/tmp/joblib),
         steps=[('numerical_imputer',
                 TransformerWrapper(include=['domain_att', 'URL_Length',
                                             'URL_Depth'],
                                    transformer=SimpleImputer())),
                ('categorical_imputer',
                 TransformerWrapper(include=[],
                                    transformer=SimpleImputer(strategy='most_frequent'))),
                ('transformation',
                 TransformerWrapper(transformer=PowerTransformer(standardize=False))),
                ('normalize', TransformerWrapper(transformer=StandardScaler())),
                ('clean_column_names',
                 TransformerWrapper(transformer=CleanColumnNames())),
                ('trained_model', LGBMClassifier(n_jobs=-1, random_state=321))]), probability_threshold=None, encoded_labels=False, raw_score=False, round=4, verbose=True, ml_usecase=None, preprocess=True, encode_labels=<function _SupervisedExperiment.predict_model.<locals>.encode_labels at 0x000001B0D725E5F0>)
2025-04-21 23:54:17,295:INFO:Checking exceptions
2025-04-21 23:54:17,295:INFO:Preloading libraries
2025-04-21 23:54:17,295:INFO:Set up data.
2025-04-21 23:54:17,298:INFO:Set up index.
2025-04-21 23:54:25,055:WARNING:
'cuml' is a soft dependency and not included in the pycaret installation. Please run: `pip install cuml` to install.
2025-04-21 23:54:25,056:WARNING:
'cuml' is a soft dependency and not included in the pycaret installation. Please run: `pip install cuml` to install.
2025-04-21 23:54:25,056:WARNING:
'cuml' is a soft dependency and not included in the pycaret installation. Please run: `pip install cuml` to install.
2025-04-21 23:54:25,056:WARNING:
'cuml' is a soft dependency and not included in the pycaret installation. Please run: `pip install cuml` to install.
2025-04-21 23:54:26,058:INFO:Initializing load_model()
2025-04-21 23:54:26,058:INFO:load_model(model_name=model/phishingdetection, platform=None, authentication=None, verbose=True)
2025-04-21 23:54:26,060:WARNING:C:\Users\Administrator\Desktop\phishing detector project\.venv\lib\site-packages\sklearn\base.py:376: InconsistentVersionWarning: Trying to unpickle estimator SimpleImputer from version 1.2.2 when using version 1.4.2. This might lead to breaking code or invalid results. Use at your own risk. For more info please refer to:
https://scikit-learn.org/stable/model_persistence.html#security-maintainability-limitations
  warnings.warn(

2025-04-21 23:54:26,061:WARNING:C:\Users\Administrator\Desktop\phishing detector project\.venv\lib\site-packages\sklearn\base.py:376: InconsistentVersionWarning: Trying to unpickle estimator PowerTransformer from version 1.2.2 when using version 1.4.2. This might lead to breaking code or invalid results. Use at your own risk. For more info please refer to:
https://scikit-learn.org/stable/model_persistence.html#security-maintainability-limitations
  warnings.warn(

2025-04-21 23:54:26,061:WARNING:C:\Users\Administrator\Desktop\phishing detector project\.venv\lib\site-packages\sklearn\base.py:376: InconsistentVersionWarning: Trying to unpickle estimator StandardScaler from version 1.2.2 when using version 1.4.2. This might lead to breaking code or invalid results. Use at your own risk. For more info please refer to:
https://scikit-learn.org/stable/model_persistence.html#security-maintainability-limitations
  warnings.warn(

2025-04-21 23:54:26,089:WARNING:C:\Users\Administrator\Desktop\phishing detector project\.venv\lib\site-packages\sklearn\base.py:376: InconsistentVersionWarning: Trying to unpickle estimator LabelEncoder from version 1.2.2 when using version 1.4.2. This might lead to breaking code or invalid results. Use at your own risk. For more info please refer to:
https://scikit-learn.org/stable/model_persistence.html#security-maintainability-limitations
  warnings.warn(

2025-04-21 23:54:26,097:WARNING:C:\Users\Administrator\Desktop\phishing detector project\.venv\lib\site-packages\pycaret\internal\pipeline.py:146: UserWarning: Version mismatch:
current: {'deps_info': {'pip': '25.0.1', 'setuptools': '65.5.0', 'pycaret': '3.3.1', 'IPython': '8.23.0', 'ipywidgets': '8.1.2', 'tqdm': '4.66.2', 'numpy': '1.26.4', 'pandas': '2.1.4', 'jinja2': '3.1.3', 'scipy': '1.11.4', 'joblib': '1.3.2', 'sklearn': '1.4.2', 'pyod': '1.1.3', 'imblearn': '0.12.2', 'category_encoders': '2.6.3', 'lightgbm': '4.3.0', 'numba': '0.59.1', 'requests': '2.31.0', 'matplotlib': '3.7.5', 'scikitplot': '0.3.7', 'yellowbrick': '1.5', 'plotly': '5.21.0', 'plotly-resampler': 'Not installed', 'kaleido': '0.2.1', 'schemdraw': '0.15', 'statsmodels': '0.14.2', 'sktime': '0.26.0', 'tbats': '1.1.3', 'pmdarima': '2.0.4', 'psutil': '5.9.8', 'markupsafe': '2.1.5', 'pickle5': 'Not installed', 'cloudpickle': '3.0.0', 'deprecation': '2.1.0', 'xxhash': '3.4.1', 'wurlitzer': 'Not installed'}, 'python': {'version': '3.10.11', 'machine': 'AMD64'}}
pickle: {'deps_info': {'pip': '23.1.2', 'setuptools': '67.7.2', 'pycaret': '3.0.4', 'IPython': '7.34.0', 'ipywidgets': '7.7.1', 'tqdm': '4.66.1', 'numpy': '1.23.5', 'pandas': '1.5.3', 'jinja2': '3.1.2', 'scipy': '1.10.1', 'joblib': '1.3.2', 'sklearn': '1.2.2', 'pyod': '1.1.0', 'imblearn': '0.10.1', 'category_encoders': '2.6.2', 'lightgbm': '4.0.0', 'numba': '0.56.4', 'requests': '2.31.0', 'matplotlib': '3.7.1', 'scikitplot': '0.3.7', 'yellowbrick': '1.5', 'plotly': '5.15.0', 'plotly-resampler': 'Not installed', 'kaleido': '0.2.1', 'schemdraw': '0.15', 'statsmodels': '0.14.0', 'sktime': '0.22.0', 'tbats': '1.1.3', 'pmdarima': '2.0.3', 'psutil': '5.9.5', 'markupsafe': '2.1.3', 'pickle5': 'Not installed', 'cloudpickle': '2.2.1', 'deprecation': '2.1.0', 'xxhash': '3.3.0', 'wurlitzer': '3.0.3'}, 'python': {'version': '3.10.12', 'machine': 'x86_64'}}
  warnings.warn(

2025-04-21 23:54:28,873:WARNING:
'cuml' is a soft dependency and not included in the pycaret installation. Please run: `pip install cuml` to install.
2025-04-21 23:54:28,873:WARNING:
'cuml' is a soft dependency and not included in the pycaret installation. Please run: `pip install cuml` to install.
2025-04-21 23:54:28,873:WARNING:
'cuml' is a soft dependency and not included in the pycaret installation. Please run: `pip install cuml` to install.
2025-04-21 23:54:28,873:WARNING:
'cuml' is a soft dependency and not included in the pycaret installation. Please run: `pip install cuml` to install.
2025-04-21 23:54:29,907:INFO:Initializing load_model()
2025-04-21 23:54:29,908:INFO:load_model(model_name=model/phishingdetection, platform=None, authentication=None, verbose=True)
2025-04-21 23:54:29,909:WARNING:C:\Users\Administrator\Desktop\phishing detector project\.venv\lib\site-packages\sklearn\base.py:376: InconsistentVersionWarning: Trying to unpickle estimator SimpleImputer from version 1.2.2 when using version 1.4.2. This might lead to breaking code or invalid results. Use at your own risk. For more info please refer to:
https://scikit-learn.org/stable/model_persistence.html#security-maintainability-limitations
  warnings.warn(

2025-04-21 23:54:29,910:WARNING:C:\Users\Administrator\Desktop\phishing detector project\.venv\lib\site-packages\sklearn\base.py:376: InconsistentVersionWarning: Trying to unpickle estimator PowerTransformer from version 1.2.2 when using version 1.4.2. This might lead to breaking code or invalid results. Use at your own risk. For more info please refer to:
https://scikit-learn.org/stable/model_persistence.html#security-maintainability-limitations
  warnings.warn(

2025-04-21 23:54:29,910:WARNING:C:\Users\Administrator\Desktop\phishing detector project\.venv\lib\site-packages\sklearn\base.py:376: InconsistentVersionWarning: Trying to unpickle estimator StandardScaler from version 1.2.2 when using version 1.4.2. This might lead to breaking code or invalid results. Use at your own risk. For more info please refer to:
https://scikit-learn.org/stable/model_persistence.html#security-maintainability-limitations
  warnings.warn(

2025-04-21 23:54:29,939:WARNING:C:\Users\Administrator\Desktop\phishing detector project\.venv\lib\site-packages\sklearn\base.py:376: InconsistentVersionWarning: Trying to unpickle estimator LabelEncoder from version 1.2.2 when using version 1.4.2. This might lead to breaking code or invalid results. Use at your own risk. For more info please refer to:
https://scikit-learn.org/stable/model_persistence.html#security-maintainability-limitations
  warnings.warn(

2025-04-21 23:54:29,947:WARNING:C:\Users\Administrator\Desktop\phishing detector project\.venv\lib\site-packages\pycaret\internal\pipeline.py:146: UserWarning: Version mismatch:
current: {'deps_info': {'pip': '25.0.1', 'setuptools': '65.5.0', 'pycaret': '3.3.1', 'IPython': '8.23.0', 'ipywidgets': '8.1.2', 'tqdm': '4.66.2', 'numpy': '1.26.4', 'pandas': '2.1.4', 'jinja2': '3.1.3', 'scipy': '1.11.4', 'joblib': '1.3.2', 'sklearn': '1.4.2', 'pyod': '1.1.3', 'imblearn': '0.12.2', 'category_encoders': '2.6.3', 'lightgbm': '4.3.0', 'numba': '0.59.1', 'requests': '2.31.0', 'matplotlib': '3.7.5', 'scikitplot': '0.3.7', 'yellowbrick': '1.5', 'plotly': '5.21.0', 'plotly-resampler': 'Not installed', 'kaleido': '0.2.1', 'schemdraw': '0.15', 'statsmodels': '0.14.2', 'sktime': '0.26.0', 'tbats': '1.1.3', 'pmdarima': '2.0.4', 'psutil': '5.9.8', 'markupsafe': '2.1.5', 'pickle5': 'Not installed', 'cloudpickle': '3.0.0', 'deprecation': '2.1.0', 'xxhash': '3.4.1', 'wurlitzer': 'Not installed'}, 'python': {'version': '3.10.11', 'machine': 'AMD64'}}
pickle: {'deps_info': {'pip': '23.1.2', 'setuptools': '67.7.2', 'pycaret': '3.0.4', 'IPython': '7.34.0', 'ipywidgets': '7.7.1', 'tqdm': '4.66.1', 'numpy': '1.23.5', 'pandas': '1.5.3', 'jinja2': '3.1.2', 'scipy': '1.10.1', 'joblib': '1.3.2', 'sklearn': '1.2.2', 'pyod': '1.1.0', 'imblearn': '0.10.1', 'category_encoders': '2.6.2', 'lightgbm': '4.0.0', 'numba': '0.56.4', 'requests': '2.31.0', 'matplotlib': '3.7.1', 'scikitplot': '0.3.7', 'yellowbrick': '1.5', 'plotly': '5.15.0', 'plotly-resampler': 'Not installed', 'kaleido': '0.2.1', 'schemdraw': '0.15', 'statsmodels': '0.14.0', 'sktime': '0.22.0', 'tbats': '1.1.3', 'pmdarima': '2.0.3', 'psutil': '5.9.5', 'markupsafe': '2.1.3', 'pickle5': 'Not installed', 'cloudpickle': '2.2.1', 'deprecation': '2.1.0', 'xxhash': '3.3.0', 'wurlitzer': '3.0.3'}, 'python': {'version': '3.10.12', 'machine': 'x86_64'}}
  warnings.warn(

2025-04-21 23:54:37,776:WARNING:C:\Users\Administrator\Desktop\phishing detector project\.venv\lib\site-packages\sklearn\base.py:376: InconsistentVersionWarning: Trying to unpickle estimator PCA from version 1.2.2 when using version 1.4.2. This might lead to breaking code or invalid results. Use at your own risk. For more info please refer to:
https://scikit-learn.org/stable/model_persistence.html#security-maintainability-limitations
  warnings.warn(

2025-04-21 23:54:37,793:INFO:Initializing predict_model()
2025-04-21 23:54:37,793:INFO:predict_model(self=<pycaret.classification.oop.ClassificationExperiment object at 0x0000012595D61180>, estimator=Pipeline(memory=FastMemory(location=/tmp/joblib),
         steps=[('numerical_imputer',
                 TransformerWrapper(include=['domain_att', 'URL_Length',
                                             'URL_Depth'],
                                    transformer=SimpleImputer())),
                ('categorical_imputer',
                 TransformerWrapper(include=[],
                                    transformer=SimpleImputer(strategy='most_frequent'))),
                ('transformation',
                 TransformerWrapper(transformer=PowerTransformer(standardize=False))),
                ('normalize', TransformerWrapper(transformer=StandardScaler())),
                ('clean_column_names',
                 TransformerWrapper(transformer=CleanColumnNames())),
                ('trained_model', LGBMClassifier(n_jobs=-1, random_state=321))]), probability_threshold=None, encoded_labels=False, raw_score=False, round=4, verbose=True, ml_usecase=None, preprocess=True, encode_labels=<function _SupervisedExperiment.predict_model.<locals>.encode_labels at 0x0000012595D1E440>)
2025-04-21 23:54:37,793:INFO:Checking exceptions
2025-04-21 23:54:37,793:INFO:Preloading libraries
2025-04-21 23:54:37,793:INFO:Set up data.
2025-04-21 23:54:37,793:INFO:Set up index.
2025-04-21 23:55:58,983:WARNING:
'cuml' is a soft dependency and not included in the pycaret installation. Please run: `pip install cuml` to install.
2025-04-21 23:55:58,984:WARNING:
'cuml' is a soft dependency and not included in the pycaret installation. Please run: `pip install cuml` to install.
2025-04-21 23:55:58,984:WARNING:
'cuml' is a soft dependency and not included in the pycaret installation. Please run: `pip install cuml` to install.
2025-04-21 23:55:58,984:WARNING:
'cuml' is a soft dependency and not included in the pycaret installation. Please run: `pip install cuml` to install.
2025-04-21 23:55:59,963:INFO:Initializing load_model()
2025-04-21 23:55:59,963:INFO:load_model(model_name=model/phishingdetection, platform=None, authentication=None, verbose=True)
2025-04-21 23:55:59,979:WARNING:C:\Users\Administrator\Desktop\phishing detector project\.venv\lib\site-packages\sklearn\base.py:376: InconsistentVersionWarning: Trying to unpickle estimator SimpleImputer from version 1.2.2 when using version 1.4.2. This might lead to breaking code or invalid results. Use at your own risk. For more info please refer to:
https://scikit-learn.org/stable/model_persistence.html#security-maintainability-limitations
  warnings.warn(

2025-04-21 23:55:59,979:WARNING:C:\Users\Administrator\Desktop\phishing detector project\.venv\lib\site-packages\sklearn\base.py:376: InconsistentVersionWarning: Trying to unpickle estimator PowerTransformer from version 1.2.2 when using version 1.4.2. This might lead to breaking code or invalid results. Use at your own risk. For more info please refer to:
https://scikit-learn.org/stable/model_persistence.html#security-maintainability-limitations
  warnings.warn(

2025-04-21 23:55:59,979:WARNING:C:\Users\Administrator\Desktop\phishing detector project\.venv\lib\site-packages\sklearn\base.py:376: InconsistentVersionWarning: Trying to unpickle estimator StandardScaler from version 1.2.2 when using version 1.4.2. This might lead to breaking code or invalid results. Use at your own risk. For more info please refer to:
https://scikit-learn.org/stable/model_persistence.html#security-maintainability-limitations
  warnings.warn(

2025-04-21 23:56:00,006:WARNING:C:\Users\Administrator\Desktop\phishing detector project\.venv\lib\site-packages\sklearn\base.py:376: InconsistentVersionWarning: Trying to unpickle estimator LabelEncoder from version 1.2.2 when using version 1.4.2. This might lead to breaking code or invalid results. Use at your own risk. For more info please refer to:
https://scikit-learn.org/stable/model_persistence.html#security-maintainability-limitations
  warnings.warn(

2025-04-21 23:56:00,014:WARNING:C:\Users\Administrator\Desktop\phishing detector project\.venv\lib\site-packages\pycaret\internal\pipeline.py:146: UserWarning: Version mismatch:
current: {'deps_info': {'pip': '25.0.1', 'setuptools': '65.5.0', 'pycaret': '3.3.1', 'IPython': '8.23.0', 'ipywidgets': '8.1.2', 'tqdm': '4.66.2', 'numpy': '1.26.4', 'pandas': '2.1.4', 'jinja2': '3.1.3', 'scipy': '1.11.4', 'joblib': '1.3.2', 'sklearn': '1.4.2', 'pyod': '1.1.3', 'imblearn': '0.12.2', 'category_encoders': '2.6.3', 'lightgbm': '4.3.0', 'numba': '0.59.1', 'requests': '2.31.0', 'matplotlib': '3.7.5', 'scikitplot': '0.3.7', 'yellowbrick': '1.5', 'plotly': '5.21.0', 'plotly-resampler': 'Not installed', 'kaleido': '0.2.1', 'schemdraw': '0.15', 'statsmodels': '0.14.2', 'sktime': '0.26.0', 'tbats': '1.1.3', 'pmdarima': '2.0.4', 'psutil': '5.9.8', 'markupsafe': '2.1.5', 'pickle5': 'Not installed', 'cloudpickle': '3.0.0', 'deprecation': '2.1.0', 'xxhash': '3.4.1', 'wurlitzer': 'Not installed'}, 'python': {'version': '3.10.11', 'machine': 'AMD64'}}
pickle: {'deps_info': {'pip': '23.1.2', 'setuptools': '67.7.2', 'pycaret': '3.0.4', 'IPython': '7.34.0', 'ipywidgets': '7.7.1', 'tqdm': '4.66.1', 'numpy': '1.23.5', 'pandas': '1.5.3', 'jinja2': '3.1.2', 'scipy': '1.10.1', 'joblib': '1.3.2', 'sklearn': '1.2.2', 'pyod': '1.1.0', 'imblearn': '0.10.1', 'category_encoders': '2.6.2', 'lightgbm': '4.0.0', 'numba': '0.56.4', 'requests': '2.31.0', 'matplotlib': '3.7.1', 'scikitplot': '0.3.7', 'yellowbrick': '1.5', 'plotly': '5.15.0', 'plotly-resampler': 'Not installed', 'kaleido': '0.2.1', 'schemdraw': '0.15', 'statsmodels': '0.14.0', 'sktime': '0.22.0', 'tbats': '1.1.3', 'pmdarima': '2.0.3', 'psutil': '5.9.5', 'markupsafe': '2.1.3', 'pickle5': 'Not installed', 'cloudpickle': '2.2.1', 'deprecation': '2.1.0', 'xxhash': '3.3.0', 'wurlitzer': '3.0.3'}, 'python': {'version': '3.10.12', 'machine': 'x86_64'}}
  warnings.warn(

2025-04-21 23:56:02,849:WARNING:
'cuml' is a soft dependency and not included in the pycaret installation. Please run: `pip install cuml` to install.
2025-04-21 23:56:02,849:WARNING:
'cuml' is a soft dependency and not included in the pycaret installation. Please run: `pip install cuml` to install.
2025-04-21 23:56:02,865:WARNING:
'cuml' is a soft dependency and not included in the pycaret installation. Please run: `pip install cuml` to install.
2025-04-21 23:56:02,865:WARNING:
'cuml' is a soft dependency and not included in the pycaret installation. Please run: `pip install cuml` to install.
2025-04-21 23:56:03,835:INFO:Initializing load_model()
2025-04-21 23:56:03,835:INFO:load_model(model_name=model/phishingdetection, platform=None, authentication=None, verbose=True)
2025-04-21 23:56:03,835:WARNING:C:\Users\Administrator\Desktop\phishing detector project\.venv\lib\site-packages\sklearn\base.py:376: InconsistentVersionWarning: Trying to unpickle estimator SimpleImputer from version 1.2.2 when using version 1.4.2. This might lead to breaking code or invalid results. Use at your own risk. For more info please refer to:
https://scikit-learn.org/stable/model_persistence.html#security-maintainability-limitations
  warnings.warn(

2025-04-21 23:56:03,835:WARNING:C:\Users\Administrator\Desktop\phishing detector project\.venv\lib\site-packages\sklearn\base.py:376: InconsistentVersionWarning: Trying to unpickle estimator PowerTransformer from version 1.2.2 when using version 1.4.2. This might lead to breaking code or invalid results. Use at your own risk. For more info please refer to:
https://scikit-learn.org/stable/model_persistence.html#security-maintainability-limitations
  warnings.warn(

2025-04-21 23:56:03,835:WARNING:C:\Users\Administrator\Desktop\phishing detector project\.venv\lib\site-packages\sklearn\base.py:376: InconsistentVersionWarning: Trying to unpickle estimator StandardScaler from version 1.2.2 when using version 1.4.2. This might lead to breaking code or invalid results. Use at your own risk. For more info please refer to:
https://scikit-learn.org/stable/model_persistence.html#security-maintainability-limitations
  warnings.warn(

2025-04-21 23:56:03,869:WARNING:C:\Users\Administrator\Desktop\phishing detector project\.venv\lib\site-packages\sklearn\base.py:376: InconsistentVersionWarning: Trying to unpickle estimator LabelEncoder from version 1.2.2 when using version 1.4.2. This might lead to breaking code or invalid results. Use at your own risk. For more info please refer to:
https://scikit-learn.org/stable/model_persistence.html#security-maintainability-limitations
  warnings.warn(

2025-04-21 23:56:03,877:WARNING:C:\Users\Administrator\Desktop\phishing detector project\.venv\lib\site-packages\pycaret\internal\pipeline.py:146: UserWarning: Version mismatch:
current: {'deps_info': {'pip': '25.0.1', 'setuptools': '65.5.0', 'pycaret': '3.3.1', 'IPython': '8.23.0', 'ipywidgets': '8.1.2', 'tqdm': '4.66.2', 'numpy': '1.26.4', 'pandas': '2.1.4', 'jinja2': '3.1.3', 'scipy': '1.11.4', 'joblib': '1.3.2', 'sklearn': '1.4.2', 'pyod': '1.1.3', 'imblearn': '0.12.2', 'category_encoders': '2.6.3', 'lightgbm': '4.3.0', 'numba': '0.59.1', 'requests': '2.31.0', 'matplotlib': '3.7.5', 'scikitplot': '0.3.7', 'yellowbrick': '1.5', 'plotly': '5.21.0', 'plotly-resampler': 'Not installed', 'kaleido': '0.2.1', 'schemdraw': '0.15', 'statsmodels': '0.14.2', 'sktime': '0.26.0', 'tbats': '1.1.3', 'pmdarima': '2.0.4', 'psutil': '5.9.8', 'markupsafe': '2.1.5', 'pickle5': 'Not installed', 'cloudpickle': '3.0.0', 'deprecation': '2.1.0', 'xxhash': '3.4.1', 'wurlitzer': 'Not installed'}, 'python': {'version': '3.10.11', 'machine': 'AMD64'}}
pickle: {'deps_info': {'pip': '23.1.2', 'setuptools': '67.7.2', 'pycaret': '3.0.4', 'IPython': '7.34.0', 'ipywidgets': '7.7.1', 'tqdm': '4.66.1', 'numpy': '1.23.5', 'pandas': '1.5.3', 'jinja2': '3.1.2', 'scipy': '1.10.1', 'joblib': '1.3.2', 'sklearn': '1.2.2', 'pyod': '1.1.0', 'imblearn': '0.10.1', 'category_encoders': '2.6.2', 'lightgbm': '4.0.0', 'numba': '0.56.4', 'requests': '2.31.0', 'matplotlib': '3.7.1', 'scikitplot': '0.3.7', 'yellowbrick': '1.5', 'plotly': '5.15.0', 'plotly-resampler': 'Not installed', 'kaleido': '0.2.1', 'schemdraw': '0.15', 'statsmodels': '0.14.0', 'sktime': '0.22.0', 'tbats': '1.1.3', 'pmdarima': '2.0.3', 'psutil': '5.9.5', 'markupsafe': '2.1.3', 'pickle5': 'Not installed', 'cloudpickle': '2.2.1', 'deprecation': '2.1.0', 'xxhash': '3.3.0', 'wurlitzer': '3.0.3'}, 'python': {'version': '3.10.12', 'machine': 'x86_64'}}
  warnings.warn(

2025-04-21 23:56:14,376:WARNING:C:\Users\Administrator\Desktop\phishing detector project\.venv\lib\site-packages\sklearn\base.py:376: InconsistentVersionWarning: Trying to unpickle estimator PCA from version 1.2.2 when using version 1.4.2. This might lead to breaking code or invalid results. Use at your own risk. For more info please refer to:
https://scikit-learn.org/stable/model_persistence.html#security-maintainability-limitations
  warnings.warn(

2025-04-21 23:56:14,387:INFO:Initializing predict_model()
2025-04-21 23:56:14,387:INFO:predict_model(self=<pycaret.classification.oop.ClassificationExperiment object at 0x000001EB8BED1150>, estimator=Pipeline(memory=FastMemory(location=/tmp/joblib),
         steps=[('numerical_imputer',
                 TransformerWrapper(include=['domain_att', 'URL_Length',
                                             'URL_Depth'],
                                    transformer=SimpleImputer())),
                ('categorical_imputer',
                 TransformerWrapper(include=[],
                                    transformer=SimpleImputer(strategy='most_frequent'))),
                ('transformation',
                 TransformerWrapper(transformer=PowerTransformer(standardize=False))),
                ('normalize', TransformerWrapper(transformer=StandardScaler())),
                ('clean_column_names',
                 TransformerWrapper(transformer=CleanColumnNames())),
                ('trained_model', LGBMClassifier(n_jobs=-1, random_state=321))]), probability_threshold=None, encoded_labels=False, raw_score=False, round=4, verbose=True, ml_usecase=None, preprocess=True, encode_labels=<function _SupervisedExperiment.predict_model.<locals>.encode_labels at 0x000001EB8BE8F010>)
2025-04-21 23:56:14,387:INFO:Checking exceptions
2025-04-21 23:56:14,387:INFO:Preloading libraries
2025-04-21 23:56:14,387:INFO:Set up data.
2025-04-21 23:56:14,390:INFO:Set up index.
2025-04-21 23:56:17,511:WARNING:C:\Users\Administrator\Desktop\phishing detector project\.venv\lib\site-packages\sklearn\base.py:376: InconsistentVersionWarning: Trying to unpickle estimator PCA from version 1.2.2 when using version 1.4.2. This might lead to breaking code or invalid results. Use at your own risk. For more info please refer to:
https://scikit-learn.org/stable/model_persistence.html#security-maintainability-limitations
  warnings.warn(

2025-04-21 23:56:17,511:INFO:Initializing predict_model()
2025-04-21 23:56:17,511:INFO:predict_model(self=<pycaret.classification.oop.ClassificationExperiment object at 0x000001EB88F5AC80>, estimator=Pipeline(memory=FastMemory(location=/tmp/joblib),
         steps=[('numerical_imputer',
                 TransformerWrapper(include=['domain_att', 'URL_Length',
                                             'URL_Depth'],
                                    transformer=SimpleImputer())),
                ('categorical_imputer',
                 TransformerWrapper(include=[],
                                    transformer=SimpleImputer(strategy='most_frequent'))),
                ('transformation',
                 TransformerWrapper(transformer=PowerTransformer(standardize=False))),
                ('normalize', TransformerWrapper(transformer=StandardScaler())),
                ('clean_column_names',
                 TransformerWrapper(transformer=CleanColumnNames())),
                ('trained_model', LGBMClassifier(n_jobs=-1, random_state=321))]), probability_threshold=None, encoded_labels=False, raw_score=False, round=4, verbose=True, ml_usecase=None, preprocess=True, encode_labels=<function _SupervisedExperiment.predict_model.<locals>.encode_labels at 0x000001EB8BE8E3B0>)
2025-04-21 23:56:17,511:INFO:Checking exceptions
2025-04-21 23:56:17,511:INFO:Preloading libraries
2025-04-21 23:56:17,511:INFO:Set up data.
2025-04-21 23:56:17,526:INFO:Set up index.
2025-04-21 23:57:09,761:WARNING:
'cuml' is a soft dependency and not included in the pycaret installation. Please run: `pip install cuml` to install.
2025-04-21 23:57:09,762:WARNING:
'cuml' is a soft dependency and not included in the pycaret installation. Please run: `pip install cuml` to install.
2025-04-21 23:57:09,762:WARNING:
'cuml' is a soft dependency and not included in the pycaret installation. Please run: `pip install cuml` to install.
2025-04-21 23:57:09,763:WARNING:
'cuml' is a soft dependency and not included in the pycaret installation. Please run: `pip install cuml` to install.
2025-04-21 23:57:10,904:INFO:Initializing load_model()
2025-04-21 23:57:10,904:INFO:load_model(model_name=model/phishingdetection, platform=None, authentication=None, verbose=True)
2025-04-21 23:57:10,908:WARNING:C:\Users\Administrator\Desktop\phishing detector project\.venv\lib\site-packages\sklearn\base.py:376: InconsistentVersionWarning: Trying to unpickle estimator SimpleImputer from version 1.2.2 when using version 1.4.2. This might lead to breaking code or invalid results. Use at your own risk. For more info please refer to:
https://scikit-learn.org/stable/model_persistence.html#security-maintainability-limitations
  warnings.warn(

2025-04-21 23:57:10,909:WARNING:C:\Users\Administrator\Desktop\phishing detector project\.venv\lib\site-packages\sklearn\base.py:376: InconsistentVersionWarning: Trying to unpickle estimator PowerTransformer from version 1.2.2 when using version 1.4.2. This might lead to breaking code or invalid results. Use at your own risk. For more info please refer to:
https://scikit-learn.org/stable/model_persistence.html#security-maintainability-limitations
  warnings.warn(

2025-04-21 23:57:10,909:WARNING:C:\Users\Administrator\Desktop\phishing detector project\.venv\lib\site-packages\sklearn\base.py:376: InconsistentVersionWarning: Trying to unpickle estimator StandardScaler from version 1.2.2 when using version 1.4.2. This might lead to breaking code or invalid results. Use at your own risk. For more info please refer to:
https://scikit-learn.org/stable/model_persistence.html#security-maintainability-limitations
  warnings.warn(

2025-04-21 23:57:10,937:WARNING:C:\Users\Administrator\Desktop\phishing detector project\.venv\lib\site-packages\sklearn\base.py:376: InconsistentVersionWarning: Trying to unpickle estimator LabelEncoder from version 1.2.2 when using version 1.4.2. This might lead to breaking code or invalid results. Use at your own risk. For more info please refer to:
https://scikit-learn.org/stable/model_persistence.html#security-maintainability-limitations
  warnings.warn(

2025-04-21 23:57:10,952:WARNING:C:\Users\Administrator\Desktop\phishing detector project\.venv\lib\site-packages\pycaret\internal\pipeline.py:146: UserWarning: Version mismatch:
current: {'deps_info': {'pip': '25.0.1', 'setuptools': '65.5.0', 'pycaret': '3.3.1', 'IPython': '8.23.0', 'ipywidgets': '8.1.2', 'tqdm': '4.66.2', 'numpy': '1.26.4', 'pandas': '2.1.4', 'jinja2': '3.1.3', 'scipy': '1.11.4', 'joblib': '1.3.2', 'sklearn': '1.4.2', 'pyod': '1.1.3', 'imblearn': '0.12.2', 'category_encoders': '2.6.3', 'lightgbm': '4.3.0', 'numba': '0.59.1', 'requests': '2.31.0', 'matplotlib': '3.7.5', 'scikitplot': '0.3.7', 'yellowbrick': '1.5', 'plotly': '5.21.0', 'plotly-resampler': 'Not installed', 'kaleido': '0.2.1', 'schemdraw': '0.15', 'statsmodels': '0.14.2', 'sktime': '0.26.0', 'tbats': '1.1.3', 'pmdarima': '2.0.4', 'psutil': '5.9.8', 'markupsafe': '2.1.5', 'pickle5': 'Not installed', 'cloudpickle': '3.0.0', 'deprecation': '2.1.0', 'xxhash': '3.4.1', 'wurlitzer': 'Not installed'}, 'python': {'version': '3.10.11', 'machine': 'AMD64'}}
pickle: {'deps_info': {'pip': '23.1.2', 'setuptools': '67.7.2', 'pycaret': '3.0.4', 'IPython': '7.34.0', 'ipywidgets': '7.7.1', 'tqdm': '4.66.1', 'numpy': '1.23.5', 'pandas': '1.5.3', 'jinja2': '3.1.2', 'scipy': '1.10.1', 'joblib': '1.3.2', 'sklearn': '1.2.2', 'pyod': '1.1.0', 'imblearn': '0.10.1', 'category_encoders': '2.6.2', 'lightgbm': '4.0.0', 'numba': '0.56.4', 'requests': '2.31.0', 'matplotlib': '3.7.1', 'scikitplot': '0.3.7', 'yellowbrick': '1.5', 'plotly': '5.15.0', 'plotly-resampler': 'Not installed', 'kaleido': '0.2.1', 'schemdraw': '0.15', 'statsmodels': '0.14.0', 'sktime': '0.22.0', 'tbats': '1.1.3', 'pmdarima': '2.0.3', 'psutil': '5.9.5', 'markupsafe': '2.1.3', 'pickle5': 'Not installed', 'cloudpickle': '2.2.1', 'deprecation': '2.1.0', 'xxhash': '3.3.0', 'wurlitzer': '3.0.3'}, 'python': {'version': '3.10.12', 'machine': 'x86_64'}}
  warnings.warn(

2025-04-21 23:57:14,241:WARNING:
'cuml' is a soft dependency and not included in the pycaret installation. Please run: `pip install cuml` to install.
2025-04-21 23:57:14,242:WARNING:
'cuml' is a soft dependency and not included in the pycaret installation. Please run: `pip install cuml` to install.
2025-04-21 23:57:14,242:WARNING:
'cuml' is a soft dependency and not included in the pycaret installation. Please run: `pip install cuml` to install.
2025-04-21 23:57:14,242:WARNING:
'cuml' is a soft dependency and not included in the pycaret installation. Please run: `pip install cuml` to install.
2025-04-21 23:57:15,350:INFO:Initializing load_model()
2025-04-21 23:57:15,350:INFO:load_model(model_name=model/phishingdetection, platform=None, authentication=None, verbose=True)
2025-04-21 23:57:15,350:WARNING:C:\Users\Administrator\Desktop\phishing detector project\.venv\lib\site-packages\sklearn\base.py:376: InconsistentVersionWarning: Trying to unpickle estimator SimpleImputer from version 1.2.2 when using version 1.4.2. This might lead to breaking code or invalid results. Use at your own risk. For more info please refer to:
https://scikit-learn.org/stable/model_persistence.html#security-maintainability-limitations
  warnings.warn(

2025-04-21 23:57:15,350:WARNING:C:\Users\Administrator\Desktop\phishing detector project\.venv\lib\site-packages\sklearn\base.py:376: InconsistentVersionWarning: Trying to unpickle estimator PowerTransformer from version 1.2.2 when using version 1.4.2. This might lead to breaking code or invalid results. Use at your own risk. For more info please refer to:
https://scikit-learn.org/stable/model_persistence.html#security-maintainability-limitations
  warnings.warn(

2025-04-21 23:57:15,350:WARNING:C:\Users\Administrator\Desktop\phishing detector project\.venv\lib\site-packages\sklearn\base.py:376: InconsistentVersionWarning: Trying to unpickle estimator StandardScaler from version 1.2.2 when using version 1.4.2. This might lead to breaking code or invalid results. Use at your own risk. For more info please refer to:
https://scikit-learn.org/stable/model_persistence.html#security-maintainability-limitations
  warnings.warn(

2025-04-21 23:57:15,387:WARNING:C:\Users\Administrator\Desktop\phishing detector project\.venv\lib\site-packages\sklearn\base.py:376: InconsistentVersionWarning: Trying to unpickle estimator LabelEncoder from version 1.2.2 when using version 1.4.2. This might lead to breaking code or invalid results. Use at your own risk. For more info please refer to:
https://scikit-learn.org/stable/model_persistence.html#security-maintainability-limitations
  warnings.warn(

2025-04-21 23:57:15,397:WARNING:C:\Users\Administrator\Desktop\phishing detector project\.venv\lib\site-packages\pycaret\internal\pipeline.py:146: UserWarning: Version mismatch:
current: {'deps_info': {'pip': '25.0.1', 'setuptools': '65.5.0', 'pycaret': '3.3.1', 'IPython': '8.23.0', 'ipywidgets': '8.1.2', 'tqdm': '4.66.2', 'numpy': '1.26.4', 'pandas': '2.1.4', 'jinja2': '3.1.3', 'scipy': '1.11.4', 'joblib': '1.3.2', 'sklearn': '1.4.2', 'pyod': '1.1.3', 'imblearn': '0.12.2', 'category_encoders': '2.6.3', 'lightgbm': '4.3.0', 'numba': '0.59.1', 'requests': '2.31.0', 'matplotlib': '3.7.5', 'scikitplot': '0.3.7', 'yellowbrick': '1.5', 'plotly': '5.21.0', 'plotly-resampler': 'Not installed', 'kaleido': '0.2.1', 'schemdraw': '0.15', 'statsmodels': '0.14.2', 'sktime': '0.26.0', 'tbats': '1.1.3', 'pmdarima': '2.0.4', 'psutil': '5.9.8', 'markupsafe': '2.1.5', 'pickle5': 'Not installed', 'cloudpickle': '3.0.0', 'deprecation': '2.1.0', 'xxhash': '3.4.1', 'wurlitzer': 'Not installed'}, 'python': {'version': '3.10.11', 'machine': 'AMD64'}}
pickle: {'deps_info': {'pip': '23.1.2', 'setuptools': '67.7.2', 'pycaret': '3.0.4', 'IPython': '7.34.0', 'ipywidgets': '7.7.1', 'tqdm': '4.66.1', 'numpy': '1.23.5', 'pandas': '1.5.3', 'jinja2': '3.1.2', 'scipy': '1.10.1', 'joblib': '1.3.2', 'sklearn': '1.2.2', 'pyod': '1.1.0', 'imblearn': '0.10.1', 'category_encoders': '2.6.2', 'lightgbm': '4.0.0', 'numba': '0.56.4', 'requests': '2.31.0', 'matplotlib': '3.7.1', 'scikitplot': '0.3.7', 'yellowbrick': '1.5', 'plotly': '5.15.0', 'plotly-resampler': 'Not installed', 'kaleido': '0.2.1', 'schemdraw': '0.15', 'statsmodels': '0.14.0', 'sktime': '0.22.0', 'tbats': '1.1.3', 'pmdarima': '2.0.3', 'psutil': '5.9.5', 'markupsafe': '2.1.3', 'pickle5': 'Not installed', 'cloudpickle': '2.2.1', 'deprecation': '2.1.0', 'xxhash': '3.3.0', 'wurlitzer': '3.0.3'}, 'python': {'version': '3.10.12', 'machine': 'x86_64'}}
  warnings.warn(

2025-04-21 23:57:23,515:WARNING:C:\Users\Administrator\Desktop\phishing detector project\.venv\lib\site-packages\sklearn\base.py:376: InconsistentVersionWarning: Trying to unpickle estimator PCA from version 1.2.2 when using version 1.4.2. This might lead to breaking code or invalid results. Use at your own risk. For more info please refer to:
https://scikit-learn.org/stable/model_persistence.html#security-maintainability-limitations
  warnings.warn(

2025-04-21 23:57:23,531:INFO:Initializing predict_model()
2025-04-21 23:57:23,531:INFO:predict_model(self=<pycaret.classification.oop.ClassificationExperiment object at 0x0000023F84C611E0>, estimator=Pipeline(memory=FastMemory(location=/tmp/joblib),
         steps=[('numerical_imputer',
                 TransformerWrapper(include=['domain_att', 'URL_Length',
                                             'URL_Depth'],
                                    transformer=SimpleImputer())),
                ('categorical_imputer',
                 TransformerWrapper(include=[],
                                    transformer=SimpleImputer(strategy='most_frequent'))),
                ('transformation',
                 TransformerWrapper(transformer=PowerTransformer(standardize=False))),
                ('normalize', TransformerWrapper(transformer=StandardScaler())),
                ('clean_column_names',
                 TransformerWrapper(transformer=CleanColumnNames())),
                ('trained_model', LGBMClassifier(n_jobs=-1, random_state=321))]), probability_threshold=None, encoded_labels=False, raw_score=False, round=4, verbose=True, ml_usecase=None, preprocess=True, encode_labels=<function _SupervisedExperiment.predict_model.<locals>.encode_labels at 0x0000023F84C1E7A0>)
2025-04-21 23:57:23,531:INFO:Checking exceptions
2025-04-21 23:57:23,531:INFO:Preloading libraries
2025-04-21 23:57:23,531:INFO:Set up data.
2025-04-21 23:57:23,531:INFO:Set up index.
2025-04-21 23:58:05,015:WARNING:C:\Users\Administrator\Desktop\phishing detector project\.venv\lib\site-packages\sklearn\base.py:376: InconsistentVersionWarning: Trying to unpickle estimator PCA from version 1.2.2 when using version 1.4.2. This might lead to breaking code or invalid results. Use at your own risk. For more info please refer to:
https://scikit-learn.org/stable/model_persistence.html#security-maintainability-limitations
  warnings.warn(

2025-04-21 23:58:05,032:INFO:Initializing predict_model()
2025-04-21 23:58:05,032:INFO:predict_model(self=<pycaret.classification.oop.ClassificationExperiment object at 0x0000023F84C611B0>, estimator=Pipeline(memory=FastMemory(location=/tmp/joblib),
         steps=[('numerical_imputer',
                 TransformerWrapper(include=['domain_att', 'URL_Length',
                                             'URL_Depth'],
                                    transformer=SimpleImputer())),
                ('categorical_imputer',
                 TransformerWrapper(include=[],
                                    transformer=SimpleImputer(strategy='most_frequent'))),
                ('transformation',
                 TransformerWrapper(transformer=PowerTransformer(standardize=False))),
                ('normalize', TransformerWrapper(transformer=StandardScaler())),
                ('clean_column_names',
                 TransformerWrapper(transformer=CleanColumnNames())),
                ('trained_model', LGBMClassifier(n_jobs=-1, random_state=321))]), probability_threshold=None, encoded_labels=False, raw_score=False, round=4, verbose=True, ml_usecase=None, preprocess=True, encode_labels=<function _SupervisedExperiment.predict_model.<locals>.encode_labels at 0x0000023F84C1EE60>)
2025-04-21 23:58:05,032:INFO:Checking exceptions
2025-04-21 23:58:05,032:INFO:Preloading libraries
2025-04-21 23:58:05,032:INFO:Set up data.
2025-04-21 23:58:05,032:INFO:Set up index.
2025-04-22 00:04:32,034:WARNING:
'cuml' is a soft dependency and not included in the pycaret installation. Please run: `pip install cuml` to install.
2025-04-22 00:04:32,034:WARNING:
'cuml' is a soft dependency and not included in the pycaret installation. Please run: `pip install cuml` to install.
2025-04-22 00:04:32,034:WARNING:
'cuml' is a soft dependency and not included in the pycaret installation. Please run: `pip install cuml` to install.
2025-04-22 00:04:32,034:WARNING:
'cuml' is a soft dependency and not included in the pycaret installation. Please run: `pip install cuml` to install.
2025-04-22 00:04:33,124:INFO:Initializing load_model()
2025-04-22 00:04:33,124:INFO:load_model(model_name=model/phishingdetection, platform=None, authentication=None, verbose=True)
2025-04-22 00:04:33,125:WARNING:C:\Users\Administrator\Desktop\phishing detector project\.venv\lib\site-packages\sklearn\base.py:376: InconsistentVersionWarning: Trying to unpickle estimator SimpleImputer from version 1.2.2 when using version 1.4.2. This might lead to breaking code or invalid results. Use at your own risk. For more info please refer to:
https://scikit-learn.org/stable/model_persistence.html#security-maintainability-limitations
  warnings.warn(

2025-04-22 00:04:33,126:WARNING:C:\Users\Administrator\Desktop\phishing detector project\.venv\lib\site-packages\sklearn\base.py:376: InconsistentVersionWarning: Trying to unpickle estimator PowerTransformer from version 1.2.2 when using version 1.4.2. This might lead to breaking code or invalid results. Use at your own risk. For more info please refer to:
https://scikit-learn.org/stable/model_persistence.html#security-maintainability-limitations
  warnings.warn(

2025-04-22 00:04:33,126:WARNING:C:\Users\Administrator\Desktop\phishing detector project\.venv\lib\site-packages\sklearn\base.py:376: InconsistentVersionWarning: Trying to unpickle estimator StandardScaler from version 1.2.2 when using version 1.4.2. This might lead to breaking code or invalid results. Use at your own risk. For more info please refer to:
https://scikit-learn.org/stable/model_persistence.html#security-maintainability-limitations
  warnings.warn(

2025-04-22 00:04:33,152:WARNING:C:\Users\Administrator\Desktop\phishing detector project\.venv\lib\site-packages\sklearn\base.py:376: InconsistentVersionWarning: Trying to unpickle estimator LabelEncoder from version 1.2.2 when using version 1.4.2. This might lead to breaking code or invalid results. Use at your own risk. For more info please refer to:
https://scikit-learn.org/stable/model_persistence.html#security-maintainability-limitations
  warnings.warn(

2025-04-22 00:04:33,160:WARNING:C:\Users\Administrator\Desktop\phishing detector project\.venv\lib\site-packages\pycaret\internal\pipeline.py:146: UserWarning: Version mismatch:
current: {'deps_info': {'pip': '25.0.1', 'setuptools': '65.5.0', 'pycaret': '3.3.1', 'IPython': '8.23.0', 'ipywidgets': '8.1.2', 'tqdm': '4.66.2', 'numpy': '1.26.4', 'pandas': '2.1.4', 'jinja2': '3.1.3', 'scipy': '1.11.4', 'joblib': '1.3.2', 'sklearn': '1.4.2', 'pyod': '1.1.3', 'imblearn': '0.12.2', 'category_encoders': '2.6.3', 'lightgbm': '4.3.0', 'numba': '0.59.1', 'requests': '2.31.0', 'matplotlib': '3.7.5', 'scikitplot': '0.3.7', 'yellowbrick': '1.5', 'plotly': '5.21.0', 'plotly-resampler': 'Not installed', 'kaleido': '0.2.1', 'schemdraw': '0.15', 'statsmodels': '0.14.2', 'sktime': '0.26.0', 'tbats': '1.1.3', 'pmdarima': '2.0.4', 'psutil': '5.9.8', 'markupsafe': '2.1.5', 'pickle5': 'Not installed', 'cloudpickle': '3.0.0', 'deprecation': '2.1.0', 'xxhash': '3.4.1', 'wurlitzer': 'Not installed'}, 'python': {'version': '3.10.11', 'machine': 'AMD64'}}
pickle: {'deps_info': {'pip': '23.1.2', 'setuptools': '67.7.2', 'pycaret': '3.0.4', 'IPython': '7.34.0', 'ipywidgets': '7.7.1', 'tqdm': '4.66.1', 'numpy': '1.23.5', 'pandas': '1.5.3', 'jinja2': '3.1.2', 'scipy': '1.10.1', 'joblib': '1.3.2', 'sklearn': '1.2.2', 'pyod': '1.1.0', 'imblearn': '0.10.1', 'category_encoders': '2.6.2', 'lightgbm': '4.0.0', 'numba': '0.56.4', 'requests': '2.31.0', 'matplotlib': '3.7.1', 'scikitplot': '0.3.7', 'yellowbrick': '1.5', 'plotly': '5.15.0', 'plotly-resampler': 'Not installed', 'kaleido': '0.2.1', 'schemdraw': '0.15', 'statsmodels': '0.14.0', 'sktime': '0.22.0', 'tbats': '1.1.3', 'pmdarima': '2.0.3', 'psutil': '5.9.5', 'markupsafe': '2.1.3', 'pickle5': 'Not installed', 'cloudpickle': '2.2.1', 'deprecation': '2.1.0', 'xxhash': '3.3.0', 'wurlitzer': '3.0.3'}, 'python': {'version': '3.10.12', 'machine': 'x86_64'}}
  warnings.warn(

2025-04-22 00:08:19,874:WARNING:
'cuml' is a soft dependency and not included in the pycaret installation. Please run: `pip install cuml` to install.
2025-04-22 00:08:19,874:WARNING:
'cuml' is a soft dependency and not included in the pycaret installation. Please run: `pip install cuml` to install.
2025-04-22 00:08:19,874:WARNING:
'cuml' is a soft dependency and not included in the pycaret installation. Please run: `pip install cuml` to install.
2025-04-22 00:08:19,874:WARNING:
'cuml' is a soft dependency and not included in the pycaret installation. Please run: `pip install cuml` to install.
2025-04-22 00:08:20,757:INFO:Initializing load_model()
2025-04-22 00:08:20,757:INFO:load_model(model_name=model/phishingdetection, platform=None, authentication=None, verbose=True)
2025-04-22 00:08:20,757:WARNING:C:\Users\Administrator\Desktop\phishing detector project\.venv\lib\site-packages\sklearn\base.py:376: InconsistentVersionWarning: Trying to unpickle estimator SimpleImputer from version 1.2.2 when using version 1.4.2. This might lead to breaking code or invalid results. Use at your own risk. For more info please refer to:
https://scikit-learn.org/stable/model_persistence.html#security-maintainability-limitations
  warnings.warn(

2025-04-22 00:08:20,757:WARNING:C:\Users\Administrator\Desktop\phishing detector project\.venv\lib\site-packages\sklearn\base.py:376: InconsistentVersionWarning: Trying to unpickle estimator PowerTransformer from version 1.2.2 when using version 1.4.2. This might lead to breaking code or invalid results. Use at your own risk. For more info please refer to:
https://scikit-learn.org/stable/model_persistence.html#security-maintainability-limitations
  warnings.warn(

2025-04-22 00:08:20,757:WARNING:C:\Users\Administrator\Desktop\phishing detector project\.venv\lib\site-packages\sklearn\base.py:376: InconsistentVersionWarning: Trying to unpickle estimator StandardScaler from version 1.2.2 when using version 1.4.2. This might lead to breaking code or invalid results. Use at your own risk. For more info please refer to:
https://scikit-learn.org/stable/model_persistence.html#security-maintainability-limitations
  warnings.warn(

2025-04-22 00:08:20,790:WARNING:C:\Users\Administrator\Desktop\phishing detector project\.venv\lib\site-packages\sklearn\base.py:376: InconsistentVersionWarning: Trying to unpickle estimator LabelEncoder from version 1.2.2 when using version 1.4.2. This might lead to breaking code or invalid results. Use at your own risk. For more info please refer to:
https://scikit-learn.org/stable/model_persistence.html#security-maintainability-limitations
  warnings.warn(

2025-04-22 00:08:20,798:WARNING:C:\Users\Administrator\Desktop\phishing detector project\.venv\lib\site-packages\pycaret\internal\pipeline.py:146: UserWarning: Version mismatch:
current: {'deps_info': {'pip': '25.0.1', 'setuptools': '65.5.0', 'pycaret': '3.3.1', 'IPython': '8.23.0', 'ipywidgets': '8.1.2', 'tqdm': '4.66.2', 'numpy': '1.26.4', 'pandas': '2.1.4', 'jinja2': '3.1.3', 'scipy': '1.11.4', 'joblib': '1.3.2', 'sklearn': '1.4.2', 'pyod': '1.1.3', 'imblearn': '0.12.2', 'category_encoders': '2.6.3', 'lightgbm': '4.3.0', 'numba': '0.59.1', 'requests': '2.31.0', 'matplotlib': '3.7.5', 'scikitplot': '0.3.7', 'yellowbrick': '1.5', 'plotly': '5.21.0', 'plotly-resampler': 'Not installed', 'kaleido': '0.2.1', 'schemdraw': '0.15', 'statsmodels': '0.14.2', 'sktime': '0.26.0', 'tbats': '1.1.3', 'pmdarima': '2.0.4', 'psutil': '5.9.8', 'markupsafe': '2.1.5', 'pickle5': 'Not installed', 'cloudpickle': '3.0.0', 'deprecation': '2.1.0', 'xxhash': '3.4.1', 'wurlitzer': 'Not installed'}, 'python': {'version': '3.10.11', 'machine': 'AMD64'}}
pickle: {'deps_info': {'pip': '23.1.2', 'setuptools': '67.7.2', 'pycaret': '3.0.4', 'IPython': '7.34.0', 'ipywidgets': '7.7.1', 'tqdm': '4.66.1', 'numpy': '1.23.5', 'pandas': '1.5.3', 'jinja2': '3.1.2', 'scipy': '1.10.1', 'joblib': '1.3.2', 'sklearn': '1.2.2', 'pyod': '1.1.0', 'imblearn': '0.10.1', 'category_encoders': '2.6.2', 'lightgbm': '4.0.0', 'numba': '0.56.4', 'requests': '2.31.0', 'matplotlib': '3.7.1', 'scikitplot': '0.3.7', 'yellowbrick': '1.5', 'plotly': '5.15.0', 'plotly-resampler': 'Not installed', 'kaleido': '0.2.1', 'schemdraw': '0.15', 'statsmodels': '0.14.0', 'sktime': '0.22.0', 'tbats': '1.1.3', 'pmdarima': '2.0.3', 'psutil': '5.9.5', 'markupsafe': '2.1.3', 'pickle5': 'Not installed', 'cloudpickle': '2.2.1', 'deprecation': '2.1.0', 'xxhash': '3.3.0', 'wurlitzer': '3.0.3'}, 'python': {'version': '3.10.12', 'machine': 'x86_64'}}
  warnings.warn(

2025-04-22 00:08:23,528:WARNING:
'cuml' is a soft dependency and not included in the pycaret installation. Please run: `pip install cuml` to install.
2025-04-22 00:08:23,528:WARNING:
'cuml' is a soft dependency and not included in the pycaret installation. Please run: `pip install cuml` to install.
2025-04-22 00:08:23,528:WARNING:
'cuml' is a soft dependency and not included in the pycaret installation. Please run: `pip install cuml` to install.
2025-04-22 00:08:23,528:WARNING:
'cuml' is a soft dependency and not included in the pycaret installation. Please run: `pip install cuml` to install.
2025-04-22 00:08:24,461:INFO:Initializing load_model()
2025-04-22 00:08:24,461:INFO:load_model(model_name=model/phishingdetection, platform=None, authentication=None, verbose=True)
2025-04-22 00:08:24,461:WARNING:C:\Users\Administrator\Desktop\phishing detector project\.venv\lib\site-packages\sklearn\base.py:376: InconsistentVersionWarning: Trying to unpickle estimator SimpleImputer from version 1.2.2 when using version 1.4.2. This might lead to breaking code or invalid results. Use at your own risk. For more info please refer to:
https://scikit-learn.org/stable/model_persistence.html#security-maintainability-limitations
  warnings.warn(

2025-04-22 00:08:24,461:WARNING:C:\Users\Administrator\Desktop\phishing detector project\.venv\lib\site-packages\sklearn\base.py:376: InconsistentVersionWarning: Trying to unpickle estimator PowerTransformer from version 1.2.2 when using version 1.4.2. This might lead to breaking code or invalid results. Use at your own risk. For more info please refer to:
https://scikit-learn.org/stable/model_persistence.html#security-maintainability-limitations
  warnings.warn(

2025-04-22 00:08:24,461:WARNING:C:\Users\Administrator\Desktop\phishing detector project\.venv\lib\site-packages\sklearn\base.py:376: InconsistentVersionWarning: Trying to unpickle estimator StandardScaler from version 1.2.2 when using version 1.4.2. This might lead to breaking code or invalid results. Use at your own risk. For more info please refer to:
https://scikit-learn.org/stable/model_persistence.html#security-maintainability-limitations
  warnings.warn(

2025-04-22 00:08:24,501:WARNING:C:\Users\Administrator\Desktop\phishing detector project\.venv\lib\site-packages\sklearn\base.py:376: InconsistentVersionWarning: Trying to unpickle estimator LabelEncoder from version 1.2.2 when using version 1.4.2. This might lead to breaking code or invalid results. Use at your own risk. For more info please refer to:
https://scikit-learn.org/stable/model_persistence.html#security-maintainability-limitations
  warnings.warn(

2025-04-22 00:08:24,509:WARNING:C:\Users\Administrator\Desktop\phishing detector project\.venv\lib\site-packages\pycaret\internal\pipeline.py:146: UserWarning: Version mismatch:
current: {'deps_info': {'pip': '25.0.1', 'setuptools': '65.5.0', 'pycaret': '3.3.1', 'IPython': '8.23.0', 'ipywidgets': '8.1.2', 'tqdm': '4.66.2', 'numpy': '1.26.4', 'pandas': '2.1.4', 'jinja2': '3.1.3', 'scipy': '1.11.4', 'joblib': '1.3.2', 'sklearn': '1.4.2', 'pyod': '1.1.3', 'imblearn': '0.12.2', 'category_encoders': '2.6.3', 'lightgbm': '4.3.0', 'numba': '0.59.1', 'requests': '2.31.0', 'matplotlib': '3.7.5', 'scikitplot': '0.3.7', 'yellowbrick': '1.5', 'plotly': '5.21.0', 'plotly-resampler': 'Not installed', 'kaleido': '0.2.1', 'schemdraw': '0.15', 'statsmodels': '0.14.2', 'sktime': '0.26.0', 'tbats': '1.1.3', 'pmdarima': '2.0.4', 'psutil': '5.9.8', 'markupsafe': '2.1.5', 'pickle5': 'Not installed', 'cloudpickle': '3.0.0', 'deprecation': '2.1.0', 'xxhash': '3.4.1', 'wurlitzer': 'Not installed'}, 'python': {'version': '3.10.11', 'machine': 'AMD64'}}
pickle: {'deps_info': {'pip': '23.1.2', 'setuptools': '67.7.2', 'pycaret': '3.0.4', 'IPython': '7.34.0', 'ipywidgets': '7.7.1', 'tqdm': '4.66.1', 'numpy': '1.23.5', 'pandas': '1.5.3', 'jinja2': '3.1.2', 'scipy': '1.10.1', 'joblib': '1.3.2', 'sklearn': '1.2.2', 'pyod': '1.1.0', 'imblearn': '0.10.1', 'category_encoders': '2.6.2', 'lightgbm': '4.0.0', 'numba': '0.56.4', 'requests': '2.31.0', 'matplotlib': '3.7.1', 'scikitplot': '0.3.7', 'yellowbrick': '1.5', 'plotly': '5.15.0', 'plotly-resampler': 'Not installed', 'kaleido': '0.2.1', 'schemdraw': '0.15', 'statsmodels': '0.14.0', 'sktime': '0.22.0', 'tbats': '1.1.3', 'pmdarima': '2.0.3', 'psutil': '5.9.5', 'markupsafe': '2.1.3', 'pickle5': 'Not installed', 'cloudpickle': '2.2.1', 'deprecation': '2.1.0', 'xxhash': '3.3.0', 'wurlitzer': '3.0.3'}, 'python': {'version': '3.10.12', 'machine': 'x86_64'}}
  warnings.warn(

2025-04-22 00:08:24,878:WARNING:C:\Users\Administrator\Desktop\phishing detector project\.venv\lib\site-packages\sklearn\base.py:376: InconsistentVersionWarning: Trying to unpickle estimator PCA from version 1.2.2 when using version 1.4.2. This might lead to breaking code or invalid results. Use at your own risk. For more info please refer to:
https://scikit-learn.org/stable/model_persistence.html#security-maintainability-limitations
  warnings.warn(

2025-04-22 00:08:24,895:INFO:Initializing predict_model()
2025-04-22 00:08:24,895:INFO:predict_model(self=<pycaret.classification.oop.ClassificationExperiment object at 0x000001F1A6385870>, estimator=Pipeline(memory=FastMemory(location=/tmp/joblib),
         steps=[('numerical_imputer',
                 TransformerWrapper(include=['domain_att', 'URL_Length',
                                             'URL_Depth'],
                                    transformer=SimpleImputer())),
                ('categorical_imputer',
                 TransformerWrapper(include=[],
                                    transformer=SimpleImputer(strategy='most_frequent'))),
                ('transformation',
                 TransformerWrapper(transformer=PowerTransformer(standardize=False))),
                ('normalize', TransformerWrapper(transformer=StandardScaler())),
                ('clean_column_names',
                 TransformerWrapper(transformer=CleanColumnNames())),
                ('trained_model', LGBMClassifier(n_jobs=-1, random_state=321))]), probability_threshold=None, encoded_labels=False, raw_score=False, round=4, verbose=True, ml_usecase=None, preprocess=True, encode_labels=<function _SupervisedExperiment.predict_model.<locals>.encode_labels at 0x000001F1A636E8C0>)
2025-04-22 00:08:24,895:INFO:Checking exceptions
2025-04-22 00:08:24,895:INFO:Preloading libraries
2025-04-22 00:08:24,896:INFO:Set up data.
2025-04-22 00:08:24,899:INFO:Set up index.
2025-04-22 00:08:35,096:WARNING:C:\Users\Administrator\Desktop\phishing detector project\.venv\lib\site-packages\sklearn\base.py:376: InconsistentVersionWarning: Trying to unpickle estimator PCA from version 1.2.2 when using version 1.4.2. This might lead to breaking code or invalid results. Use at your own risk. For more info please refer to:
https://scikit-learn.org/stable/model_persistence.html#security-maintainability-limitations
  warnings.warn(

2025-04-22 00:08:35,112:INFO:Initializing predict_model()
2025-04-22 00:08:35,112:INFO:predict_model(self=<pycaret.classification.oop.ClassificationExperiment object at 0x000001F1A642E2F0>, estimator=Pipeline(memory=FastMemory(location=/tmp/joblib),
         steps=[('numerical_imputer',
                 TransformerWrapper(include=['domain_att', 'URL_Length',
                                             'URL_Depth'],
                                    transformer=SimpleImputer())),
                ('categorical_imputer',
                 TransformerWrapper(include=[],
                                    transformer=SimpleImputer(strategy='most_frequent'))),
                ('transformation',
                 TransformerWrapper(transformer=PowerTransformer(standardize=False))),
                ('normalize', TransformerWrapper(transformer=StandardScaler())),
                ('clean_column_names',
                 TransformerWrapper(transformer=CleanColumnNames())),
                ('trained_model', LGBMClassifier(n_jobs=-1, random_state=321))]), probability_threshold=None, encoded_labels=False, raw_score=False, round=4, verbose=True, ml_usecase=None, preprocess=True, encode_labels=<function _SupervisedExperiment.predict_model.<locals>.encode_labels at 0x000001F1A636E7A0>)
2025-04-22 00:08:35,112:INFO:Checking exceptions
2025-04-22 00:08:35,112:INFO:Preloading libraries
2025-04-22 00:08:35,112:INFO:Set up data.
2025-04-22 00:08:35,112:INFO:Set up index.
2025-04-22 00:09:20,837:WARNING:
'cuml' is a soft dependency and not included in the pycaret installation. Please run: `pip install cuml` to install.
2025-04-22 00:09:20,837:WARNING:
'cuml' is a soft dependency and not included in the pycaret installation. Please run: `pip install cuml` to install.
2025-04-22 00:09:20,837:WARNING:
'cuml' is a soft dependency and not included in the pycaret installation. Please run: `pip install cuml` to install.
2025-04-22 00:09:20,837:WARNING:
'cuml' is a soft dependency and not included in the pycaret installation. Please run: `pip install cuml` to install.
2025-04-22 00:09:21,841:INFO:Initializing load_model()
2025-04-22 00:09:21,841:INFO:load_model(model_name=model/phishingdetection, platform=None, authentication=None, verbose=True)
2025-04-22 00:09:21,843:WARNING:C:\Users\Administrator\Desktop\phishing detector project\.venv\lib\site-packages\sklearn\base.py:376: InconsistentVersionWarning: Trying to unpickle estimator SimpleImputer from version 1.2.2 when using version 1.4.2. This might lead to breaking code or invalid results. Use at your own risk. For more info please refer to:
https://scikit-learn.org/stable/model_persistence.html#security-maintainability-limitations
  warnings.warn(

2025-04-22 00:09:21,843:WARNING:C:\Users\Administrator\Desktop\phishing detector project\.venv\lib\site-packages\sklearn\base.py:376: InconsistentVersionWarning: Trying to unpickle estimator PowerTransformer from version 1.2.2 when using version 1.4.2. This might lead to breaking code or invalid results. Use at your own risk. For more info please refer to:
https://scikit-learn.org/stable/model_persistence.html#security-maintainability-limitations
  warnings.warn(

2025-04-22 00:09:21,844:WARNING:C:\Users\Administrator\Desktop\phishing detector project\.venv\lib\site-packages\sklearn\base.py:376: InconsistentVersionWarning: Trying to unpickle estimator StandardScaler from version 1.2.2 when using version 1.4.2. This might lead to breaking code or invalid results. Use at your own risk. For more info please refer to:
https://scikit-learn.org/stable/model_persistence.html#security-maintainability-limitations
  warnings.warn(

2025-04-22 00:09:21,874:WARNING:C:\Users\Administrator\Desktop\phishing detector project\.venv\lib\site-packages\sklearn\base.py:376: InconsistentVersionWarning: Trying to unpickle estimator LabelEncoder from version 1.2.2 when using version 1.4.2. This might lead to breaking code or invalid results. Use at your own risk. For more info please refer to:
https://scikit-learn.org/stable/model_persistence.html#security-maintainability-limitations
  warnings.warn(

2025-04-22 00:09:21,882:WARNING:C:\Users\Administrator\Desktop\phishing detector project\.venv\lib\site-packages\pycaret\internal\pipeline.py:146: UserWarning: Version mismatch:
current: {'deps_info': {'pip': '25.0.1', 'setuptools': '65.5.0', 'pycaret': '3.3.1', 'IPython': '8.23.0', 'ipywidgets': '8.1.2', 'tqdm': '4.66.2', 'numpy': '1.26.4', 'pandas': '2.1.4', 'jinja2': '3.1.3', 'scipy': '1.11.4', 'joblib': '1.3.2', 'sklearn': '1.4.2', 'pyod': '1.1.3', 'imblearn': '0.12.2', 'category_encoders': '2.6.3', 'lightgbm': '4.3.0', 'numba': '0.59.1', 'requests': '2.31.0', 'matplotlib': '3.7.5', 'scikitplot': '0.3.7', 'yellowbrick': '1.5', 'plotly': '5.21.0', 'plotly-resampler': 'Not installed', 'kaleido': '0.2.1', 'schemdraw': '0.15', 'statsmodels': '0.14.2', 'sktime': '0.26.0', 'tbats': '1.1.3', 'pmdarima': '2.0.4', 'psutil': '5.9.8', 'markupsafe': '2.1.5', 'pickle5': 'Not installed', 'cloudpickle': '3.0.0', 'deprecation': '2.1.0', 'xxhash': '3.4.1', 'wurlitzer': 'Not installed'}, 'python': {'version': '3.10.11', 'machine': 'AMD64'}}
pickle: {'deps_info': {'pip': '23.1.2', 'setuptools': '67.7.2', 'pycaret': '3.0.4', 'IPython': '7.34.0', 'ipywidgets': '7.7.1', 'tqdm': '4.66.1', 'numpy': '1.23.5', 'pandas': '1.5.3', 'jinja2': '3.1.2', 'scipy': '1.10.1', 'joblib': '1.3.2', 'sklearn': '1.2.2', 'pyod': '1.1.0', 'imblearn': '0.10.1', 'category_encoders': '2.6.2', 'lightgbm': '4.0.0', 'numba': '0.56.4', 'requests': '2.31.0', 'matplotlib': '3.7.1', 'scikitplot': '0.3.7', 'yellowbrick': '1.5', 'plotly': '5.15.0', 'plotly-resampler': 'Not installed', 'kaleido': '0.2.1', 'schemdraw': '0.15', 'statsmodels': '0.14.0', 'sktime': '0.22.0', 'tbats': '1.1.3', 'pmdarima': '2.0.3', 'psutil': '5.9.5', 'markupsafe': '2.1.3', 'pickle5': 'Not installed', 'cloudpickle': '2.2.1', 'deprecation': '2.1.0', 'xxhash': '3.3.0', 'wurlitzer': '3.0.3'}, 'python': {'version': '3.10.12', 'machine': 'x86_64'}}
  warnings.warn(

2025-04-22 00:09:47,145:WARNING:
'cuml' is a soft dependency and not included in the pycaret installation. Please run: `pip install cuml` to install.
2025-04-22 00:09:47,145:WARNING:
'cuml' is a soft dependency and not included in the pycaret installation. Please run: `pip install cuml` to install.
2025-04-22 00:09:47,145:WARNING:
'cuml' is a soft dependency and not included in the pycaret installation. Please run: `pip install cuml` to install.
2025-04-22 00:09:47,145:WARNING:
'cuml' is a soft dependency and not included in the pycaret installation. Please run: `pip install cuml` to install.
2025-04-22 00:09:48,183:INFO:Initializing load_model()
2025-04-22 00:09:48,183:INFO:load_model(model_name=model/phishingdetection, platform=None, authentication=None, verbose=True)
2025-04-22 00:09:48,183:WARNING:C:\Users\Administrator\Desktop\phishing detector project\.venv\lib\site-packages\sklearn\base.py:376: InconsistentVersionWarning: Trying to unpickle estimator SimpleImputer from version 1.2.2 when using version 1.4.2. This might lead to breaking code or invalid results. Use at your own risk. For more info please refer to:
https://scikit-learn.org/stable/model_persistence.html#security-maintainability-limitations
  warnings.warn(

2025-04-22 00:09:48,183:WARNING:C:\Users\Administrator\Desktop\phishing detector project\.venv\lib\site-packages\sklearn\base.py:376: InconsistentVersionWarning: Trying to unpickle estimator PowerTransformer from version 1.2.2 when using version 1.4.2. This might lead to breaking code or invalid results. Use at your own risk. For more info please refer to:
https://scikit-learn.org/stable/model_persistence.html#security-maintainability-limitations
  warnings.warn(

2025-04-22 00:09:48,183:WARNING:C:\Users\Administrator\Desktop\phishing detector project\.venv\lib\site-packages\sklearn\base.py:376: InconsistentVersionWarning: Trying to unpickle estimator StandardScaler from version 1.2.2 when using version 1.4.2. This might lead to breaking code or invalid results. Use at your own risk. For more info please refer to:
https://scikit-learn.org/stable/model_persistence.html#security-maintainability-limitations
  warnings.warn(

2025-04-22 00:09:48,216:WARNING:C:\Users\Administrator\Desktop\phishing detector project\.venv\lib\site-packages\sklearn\base.py:376: InconsistentVersionWarning: Trying to unpickle estimator LabelEncoder from version 1.2.2 when using version 1.4.2. This might lead to breaking code or invalid results. Use at your own risk. For more info please refer to:
https://scikit-learn.org/stable/model_persistence.html#security-maintainability-limitations
  warnings.warn(

2025-04-22 00:09:48,225:WARNING:C:\Users\Administrator\Desktop\phishing detector project\.venv\lib\site-packages\pycaret\internal\pipeline.py:146: UserWarning: Version mismatch:
current: {'deps_info': {'pip': '25.0.1', 'setuptools': '65.5.0', 'pycaret': '3.3.1', 'IPython': '8.23.0', 'ipywidgets': '8.1.2', 'tqdm': '4.66.2', 'numpy': '1.26.4', 'pandas': '2.1.4', 'jinja2': '3.1.3', 'scipy': '1.11.4', 'joblib': '1.3.2', 'sklearn': '1.4.2', 'pyod': '1.1.3', 'imblearn': '0.12.2', 'category_encoders': '2.6.3', 'lightgbm': '4.3.0', 'numba': '0.59.1', 'requests': '2.31.0', 'matplotlib': '3.7.5', 'scikitplot': '0.3.7', 'yellowbrick': '1.5', 'plotly': '5.21.0', 'plotly-resampler': 'Not installed', 'kaleido': '0.2.1', 'schemdraw': '0.15', 'statsmodels': '0.14.2', 'sktime': '0.26.0', 'tbats': '1.1.3', 'pmdarima': '2.0.4', 'psutil': '5.9.8', 'markupsafe': '2.1.5', 'pickle5': 'Not installed', 'cloudpickle': '3.0.0', 'deprecation': '2.1.0', 'xxhash': '3.4.1', 'wurlitzer': 'Not installed'}, 'python': {'version': '3.10.11', 'machine': 'AMD64'}}
pickle: {'deps_info': {'pip': '23.1.2', 'setuptools': '67.7.2', 'pycaret': '3.0.4', 'IPython': '7.34.0', 'ipywidgets': '7.7.1', 'tqdm': '4.66.1', 'numpy': '1.23.5', 'pandas': '1.5.3', 'jinja2': '3.1.2', 'scipy': '1.10.1', 'joblib': '1.3.2', 'sklearn': '1.2.2', 'pyod': '1.1.0', 'imblearn': '0.10.1', 'category_encoders': '2.6.2', 'lightgbm': '4.0.0', 'numba': '0.56.4', 'requests': '2.31.0', 'matplotlib': '3.7.1', 'scikitplot': '0.3.7', 'yellowbrick': '1.5', 'plotly': '5.15.0', 'plotly-resampler': 'Not installed', 'kaleido': '0.2.1', 'schemdraw': '0.15', 'statsmodels': '0.14.0', 'sktime': '0.22.0', 'tbats': '1.1.3', 'pmdarima': '2.0.3', 'psutil': '5.9.5', 'markupsafe': '2.1.3', 'pickle5': 'Not installed', 'cloudpickle': '2.2.1', 'deprecation': '2.1.0', 'xxhash': '3.3.0', 'wurlitzer': '3.0.3'}, 'python': {'version': '3.10.12', 'machine': 'x86_64'}}
  warnings.warn(

2025-04-22 00:09:51,133:WARNING:
'cuml' is a soft dependency and not included in the pycaret installation. Please run: `pip install cuml` to install.
2025-04-22 00:09:51,133:WARNING:
'cuml' is a soft dependency and not included in the pycaret installation. Please run: `pip install cuml` to install.
2025-04-22 00:09:51,133:WARNING:
'cuml' is a soft dependency and not included in the pycaret installation. Please run: `pip install cuml` to install.
2025-04-22 00:09:51,133:WARNING:
'cuml' is a soft dependency and not included in the pycaret installation. Please run: `pip install cuml` to install.
2025-04-22 00:09:52,129:INFO:Initializing load_model()
2025-04-22 00:09:52,129:INFO:load_model(model_name=model/phishingdetection, platform=None, authentication=None, verbose=True)
2025-04-22 00:09:52,129:WARNING:C:\Users\Administrator\Desktop\phishing detector project\.venv\lib\site-packages\sklearn\base.py:376: InconsistentVersionWarning: Trying to unpickle estimator SimpleImputer from version 1.2.2 when using version 1.4.2. This might lead to breaking code or invalid results. Use at your own risk. For more info please refer to:
https://scikit-learn.org/stable/model_persistence.html#security-maintainability-limitations
  warnings.warn(

2025-04-22 00:09:52,129:WARNING:C:\Users\Administrator\Desktop\phishing detector project\.venv\lib\site-packages\sklearn\base.py:376: InconsistentVersionWarning: Trying to unpickle estimator PowerTransformer from version 1.2.2 when using version 1.4.2. This might lead to breaking code or invalid results. Use at your own risk. For more info please refer to:
https://scikit-learn.org/stable/model_persistence.html#security-maintainability-limitations
  warnings.warn(

2025-04-22 00:09:52,129:WARNING:C:\Users\Administrator\Desktop\phishing detector project\.venv\lib\site-packages\sklearn\base.py:376: InconsistentVersionWarning: Trying to unpickle estimator StandardScaler from version 1.2.2 when using version 1.4.2. This might lead to breaking code or invalid results. Use at your own risk. For more info please refer to:
https://scikit-learn.org/stable/model_persistence.html#security-maintainability-limitations
  warnings.warn(

2025-04-22 00:09:52,168:WARNING:C:\Users\Administrator\Desktop\phishing detector project\.venv\lib\site-packages\sklearn\base.py:376: InconsistentVersionWarning: Trying to unpickle estimator LabelEncoder from version 1.2.2 when using version 1.4.2. This might lead to breaking code or invalid results. Use at your own risk. For more info please refer to:
https://scikit-learn.org/stable/model_persistence.html#security-maintainability-limitations
  warnings.warn(

2025-04-22 00:09:52,176:WARNING:C:\Users\Administrator\Desktop\phishing detector project\.venv\lib\site-packages\pycaret\internal\pipeline.py:146: UserWarning: Version mismatch:
current: {'deps_info': {'pip': '25.0.1', 'setuptools': '65.5.0', 'pycaret': '3.3.1', 'IPython': '8.23.0', 'ipywidgets': '8.1.2', 'tqdm': '4.66.2', 'numpy': '1.26.4', 'pandas': '2.1.4', 'jinja2': '3.1.3', 'scipy': '1.11.4', 'joblib': '1.3.2', 'sklearn': '1.4.2', 'pyod': '1.1.3', 'imblearn': '0.12.2', 'category_encoders': '2.6.3', 'lightgbm': '4.3.0', 'numba': '0.59.1', 'requests': '2.31.0', 'matplotlib': '3.7.5', 'scikitplot': '0.3.7', 'yellowbrick': '1.5', 'plotly': '5.21.0', 'plotly-resampler': 'Not installed', 'kaleido': '0.2.1', 'schemdraw': '0.15', 'statsmodels': '0.14.2', 'sktime': '0.26.0', 'tbats': '1.1.3', 'pmdarima': '2.0.4', 'psutil': '5.9.8', 'markupsafe': '2.1.5', 'pickle5': 'Not installed', 'cloudpickle': '3.0.0', 'deprecation': '2.1.0', 'xxhash': '3.4.1', 'wurlitzer': 'Not installed'}, 'python': {'version': '3.10.11', 'machine': 'AMD64'}}
pickle: {'deps_info': {'pip': '23.1.2', 'setuptools': '67.7.2', 'pycaret': '3.0.4', 'IPython': '7.34.0', 'ipywidgets': '7.7.1', 'tqdm': '4.66.1', 'numpy': '1.23.5', 'pandas': '1.5.3', 'jinja2': '3.1.2', 'scipy': '1.10.1', 'joblib': '1.3.2', 'sklearn': '1.2.2', 'pyod': '1.1.0', 'imblearn': '0.10.1', 'category_encoders': '2.6.2', 'lightgbm': '4.0.0', 'numba': '0.56.4', 'requests': '2.31.0', 'matplotlib': '3.7.1', 'scikitplot': '0.3.7', 'yellowbrick': '1.5', 'plotly': '5.15.0', 'plotly-resampler': 'Not installed', 'kaleido': '0.2.1', 'schemdraw': '0.15', 'statsmodels': '0.14.0', 'sktime': '0.22.0', 'tbats': '1.1.3', 'pmdarima': '2.0.3', 'psutil': '5.9.5', 'markupsafe': '2.1.3', 'pickle5': 'Not installed', 'cloudpickle': '2.2.1', 'deprecation': '2.1.0', 'xxhash': '3.3.0', 'wurlitzer': '3.0.3'}, 'python': {'version': '3.10.12', 'machine': 'x86_64'}}
  warnings.warn(

2025-04-22 00:09:56,364:WARNING:C:\Users\Administrator\Desktop\phishing detector project\.venv\lib\site-packages\sklearn\base.py:376: InconsistentVersionWarning: Trying to unpickle estimator PCA from version 1.2.2 when using version 1.4.2. This might lead to breaking code or invalid results. Use at your own risk. For more info please refer to:
https://scikit-learn.org/stable/model_persistence.html#security-maintainability-limitations
  warnings.warn(

2025-04-22 00:09:56,364:INFO:Initializing predict_model()
2025-04-22 00:09:56,364:INFO:predict_model(self=<pycaret.classification.oop.ClassificationExperiment object at 0x00000225004459C0>, estimator=Pipeline(memory=FastMemory(location=/tmp/joblib),
         steps=[('numerical_imputer',
                 TransformerWrapper(include=['domain_att', 'URL_Length',
                                             'URL_Depth'],
                                    transformer=SimpleImputer())),
                ('categorical_imputer',
                 TransformerWrapper(include=[],
                                    transformer=SimpleImputer(strategy='most_frequent'))),
                ('transformation',
                 TransformerWrapper(transformer=PowerTransformer(standardize=False))),
                ('normalize', TransformerWrapper(transformer=StandardScaler())),
                ('clean_column_names',
                 TransformerWrapper(transformer=CleanColumnNames())),
                ('trained_model', LGBMClassifier(n_jobs=-1, random_state=321))]), probability_threshold=None, encoded_labels=False, raw_score=False, round=4, verbose=True, ml_usecase=None, preprocess=True, encode_labels=<function _SupervisedExperiment.predict_model.<locals>.encode_labels at 0x000002250042E5F0>)
2025-04-22 00:09:56,364:INFO:Checking exceptions
2025-04-22 00:09:56,364:INFO:Preloading libraries
2025-04-22 00:09:56,364:INFO:Set up data.
2025-04-22 00:09:56,380:INFO:Set up index.
2025-04-22 00:10:22,634:WARNING:C:\Users\Administrator\Desktop\phishing detector project\.venv\lib\site-packages\sklearn\base.py:376: InconsistentVersionWarning: Trying to unpickle estimator PCA from version 1.2.2 when using version 1.4.2. This might lead to breaking code or invalid results. Use at your own risk. For more info please refer to:
https://scikit-learn.org/stable/model_persistence.html#security-maintainability-limitations
  warnings.warn(

2025-04-22 00:10:22,634:INFO:Initializing predict_model()
2025-04-22 00:10:22,634:INFO:predict_model(self=<pycaret.classification.oop.ClassificationExperiment object at 0x00000225004EFB80>, estimator=Pipeline(memory=FastMemory(location=/tmp/joblib),
         steps=[('numerical_imputer',
                 TransformerWrapper(include=['domain_att', 'URL_Length',
                                             'URL_Depth'],
                                    transformer=SimpleImputer())),
                ('categorical_imputer',
                 TransformerWrapper(include=[],
                                    transformer=SimpleImputer(strategy='most_frequent'))),
                ('transformation',
                 TransformerWrapper(transformer=PowerTransformer(standardize=False))),
                ('normalize', TransformerWrapper(transformer=StandardScaler())),
                ('clean_column_names',
                 TransformerWrapper(transformer=CleanColumnNames())),
                ('trained_model', LGBMClassifier(n_jobs=-1, random_state=321))]), probability_threshold=None, encoded_labels=False, raw_score=False, round=4, verbose=True, ml_usecase=None, preprocess=True, encode_labels=<function _SupervisedExperiment.predict_model.<locals>.encode_labels at 0x000002250042E680>)
2025-04-22 00:10:22,634:INFO:Checking exceptions
2025-04-22 00:10:22,634:INFO:Preloading libraries
2025-04-22 00:10:22,634:INFO:Set up data.
2025-04-22 00:10:22,650:INFO:Set up index.
2025-04-22 00:10:56,620:WARNING:C:\Users\Administrator\Desktop\phishing detector project\.venv\lib\site-packages\sklearn\base.py:376: InconsistentVersionWarning: Trying to unpickle estimator PCA from version 1.2.2 when using version 1.4.2. This might lead to breaking code or invalid results. Use at your own risk. For more info please refer to:
https://scikit-learn.org/stable/model_persistence.html#security-maintainability-limitations
  warnings.warn(

2025-04-22 00:10:56,630:INFO:Initializing predict_model()
2025-04-22 00:10:56,630:INFO:predict_model(self=<pycaret.classification.oop.ClassificationExperiment object at 0x00000225004EF6D0>, estimator=Pipeline(memory=FastMemory(location=/tmp/joblib),
         steps=[('numerical_imputer',
                 TransformerWrapper(include=['domain_att', 'URL_Length',
                                             'URL_Depth'],
                                    transformer=SimpleImputer())),
                ('categorical_imputer',
                 TransformerWrapper(include=[],
                                    transformer=SimpleImputer(strategy='most_frequent'))),
                ('transformation',
                 TransformerWrapper(transformer=PowerTransformer(standardize=False))),
                ('normalize', TransformerWrapper(transformer=StandardScaler())),
                ('clean_column_names',
                 TransformerWrapper(transformer=CleanColumnNames())),
                ('trained_model', LGBMClassifier(n_jobs=-1, random_state=321))]), probability_threshold=None, encoded_labels=False, raw_score=False, round=4, verbose=True, ml_usecase=None, preprocess=True, encode_labels=<function _SupervisedExperiment.predict_model.<locals>.encode_labels at 0x000002250042E440>)
2025-04-22 00:10:56,630:INFO:Checking exceptions
2025-04-22 00:10:56,630:INFO:Preloading libraries
2025-04-22 00:10:56,630:INFO:Set up data.
2025-04-22 00:10:56,634:INFO:Set up index.
2025-04-22 00:11:02,086:WARNING:C:\Users\Administrator\Desktop\phishing detector project\.venv\lib\site-packages\sklearn\base.py:376: InconsistentVersionWarning: Trying to unpickle estimator PCA from version 1.2.2 when using version 1.4.2. This might lead to breaking code or invalid results. Use at your own risk. For more info please refer to:
https://scikit-learn.org/stable/model_persistence.html#security-maintainability-limitations
  warnings.warn(

2025-04-22 00:11:02,095:INFO:Initializing predict_model()
2025-04-22 00:11:02,095:INFO:predict_model(self=<pycaret.classification.oop.ClassificationExperiment object at 0x00000225004EE350>, estimator=Pipeline(memory=FastMemory(location=/tmp/joblib),
         steps=[('numerical_imputer',
                 TransformerWrapper(include=['domain_att', 'URL_Length',
                                             'URL_Depth'],
                                    transformer=SimpleImputer())),
                ('categorical_imputer',
                 TransformerWrapper(include=[],
                                    transformer=SimpleImputer(strategy='most_frequent'))),
                ('transformation',
                 TransformerWrapper(transformer=PowerTransformer(standardize=False))),
                ('normalize', TransformerWrapper(transformer=StandardScaler())),
                ('clean_column_names',
                 TransformerWrapper(transformer=CleanColumnNames())),
                ('trained_model', LGBMClassifier(n_jobs=-1, random_state=321))]), probability_threshold=None, encoded_labels=False, raw_score=False, round=4, verbose=True, ml_usecase=None, preprocess=True, encode_labels=<function _SupervisedExperiment.predict_model.<locals>.encode_labels at 0x000002250042EDD0>)
2025-04-22 00:11:02,095:INFO:Checking exceptions
2025-04-22 00:11:02,095:INFO:Preloading libraries
2025-04-22 00:11:02,096:INFO:Set up data.
2025-04-22 00:11:02,101:INFO:Set up index.
2025-04-22 00:11:06,691:WARNING:C:\Users\Administrator\Desktop\phishing detector project\.venv\lib\site-packages\sklearn\base.py:376: InconsistentVersionWarning: Trying to unpickle estimator PCA from version 1.2.2 when using version 1.4.2. This might lead to breaking code or invalid results. Use at your own risk. For more info please refer to:
https://scikit-learn.org/stable/model_persistence.html#security-maintainability-limitations
  warnings.warn(

2025-04-22 00:11:06,733:INFO:Initializing predict_model()
2025-04-22 00:11:06,733:INFO:predict_model(self=<pycaret.classification.oop.ClassificationExperiment object at 0x00000225004EE3E0>, estimator=Pipeline(memory=FastMemory(location=/tmp/joblib),
         steps=[('numerical_imputer',
                 TransformerWrapper(include=['domain_att', 'URL_Length',
                                             'URL_Depth'],
                                    transformer=SimpleImputer())),
                ('categorical_imputer',
                 TransformerWrapper(include=[],
                                    transformer=SimpleImputer(strategy='most_frequent'))),
                ('transformation',
                 TransformerWrapper(transformer=PowerTransformer(standardize=False))),
                ('normalize', TransformerWrapper(transformer=StandardScaler())),
                ('clean_column_names',
                 TransformerWrapper(transformer=CleanColumnNames())),
                ('trained_model', LGBMClassifier(n_jobs=-1, random_state=321))]), probability_threshold=None, encoded_labels=False, raw_score=False, round=4, verbose=True, ml_usecase=None, preprocess=True, encode_labels=<function _SupervisedExperiment.predict_model.<locals>.encode_labels at 0x000002250042F9A0>)
2025-04-22 00:11:06,734:INFO:Checking exceptions
2025-04-22 00:11:06,734:INFO:Preloading libraries
2025-04-22 00:11:06,734:INFO:Set up data.
2025-04-22 00:11:06,738:INFO:Set up index.
2025-04-22 00:11:11,585:WARNING:C:\Users\Administrator\Desktop\phishing detector project\.venv\lib\site-packages\sklearn\base.py:376: InconsistentVersionWarning: Trying to unpickle estimator PCA from version 1.2.2 when using version 1.4.2. This might lead to breaking code or invalid results. Use at your own risk. For more info please refer to:
https://scikit-learn.org/stable/model_persistence.html#security-maintainability-limitations
  warnings.warn(

2025-04-22 00:11:11,585:INFO:Initializing predict_model()
2025-04-22 00:11:11,585:INFO:predict_model(self=<pycaret.classification.oop.ClassificationExperiment object at 0x00000225004FB0D0>, estimator=Pipeline(memory=FastMemory(location=/tmp/joblib),
         steps=[('numerical_imputer',
                 TransformerWrapper(include=['domain_att', 'URL_Length',
                                             'URL_Depth'],
                                    transformer=SimpleImputer())),
                ('categorical_imputer',
                 TransformerWrapper(include=[],
                                    transformer=SimpleImputer(strategy='most_frequent'))),
                ('transformation',
                 TransformerWrapper(transformer=PowerTransformer(standardize=False))),
                ('normalize', TransformerWrapper(transformer=StandardScaler())),
                ('clean_column_names',
                 TransformerWrapper(transformer=CleanColumnNames())),
                ('trained_model', LGBMClassifier(n_jobs=-1, random_state=321))]), probability_threshold=None, encoded_labels=False, raw_score=False, round=4, verbose=True, ml_usecase=None, preprocess=True, encode_labels=<function _SupervisedExperiment.predict_model.<locals>.encode_labels at 0x000002250042F910>)
2025-04-22 00:11:11,585:INFO:Checking exceptions
2025-04-22 00:11:11,585:INFO:Preloading libraries
2025-04-22 00:11:11,585:INFO:Set up data.
2025-04-22 00:11:11,602:INFO:Set up index.
2025-04-22 00:11:16,258:WARNING:C:\Users\Administrator\Desktop\phishing detector project\.venv\lib\site-packages\sklearn\base.py:376: InconsistentVersionWarning: Trying to unpickle estimator PCA from version 1.2.2 when using version 1.4.2. This might lead to breaking code or invalid results. Use at your own risk. For more info please refer to:
https://scikit-learn.org/stable/model_persistence.html#security-maintainability-limitations
  warnings.warn(

2025-04-22 00:11:16,268:INFO:Initializing predict_model()
2025-04-22 00:11:16,268:INFO:predict_model(self=<pycaret.classification.oop.ClassificationExperiment object at 0x00000225004EE710>, estimator=Pipeline(memory=FastMemory(location=/tmp/joblib),
         steps=[('numerical_imputer',
                 TransformerWrapper(include=['domain_att', 'URL_Length',
                                             'URL_Depth'],
                                    transformer=SimpleImputer())),
                ('categorical_imputer',
                 TransformerWrapper(include=[],
                                    transformer=SimpleImputer(strategy='most_frequent'))),
                ('transformation',
                 TransformerWrapper(transformer=PowerTransformer(standardize=False))),
                ('normalize', TransformerWrapper(transformer=StandardScaler())),
                ('clean_column_names',
                 TransformerWrapper(transformer=CleanColumnNames())),
                ('trained_model', LGBMClassifier(n_jobs=-1, random_state=321))]), probability_threshold=None, encoded_labels=False, raw_score=False, round=4, verbose=True, ml_usecase=None, preprocess=True, encode_labels=<function _SupervisedExperiment.predict_model.<locals>.encode_labels at 0x000002250042FA30>)
2025-04-22 00:11:16,268:INFO:Checking exceptions
2025-04-22 00:11:16,268:INFO:Preloading libraries
2025-04-22 00:11:16,269:INFO:Set up data.
2025-04-22 00:11:16,274:INFO:Set up index.
2025-04-22 00:11:19,874:WARNING:C:\Users\Administrator\Desktop\phishing detector project\.venv\lib\site-packages\sklearn\base.py:376: InconsistentVersionWarning: Trying to unpickle estimator PCA from version 1.2.2 when using version 1.4.2. This might lead to breaking code or invalid results. Use at your own risk. For more info please refer to:
https://scikit-learn.org/stable/model_persistence.html#security-maintainability-limitations
  warnings.warn(

2025-04-22 00:11:19,885:INFO:Initializing predict_model()
2025-04-22 00:11:19,886:INFO:predict_model(self=<pycaret.classification.oop.ClassificationExperiment object at 0x00000225004FAD10>, estimator=Pipeline(memory=FastMemory(location=/tmp/joblib),
         steps=[('numerical_imputer',
                 TransformerWrapper(include=['domain_att', 'URL_Length',
                                             'URL_Depth'],
                                    transformer=SimpleImputer())),
                ('categorical_imputer',
                 TransformerWrapper(include=[],
                                    transformer=SimpleImputer(strategy='most_frequent'))),
                ('transformation',
                 TransformerWrapper(transformer=PowerTransformer(standardize=False))),
                ('normalize', TransformerWrapper(transformer=StandardScaler())),
                ('clean_column_names',
                 TransformerWrapper(transformer=CleanColumnNames())),
                ('trained_model', LGBMClassifier(n_jobs=-1, random_state=321))]), probability_threshold=None, encoded_labels=False, raw_score=False, round=4, verbose=True, ml_usecase=None, preprocess=True, encode_labels=<function _SupervisedExperiment.predict_model.<locals>.encode_labels at 0x000002250042E7A0>)
2025-04-22 00:11:19,886:INFO:Checking exceptions
2025-04-22 00:11:19,886:INFO:Preloading libraries
2025-04-22 00:11:19,886:INFO:Set up data.
2025-04-22 00:11:19,889:INFO:Set up index.
2025-04-22 00:13:40,829:WARNING:
'cuml' is a soft dependency and not included in the pycaret installation. Please run: `pip install cuml` to install.
2025-04-22 00:13:40,829:WARNING:
'cuml' is a soft dependency and not included in the pycaret installation. Please run: `pip install cuml` to install.
2025-04-22 00:13:40,829:WARNING:
'cuml' is a soft dependency and not included in the pycaret installation. Please run: `pip install cuml` to install.
2025-04-22 00:13:40,829:WARNING:
'cuml' is a soft dependency and not included in the pycaret installation. Please run: `pip install cuml` to install.
2025-04-22 00:13:41,823:INFO:Initializing load_model()
2025-04-22 00:13:41,823:INFO:load_model(model_name=model/phishingdetection, platform=None, authentication=None, verbose=True)
2025-04-22 00:13:41,826:WARNING:C:\Users\Administrator\Desktop\phishing detector project\.venv\lib\site-packages\sklearn\base.py:376: InconsistentVersionWarning: Trying to unpickle estimator SimpleImputer from version 1.2.2 when using version 1.4.2. This might lead to breaking code or invalid results. Use at your own risk. For more info please refer to:
https://scikit-learn.org/stable/model_persistence.html#security-maintainability-limitations
  warnings.warn(

2025-04-22 00:13:41,826:WARNING:C:\Users\Administrator\Desktop\phishing detector project\.venv\lib\site-packages\sklearn\base.py:376: InconsistentVersionWarning: Trying to unpickle estimator PowerTransformer from version 1.2.2 when using version 1.4.2. This might lead to breaking code or invalid results. Use at your own risk. For more info please refer to:
https://scikit-learn.org/stable/model_persistence.html#security-maintainability-limitations
  warnings.warn(

2025-04-22 00:13:41,827:WARNING:C:\Users\Administrator\Desktop\phishing detector project\.venv\lib\site-packages\sklearn\base.py:376: InconsistentVersionWarning: Trying to unpickle estimator StandardScaler from version 1.2.2 when using version 1.4.2. This might lead to breaking code or invalid results. Use at your own risk. For more info please refer to:
https://scikit-learn.org/stable/model_persistence.html#security-maintainability-limitations
  warnings.warn(

2025-04-22 00:13:41,856:WARNING:C:\Users\Administrator\Desktop\phishing detector project\.venv\lib\site-packages\sklearn\base.py:376: InconsistentVersionWarning: Trying to unpickle estimator LabelEncoder from version 1.2.2 when using version 1.4.2. This might lead to breaking code or invalid results. Use at your own risk. For more info please refer to:
https://scikit-learn.org/stable/model_persistence.html#security-maintainability-limitations
  warnings.warn(

2025-04-22 00:13:41,865:WARNING:C:\Users\Administrator\Desktop\phishing detector project\.venv\lib\site-packages\pycaret\internal\pipeline.py:146: UserWarning: Version mismatch:
current: {'deps_info': {'pip': '25.0.1', 'setuptools': '65.5.0', 'pycaret': '3.3.1', 'IPython': '8.23.0', 'ipywidgets': '8.1.2', 'tqdm': '4.66.2', 'numpy': '1.26.4', 'pandas': '2.1.4', 'jinja2': '3.1.3', 'scipy': '1.11.4', 'joblib': '1.3.2', 'sklearn': '1.4.2', 'pyod': '1.1.3', 'imblearn': '0.12.2', 'category_encoders': '2.6.3', 'lightgbm': '4.3.0', 'numba': '0.59.1', 'requests': '2.31.0', 'matplotlib': '3.7.5', 'scikitplot': '0.3.7', 'yellowbrick': '1.5', 'plotly': '5.21.0', 'plotly-resampler': 'Not installed', 'kaleido': '0.2.1', 'schemdraw': '0.15', 'statsmodels': '0.14.2', 'sktime': '0.26.0', 'tbats': '1.1.3', 'pmdarima': '2.0.4', 'psutil': '5.9.8', 'markupsafe': '2.1.5', 'pickle5': 'Not installed', 'cloudpickle': '3.0.0', 'deprecation': '2.1.0', 'xxhash': '3.4.1', 'wurlitzer': 'Not installed'}, 'python': {'version': '3.10.11', 'machine': 'AMD64'}}
pickle: {'deps_info': {'pip': '23.1.2', 'setuptools': '67.7.2', 'pycaret': '3.0.4', 'IPython': '7.34.0', 'ipywidgets': '7.7.1', 'tqdm': '4.66.1', 'numpy': '1.23.5', 'pandas': '1.5.3', 'jinja2': '3.1.2', 'scipy': '1.10.1', 'joblib': '1.3.2', 'sklearn': '1.2.2', 'pyod': '1.1.0', 'imblearn': '0.10.1', 'category_encoders': '2.6.2', 'lightgbm': '4.0.0', 'numba': '0.56.4', 'requests': '2.31.0', 'matplotlib': '3.7.1', 'scikitplot': '0.3.7', 'yellowbrick': '1.5', 'plotly': '5.15.0', 'plotly-resampler': 'Not installed', 'kaleido': '0.2.1', 'schemdraw': '0.15', 'statsmodels': '0.14.0', 'sktime': '0.22.0', 'tbats': '1.1.3', 'pmdarima': '2.0.3', 'psutil': '5.9.5', 'markupsafe': '2.1.3', 'pickle5': 'Not installed', 'cloudpickle': '2.2.1', 'deprecation': '2.1.0', 'xxhash': '3.3.0', 'wurlitzer': '3.0.3'}, 'python': {'version': '3.10.12', 'machine': 'x86_64'}}
  warnings.warn(

2025-04-22 00:14:13,241:WARNING:
'cuml' is a soft dependency and not included in the pycaret installation. Please run: `pip install cuml` to install.
2025-04-22 00:14:13,241:WARNING:
'cuml' is a soft dependency and not included in the pycaret installation. Please run: `pip install cuml` to install.
2025-04-22 00:14:13,241:WARNING:
'cuml' is a soft dependency and not included in the pycaret installation. Please run: `pip install cuml` to install.
2025-04-22 00:14:13,241:WARNING:
'cuml' is a soft dependency and not included in the pycaret installation. Please run: `pip install cuml` to install.
2025-04-22 00:14:14,176:INFO:Initializing load_model()
2025-04-22 00:14:14,176:INFO:load_model(model_name=model/phishingdetection, platform=None, authentication=None, verbose=True)
2025-04-22 00:14:14,192:WARNING:C:\Users\Administrator\Desktop\phishing detector project\.venv\lib\site-packages\sklearn\base.py:376: InconsistentVersionWarning: Trying to unpickle estimator SimpleImputer from version 1.2.2 when using version 1.4.2. This might lead to breaking code or invalid results. Use at your own risk. For more info please refer to:
https://scikit-learn.org/stable/model_persistence.html#security-maintainability-limitations
  warnings.warn(

2025-04-22 00:14:14,192:WARNING:C:\Users\Administrator\Desktop\phishing detector project\.venv\lib\site-packages\sklearn\base.py:376: InconsistentVersionWarning: Trying to unpickle estimator PowerTransformer from version 1.2.2 when using version 1.4.2. This might lead to breaking code or invalid results. Use at your own risk. For more info please refer to:
https://scikit-learn.org/stable/model_persistence.html#security-maintainability-limitations
  warnings.warn(

2025-04-22 00:14:14,192:WARNING:C:\Users\Administrator\Desktop\phishing detector project\.venv\lib\site-packages\sklearn\base.py:376: InconsistentVersionWarning: Trying to unpickle estimator StandardScaler from version 1.2.2 when using version 1.4.2. This might lead to breaking code or invalid results. Use at your own risk. For more info please refer to:
https://scikit-learn.org/stable/model_persistence.html#security-maintainability-limitations
  warnings.warn(

2025-04-22 00:14:14,224:WARNING:C:\Users\Administrator\Desktop\phishing detector project\.venv\lib\site-packages\sklearn\base.py:376: InconsistentVersionWarning: Trying to unpickle estimator LabelEncoder from version 1.2.2 when using version 1.4.2. This might lead to breaking code or invalid results. Use at your own risk. For more info please refer to:
https://scikit-learn.org/stable/model_persistence.html#security-maintainability-limitations
  warnings.warn(

2025-04-22 00:14:14,232:WARNING:C:\Users\Administrator\Desktop\phishing detector project\.venv\lib\site-packages\pycaret\internal\pipeline.py:146: UserWarning: Version mismatch:
current: {'deps_info': {'pip': '25.0.1', 'setuptools': '65.5.0', 'pycaret': '3.3.1', 'IPython': '8.23.0', 'ipywidgets': '8.1.2', 'tqdm': '4.66.2', 'numpy': '1.26.4', 'pandas': '2.1.4', 'jinja2': '3.1.3', 'scipy': '1.11.4', 'joblib': '1.3.2', 'sklearn': '1.4.2', 'pyod': '1.1.3', 'imblearn': '0.12.2', 'category_encoders': '2.6.3', 'lightgbm': '4.3.0', 'numba': '0.59.1', 'requests': '2.31.0', 'matplotlib': '3.7.5', 'scikitplot': '0.3.7', 'yellowbrick': '1.5', 'plotly': '5.21.0', 'plotly-resampler': 'Not installed', 'kaleido': '0.2.1', 'schemdraw': '0.15', 'statsmodels': '0.14.2', 'sktime': '0.26.0', 'tbats': '1.1.3', 'pmdarima': '2.0.4', 'psutil': '5.9.8', 'markupsafe': '2.1.5', 'pickle5': 'Not installed', 'cloudpickle': '3.0.0', 'deprecation': '2.1.0', 'xxhash': '3.4.1', 'wurlitzer': 'Not installed'}, 'python': {'version': '3.10.11', 'machine': 'AMD64'}}
pickle: {'deps_info': {'pip': '23.1.2', 'setuptools': '67.7.2', 'pycaret': '3.0.4', 'IPython': '7.34.0', 'ipywidgets': '7.7.1', 'tqdm': '4.66.1', 'numpy': '1.23.5', 'pandas': '1.5.3', 'jinja2': '3.1.2', 'scipy': '1.10.1', 'joblib': '1.3.2', 'sklearn': '1.2.2', 'pyod': '1.1.0', 'imblearn': '0.10.1', 'category_encoders': '2.6.2', 'lightgbm': '4.0.0', 'numba': '0.56.4', 'requests': '2.31.0', 'matplotlib': '3.7.1', 'scikitplot': '0.3.7', 'yellowbrick': '1.5', 'plotly': '5.15.0', 'plotly-resampler': 'Not installed', 'kaleido': '0.2.1', 'schemdraw': '0.15', 'statsmodels': '0.14.0', 'sktime': '0.22.0', 'tbats': '1.1.3', 'pmdarima': '2.0.3', 'psutil': '5.9.5', 'markupsafe': '2.1.3', 'pickle5': 'Not installed', 'cloudpickle': '2.2.1', 'deprecation': '2.1.0', 'xxhash': '3.3.0', 'wurlitzer': '3.0.3'}, 'python': {'version': '3.10.12', 'machine': 'x86_64'}}
  warnings.warn(

2025-04-22 00:14:16,993:WARNING:
'cuml' is a soft dependency and not included in the pycaret installation. Please run: `pip install cuml` to install.
2025-04-22 00:14:16,993:WARNING:
'cuml' is a soft dependency and not included in the pycaret installation. Please run: `pip install cuml` to install.
2025-04-22 00:14:16,993:WARNING:
'cuml' is a soft dependency and not included in the pycaret installation. Please run: `pip install cuml` to install.
2025-04-22 00:14:16,993:WARNING:
'cuml' is a soft dependency and not included in the pycaret installation. Please run: `pip install cuml` to install.
2025-04-22 00:14:17,966:INFO:Initializing load_model()
2025-04-22 00:14:17,966:INFO:load_model(model_name=model/phishingdetection, platform=None, authentication=None, verbose=True)
2025-04-22 00:14:17,966:WARNING:C:\Users\Administrator\Desktop\phishing detector project\.venv\lib\site-packages\sklearn\base.py:376: InconsistentVersionWarning: Trying to unpickle estimator SimpleImputer from version 1.2.2 when using version 1.4.2. This might lead to breaking code or invalid results. Use at your own risk. For more info please refer to:
https://scikit-learn.org/stable/model_persistence.html#security-maintainability-limitations
  warnings.warn(

2025-04-22 00:14:17,966:WARNING:C:\Users\Administrator\Desktop\phishing detector project\.venv\lib\site-packages\sklearn\base.py:376: InconsistentVersionWarning: Trying to unpickle estimator PowerTransformer from version 1.2.2 when using version 1.4.2. This might lead to breaking code or invalid results. Use at your own risk. For more info please refer to:
https://scikit-learn.org/stable/model_persistence.html#security-maintainability-limitations
  warnings.warn(

2025-04-22 00:14:17,966:WARNING:C:\Users\Administrator\Desktop\phishing detector project\.venv\lib\site-packages\sklearn\base.py:376: InconsistentVersionWarning: Trying to unpickle estimator StandardScaler from version 1.2.2 when using version 1.4.2. This might lead to breaking code or invalid results. Use at your own risk. For more info please refer to:
https://scikit-learn.org/stable/model_persistence.html#security-maintainability-limitations
  warnings.warn(

2025-04-22 00:14:18,000:WARNING:C:\Users\Administrator\Desktop\phishing detector project\.venv\lib\site-packages\sklearn\base.py:376: InconsistentVersionWarning: Trying to unpickle estimator LabelEncoder from version 1.2.2 when using version 1.4.2. This might lead to breaking code or invalid results. Use at your own risk. For more info please refer to:
https://scikit-learn.org/stable/model_persistence.html#security-maintainability-limitations
  warnings.warn(

2025-04-22 00:14:18,008:WARNING:C:\Users\Administrator\Desktop\phishing detector project\.venv\lib\site-packages\pycaret\internal\pipeline.py:146: UserWarning: Version mismatch:
current: {'deps_info': {'pip': '25.0.1', 'setuptools': '65.5.0', 'pycaret': '3.3.1', 'IPython': '8.23.0', 'ipywidgets': '8.1.2', 'tqdm': '4.66.2', 'numpy': '1.26.4', 'pandas': '2.1.4', 'jinja2': '3.1.3', 'scipy': '1.11.4', 'joblib': '1.3.2', 'sklearn': '1.4.2', 'pyod': '1.1.3', 'imblearn': '0.12.2', 'category_encoders': '2.6.3', 'lightgbm': '4.3.0', 'numba': '0.59.1', 'requests': '2.31.0', 'matplotlib': '3.7.5', 'scikitplot': '0.3.7', 'yellowbrick': '1.5', 'plotly': '5.21.0', 'plotly-resampler': 'Not installed', 'kaleido': '0.2.1', 'schemdraw': '0.15', 'statsmodels': '0.14.2', 'sktime': '0.26.0', 'tbats': '1.1.3', 'pmdarima': '2.0.4', 'psutil': '5.9.8', 'markupsafe': '2.1.5', 'pickle5': 'Not installed', 'cloudpickle': '3.0.0', 'deprecation': '2.1.0', 'xxhash': '3.4.1', 'wurlitzer': 'Not installed'}, 'python': {'version': '3.10.11', 'machine': 'AMD64'}}
pickle: {'deps_info': {'pip': '23.1.2', 'setuptools': '67.7.2', 'pycaret': '3.0.4', 'IPython': '7.34.0', 'ipywidgets': '7.7.1', 'tqdm': '4.66.1', 'numpy': '1.23.5', 'pandas': '1.5.3', 'jinja2': '3.1.2', 'scipy': '1.10.1', 'joblib': '1.3.2', 'sklearn': '1.2.2', 'pyod': '1.1.0', 'imblearn': '0.10.1', 'category_encoders': '2.6.2', 'lightgbm': '4.0.0', 'numba': '0.56.4', 'requests': '2.31.0', 'matplotlib': '3.7.1', 'scikitplot': '0.3.7', 'yellowbrick': '1.5', 'plotly': '5.15.0', 'plotly-resampler': 'Not installed', 'kaleido': '0.2.1', 'schemdraw': '0.15', 'statsmodels': '0.14.0', 'sktime': '0.22.0', 'tbats': '1.1.3', 'pmdarima': '2.0.3', 'psutil': '5.9.5', 'markupsafe': '2.1.3', 'pickle5': 'Not installed', 'cloudpickle': '2.2.1', 'deprecation': '2.1.0', 'xxhash': '3.3.0', 'wurlitzer': '3.0.3'}, 'python': {'version': '3.10.12', 'machine': 'x86_64'}}
  warnings.warn(

2025-04-22 00:14:28,906:WARNING:C:\Users\Administrator\Desktop\phishing detector project\.venv\lib\site-packages\sklearn\base.py:376: InconsistentVersionWarning: Trying to unpickle estimator PCA from version 1.2.2 when using version 1.4.2. This might lead to breaking code or invalid results. Use at your own risk. For more info please refer to:
https://scikit-learn.org/stable/model_persistence.html#security-maintainability-limitations
  warnings.warn(

2025-04-22 00:14:28,924:INFO:Initializing predict_model()
2025-04-22 00:14:28,924:INFO:predict_model(self=<pycaret.classification.oop.ClassificationExperiment object at 0x00000187DDE538B0>, estimator=Pipeline(memory=FastMemory(location=/tmp/joblib),
         steps=[('numerical_imputer',
                 TransformerWrapper(include=['domain_att', 'URL_Length',
                                             'URL_Depth'],
                                    transformer=SimpleImputer())),
                ('categorical_imputer',
                 TransformerWrapper(include=[],
                                    transformer=SimpleImputer(strategy='most_frequent'))),
                ('transformation',
                 TransformerWrapper(transformer=PowerTransformer(standardize=False))),
                ('normalize', TransformerWrapper(transformer=StandardScaler())),
                ('clean_column_names',
                 TransformerWrapper(transformer=CleanColumnNames())),
                ('trained_model', LGBMClassifier(n_jobs=-1, random_state=321))]), probability_threshold=None, encoded_labels=False, raw_score=False, round=4, verbose=True, ml_usecase=None, preprocess=True, encode_labels=<function _SupervisedExperiment.predict_model.<locals>.encode_labels at 0x00000187DDE0E4D0>)
2025-04-22 00:14:28,924:INFO:Checking exceptions
2025-04-22 00:14:28,924:INFO:Preloading libraries
2025-04-22 00:14:28,924:INFO:Set up data.
2025-04-22 00:14:28,924:INFO:Set up index.
2025-04-22 00:15:19,725:WARNING:
'cuml' is a soft dependency and not included in the pycaret installation. Please run: `pip install cuml` to install.
2025-04-22 00:15:19,726:WARNING:
'cuml' is a soft dependency and not included in the pycaret installation. Please run: `pip install cuml` to install.
2025-04-22 00:15:19,726:WARNING:
'cuml' is a soft dependency and not included in the pycaret installation. Please run: `pip install cuml` to install.
2025-04-22 00:15:19,726:WARNING:
'cuml' is a soft dependency and not included in the pycaret installation. Please run: `pip install cuml` to install.
2025-04-22 00:15:20,982:INFO:Initializing load_model()
2025-04-22 00:15:20,982:INFO:load_model(model_name=model/phishingdetection, platform=None, authentication=None, verbose=True)
2025-04-22 00:15:20,985:WARNING:C:\Users\Administrator\Desktop\phishing detector project\.venv\lib\site-packages\sklearn\base.py:376: InconsistentVersionWarning: Trying to unpickle estimator SimpleImputer from version 1.2.2 when using version 1.4.2. This might lead to breaking code or invalid results. Use at your own risk. For more info please refer to:
https://scikit-learn.org/stable/model_persistence.html#security-maintainability-limitations
  warnings.warn(

2025-04-22 00:15:20,987:WARNING:C:\Users\Administrator\Desktop\phishing detector project\.venv\lib\site-packages\sklearn\base.py:376: InconsistentVersionWarning: Trying to unpickle estimator PowerTransformer from version 1.2.2 when using version 1.4.2. This might lead to breaking code or invalid results. Use at your own risk. For more info please refer to:
https://scikit-learn.org/stable/model_persistence.html#security-maintainability-limitations
  warnings.warn(

2025-04-22 00:15:20,988:WARNING:C:\Users\Administrator\Desktop\phishing detector project\.venv\lib\site-packages\sklearn\base.py:376: InconsistentVersionWarning: Trying to unpickle estimator StandardScaler from version 1.2.2 when using version 1.4.2. This might lead to breaking code or invalid results. Use at your own risk. For more info please refer to:
https://scikit-learn.org/stable/model_persistence.html#security-maintainability-limitations
  warnings.warn(

2025-04-22 00:15:21,030:WARNING:C:\Users\Administrator\Desktop\phishing detector project\.venv\lib\site-packages\sklearn\base.py:376: InconsistentVersionWarning: Trying to unpickle estimator LabelEncoder from version 1.2.2 when using version 1.4.2. This might lead to breaking code or invalid results. Use at your own risk. For more info please refer to:
https://scikit-learn.org/stable/model_persistence.html#security-maintainability-limitations
  warnings.warn(

2025-04-22 00:15:21,040:WARNING:C:\Users\Administrator\Desktop\phishing detector project\.venv\lib\site-packages\pycaret\internal\pipeline.py:146: UserWarning: Version mismatch:
current: {'deps_info': {'pip': '25.0.1', 'setuptools': '65.5.0', 'pycaret': '3.3.1', 'IPython': '8.23.0', 'ipywidgets': '8.1.2', 'tqdm': '4.66.2', 'numpy': '1.26.4', 'pandas': '2.1.4', 'jinja2': '3.1.3', 'scipy': '1.11.4', 'joblib': '1.3.2', 'sklearn': '1.4.2', 'pyod': '1.1.3', 'imblearn': '0.12.2', 'category_encoders': '2.6.3', 'lightgbm': '4.3.0', 'numba': '0.59.1', 'requests': '2.31.0', 'matplotlib': '3.7.5', 'scikitplot': '0.3.7', 'yellowbrick': '1.5', 'plotly': '5.21.0', 'plotly-resampler': 'Not installed', 'kaleido': '0.2.1', 'schemdraw': '0.15', 'statsmodels': '0.14.2', 'sktime': '0.26.0', 'tbats': '1.1.3', 'pmdarima': '2.0.4', 'psutil': '5.9.8', 'markupsafe': '2.1.5', 'pickle5': 'Not installed', 'cloudpickle': '3.0.0', 'deprecation': '2.1.0', 'xxhash': '3.4.1', 'wurlitzer': 'Not installed'}, 'python': {'version': '3.10.11', 'machine': 'AMD64'}}
pickle: {'deps_info': {'pip': '23.1.2', 'setuptools': '67.7.2', 'pycaret': '3.0.4', 'IPython': '7.34.0', 'ipywidgets': '7.7.1', 'tqdm': '4.66.1', 'numpy': '1.23.5', 'pandas': '1.5.3', 'jinja2': '3.1.2', 'scipy': '1.10.1', 'joblib': '1.3.2', 'sklearn': '1.2.2', 'pyod': '1.1.0', 'imblearn': '0.10.1', 'category_encoders': '2.6.2', 'lightgbm': '4.0.0', 'numba': '0.56.4', 'requests': '2.31.0', 'matplotlib': '3.7.1', 'scikitplot': '0.3.7', 'yellowbrick': '1.5', 'plotly': '5.15.0', 'plotly-resampler': 'Not installed', 'kaleido': '0.2.1', 'schemdraw': '0.15', 'statsmodels': '0.14.0', 'sktime': '0.22.0', 'tbats': '1.1.3', 'pmdarima': '2.0.3', 'psutil': '5.9.5', 'markupsafe': '2.1.3', 'pickle5': 'Not installed', 'cloudpickle': '2.2.1', 'deprecation': '2.1.0', 'xxhash': '3.3.0', 'wurlitzer': '3.0.3'}, 'python': {'version': '3.10.12', 'machine': 'x86_64'}}
  warnings.warn(

2025-04-22 00:15:24,161:WARNING:
'cuml' is a soft dependency and not included in the pycaret installation. Please run: `pip install cuml` to install.
2025-04-22 00:15:24,161:WARNING:
'cuml' is a soft dependency and not included in the pycaret installation. Please run: `pip install cuml` to install.
2025-04-22 00:15:24,161:WARNING:
'cuml' is a soft dependency and not included in the pycaret installation. Please run: `pip install cuml` to install.
2025-04-22 00:15:24,161:WARNING:
'cuml' is a soft dependency and not included in the pycaret installation. Please run: `pip install cuml` to install.
2025-04-22 00:15:25,135:INFO:Initializing load_model()
2025-04-22 00:15:25,135:INFO:load_model(model_name=model/phishingdetection, platform=None, authentication=None, verbose=True)
2025-04-22 00:15:25,135:WARNING:C:\Users\Administrator\Desktop\phishing detector project\.venv\lib\site-packages\sklearn\base.py:376: InconsistentVersionWarning: Trying to unpickle estimator SimpleImputer from version 1.2.2 when using version 1.4.2. This might lead to breaking code or invalid results. Use at your own risk. For more info please refer to:
https://scikit-learn.org/stable/model_persistence.html#security-maintainability-limitations
  warnings.warn(

2025-04-22 00:15:25,135:WARNING:C:\Users\Administrator\Desktop\phishing detector project\.venv\lib\site-packages\sklearn\base.py:376: InconsistentVersionWarning: Trying to unpickle estimator PowerTransformer from version 1.2.2 when using version 1.4.2. This might lead to breaking code or invalid results. Use at your own risk. For more info please refer to:
https://scikit-learn.org/stable/model_persistence.html#security-maintainability-limitations
  warnings.warn(

2025-04-22 00:15:25,135:WARNING:C:\Users\Administrator\Desktop\phishing detector project\.venv\lib\site-packages\sklearn\base.py:376: InconsistentVersionWarning: Trying to unpickle estimator StandardScaler from version 1.2.2 when using version 1.4.2. This might lead to breaking code or invalid results. Use at your own risk. For more info please refer to:
https://scikit-learn.org/stable/model_persistence.html#security-maintainability-limitations
  warnings.warn(

2025-04-22 00:15:25,172:WARNING:C:\Users\Administrator\Desktop\phishing detector project\.venv\lib\site-packages\sklearn\base.py:376: InconsistentVersionWarning: Trying to unpickle estimator LabelEncoder from version 1.2.2 when using version 1.4.2. This might lead to breaking code or invalid results. Use at your own risk. For more info please refer to:
https://scikit-learn.org/stable/model_persistence.html#security-maintainability-limitations
  warnings.warn(

2025-04-22 00:15:25,180:WARNING:C:\Users\Administrator\Desktop\phishing detector project\.venv\lib\site-packages\pycaret\internal\pipeline.py:146: UserWarning: Version mismatch:
current: {'deps_info': {'pip': '25.0.1', 'setuptools': '65.5.0', 'pycaret': '3.3.1', 'IPython': '8.23.0', 'ipywidgets': '8.1.2', 'tqdm': '4.66.2', 'numpy': '1.26.4', 'pandas': '2.1.4', 'jinja2': '3.1.3', 'scipy': '1.11.4', 'joblib': '1.3.2', 'sklearn': '1.4.2', 'pyod': '1.1.3', 'imblearn': '0.12.2', 'category_encoders': '2.6.3', 'lightgbm': '4.3.0', 'numba': '0.59.1', 'requests': '2.31.0', 'matplotlib': '3.7.5', 'scikitplot': '0.3.7', 'yellowbrick': '1.5', 'plotly': '5.21.0', 'plotly-resampler': 'Not installed', 'kaleido': '0.2.1', 'schemdraw': '0.15', 'statsmodels': '0.14.2', 'sktime': '0.26.0', 'tbats': '1.1.3', 'pmdarima': '2.0.4', 'psutil': '5.9.8', 'markupsafe': '2.1.5', 'pickle5': 'Not installed', 'cloudpickle': '3.0.0', 'deprecation': '2.1.0', 'xxhash': '3.4.1', 'wurlitzer': 'Not installed'}, 'python': {'version': '3.10.11', 'machine': 'AMD64'}}
pickle: {'deps_info': {'pip': '23.1.2', 'setuptools': '67.7.2', 'pycaret': '3.0.4', 'IPython': '7.34.0', 'ipywidgets': '7.7.1', 'tqdm': '4.66.1', 'numpy': '1.23.5', 'pandas': '1.5.3', 'jinja2': '3.1.2', 'scipy': '1.10.1', 'joblib': '1.3.2', 'sklearn': '1.2.2', 'pyod': '1.1.0', 'imblearn': '0.10.1', 'category_encoders': '2.6.2', 'lightgbm': '4.0.0', 'numba': '0.56.4', 'requests': '2.31.0', 'matplotlib': '3.7.1', 'scikitplot': '0.3.7', 'yellowbrick': '1.5', 'plotly': '5.15.0', 'plotly-resampler': 'Not installed', 'kaleido': '0.2.1', 'schemdraw': '0.15', 'statsmodels': '0.14.0', 'sktime': '0.22.0', 'tbats': '1.1.3', 'pmdarima': '2.0.3', 'psutil': '5.9.5', 'markupsafe': '2.1.3', 'pickle5': 'Not installed', 'cloudpickle': '2.2.1', 'deprecation': '2.1.0', 'xxhash': '3.3.0', 'wurlitzer': '3.0.3'}, 'python': {'version': '3.10.12', 'machine': 'x86_64'}}
  warnings.warn(

2025-04-22 00:15:34,057:WARNING:C:\Users\Administrator\Desktop\phishing detector project\.venv\lib\site-packages\sklearn\base.py:376: InconsistentVersionWarning: Trying to unpickle estimator PCA from version 1.2.2 when using version 1.4.2. This might lead to breaking code or invalid results. Use at your own risk. For more info please refer to:
https://scikit-learn.org/stable/model_persistence.html#security-maintainability-limitations
  warnings.warn(

2025-04-22 00:15:34,074:INFO:Initializing predict_model()
2025-04-22 00:15:34,074:INFO:predict_model(self=<pycaret.classification.oop.ClassificationExperiment object at 0x000001C24D947DF0>, estimator=Pipeline(memory=FastMemory(location=/tmp/joblib),
         steps=[('numerical_imputer',
                 TransformerWrapper(include=['domain_att', 'URL_Length',
                                             'URL_Depth'],
                                    transformer=SimpleImputer())),
                ('categorical_imputer',
                 TransformerWrapper(include=[],
                                    transformer=SimpleImputer(strategy='most_frequent'))),
                ('transformation',
                 TransformerWrapper(transformer=PowerTransformer(standardize=False))),
                ('normalize', TransformerWrapper(transformer=StandardScaler())),
                ('clean_column_names',
                 TransformerWrapper(transformer=CleanColumnNames())),
                ('trained_model', LGBMClassifier(n_jobs=-1, random_state=321))]), probability_threshold=None, encoded_labels=False, raw_score=False, round=4, verbose=True, ml_usecase=None, preprocess=True, encode_labels=<function _SupervisedExperiment.predict_model.<locals>.encode_labels at 0x000001C24D92E680>)
2025-04-22 00:15:34,074:INFO:Checking exceptions
2025-04-22 00:15:34,074:INFO:Preloading libraries
2025-04-22 00:15:34,074:INFO:Set up data.
2025-04-22 00:15:34,074:INFO:Set up index.
2025-04-22 00:24:12,807:WARNING:
'cuml' is a soft dependency and not included in the pycaret installation. Please run: `pip install cuml` to install.
2025-04-22 00:24:12,807:WARNING:
'cuml' is a soft dependency and not included in the pycaret installation. Please run: `pip install cuml` to install.
2025-04-22 00:24:12,807:WARNING:
'cuml' is a soft dependency and not included in the pycaret installation. Please run: `pip install cuml` to install.
2025-04-22 00:24:12,807:WARNING:
'cuml' is a soft dependency and not included in the pycaret installation. Please run: `pip install cuml` to install.
2025-04-22 00:24:13,833:INFO:Initializing load_model()
2025-04-22 00:24:13,833:INFO:load_model(model_name=model/phishingdetection, platform=None, authentication=None, verbose=True)
2025-04-22 00:24:13,849:WARNING:C:\Users\Administrator\Desktop\phishing detector project\.venv\lib\site-packages\sklearn\base.py:376: InconsistentVersionWarning: Trying to unpickle estimator SimpleImputer from version 1.2.2 when using version 1.4.2. This might lead to breaking code or invalid results. Use at your own risk. For more info please refer to:
https://scikit-learn.org/stable/model_persistence.html#security-maintainability-limitations
  warnings.warn(

2025-04-22 00:24:13,849:WARNING:C:\Users\Administrator\Desktop\phishing detector project\.venv\lib\site-packages\sklearn\base.py:376: InconsistentVersionWarning: Trying to unpickle estimator PowerTransformer from version 1.2.2 when using version 1.4.2. This might lead to breaking code or invalid results. Use at your own risk. For more info please refer to:
https://scikit-learn.org/stable/model_persistence.html#security-maintainability-limitations
  warnings.warn(

2025-04-22 00:24:13,849:WARNING:C:\Users\Administrator\Desktop\phishing detector project\.venv\lib\site-packages\sklearn\base.py:376: InconsistentVersionWarning: Trying to unpickle estimator StandardScaler from version 1.2.2 when using version 1.4.2. This might lead to breaking code or invalid results. Use at your own risk. For more info please refer to:
https://scikit-learn.org/stable/model_persistence.html#security-maintainability-limitations
  warnings.warn(

2025-04-22 00:24:13,877:WARNING:C:\Users\Administrator\Desktop\phishing detector project\.venv\lib\site-packages\sklearn\base.py:376: InconsistentVersionWarning: Trying to unpickle estimator LabelEncoder from version 1.2.2 when using version 1.4.2. This might lead to breaking code or invalid results. Use at your own risk. For more info please refer to:
https://scikit-learn.org/stable/model_persistence.html#security-maintainability-limitations
  warnings.warn(

2025-04-22 00:24:13,885:WARNING:C:\Users\Administrator\Desktop\phishing detector project\.venv\lib\site-packages\pycaret\internal\pipeline.py:146: UserWarning: Version mismatch:
current: {'deps_info': {'pip': '25.0.1', 'setuptools': '65.5.0', 'pycaret': '3.3.1', 'IPython': '8.23.0', 'ipywidgets': '8.1.2', 'tqdm': '4.66.2', 'numpy': '1.26.4', 'pandas': '2.1.4', 'jinja2': '3.1.3', 'scipy': '1.11.4', 'joblib': '1.3.2', 'sklearn': '1.4.2', 'pyod': '1.1.3', 'imblearn': '0.12.2', 'category_encoders': '2.6.3', 'lightgbm': '4.3.0', 'numba': '0.59.1', 'requests': '2.31.0', 'matplotlib': '3.7.5', 'scikitplot': '0.3.7', 'yellowbrick': '1.5', 'plotly': '5.21.0', 'plotly-resampler': 'Not installed', 'kaleido': '0.2.1', 'schemdraw': '0.15', 'statsmodels': '0.14.2', 'sktime': '0.26.0', 'tbats': '1.1.3', 'pmdarima': '2.0.4', 'psutil': '5.9.8', 'markupsafe': '2.1.5', 'pickle5': 'Not installed', 'cloudpickle': '3.0.0', 'deprecation': '2.1.0', 'xxhash': '3.4.1', 'wurlitzer': 'Not installed'}, 'python': {'version': '3.10.11', 'machine': 'AMD64'}}
pickle: {'deps_info': {'pip': '23.1.2', 'setuptools': '67.7.2', 'pycaret': '3.0.4', 'IPython': '7.34.0', 'ipywidgets': '7.7.1', 'tqdm': '4.66.1', 'numpy': '1.23.5', 'pandas': '1.5.3', 'jinja2': '3.1.2', 'scipy': '1.10.1', 'joblib': '1.3.2', 'sklearn': '1.2.2', 'pyod': '1.1.0', 'imblearn': '0.10.1', 'category_encoders': '2.6.2', 'lightgbm': '4.0.0', 'numba': '0.56.4', 'requests': '2.31.0', 'matplotlib': '3.7.1', 'scikitplot': '0.3.7', 'yellowbrick': '1.5', 'plotly': '5.15.0', 'plotly-resampler': 'Not installed', 'kaleido': '0.2.1', 'schemdraw': '0.15', 'statsmodels': '0.14.0', 'sktime': '0.22.0', 'tbats': '1.1.3', 'pmdarima': '2.0.3', 'psutil': '5.9.5', 'markupsafe': '2.1.3', 'pickle5': 'Not installed', 'cloudpickle': '2.2.1', 'deprecation': '2.1.0', 'xxhash': '3.3.0', 'wurlitzer': '3.0.3'}, 'python': {'version': '3.10.12', 'machine': 'x86_64'}}
  warnings.warn(

2025-04-22 00:26:48,479:WARNING:
'cuml' is a soft dependency and not included in the pycaret installation. Please run: `pip install cuml` to install.
2025-04-22 00:26:48,479:WARNING:
'cuml' is a soft dependency and not included in the pycaret installation. Please run: `pip install cuml` to install.
2025-04-22 00:26:48,479:WARNING:
'cuml' is a soft dependency and not included in the pycaret installation. Please run: `pip install cuml` to install.
2025-04-22 00:26:48,479:WARNING:
'cuml' is a soft dependency and not included in the pycaret installation. Please run: `pip install cuml` to install.
2025-04-22 00:26:49,428:INFO:Initializing load_model()
2025-04-22 00:26:49,428:INFO:load_model(model_name=model/phishingdetection, platform=None, authentication=None, verbose=True)
2025-04-22 00:26:49,428:WARNING:C:\Users\Administrator\Desktop\phishing detector project\.venv\lib\site-packages\sklearn\base.py:376: InconsistentVersionWarning: Trying to unpickle estimator SimpleImputer from version 1.2.2 when using version 1.4.2. This might lead to breaking code or invalid results. Use at your own risk. For more info please refer to:
https://scikit-learn.org/stable/model_persistence.html#security-maintainability-limitations
  warnings.warn(

2025-04-22 00:26:49,428:WARNING:C:\Users\Administrator\Desktop\phishing detector project\.venv\lib\site-packages\sklearn\base.py:376: InconsistentVersionWarning: Trying to unpickle estimator PowerTransformer from version 1.2.2 when using version 1.4.2. This might lead to breaking code or invalid results. Use at your own risk. For more info please refer to:
https://scikit-learn.org/stable/model_persistence.html#security-maintainability-limitations
  warnings.warn(

2025-04-22 00:26:49,428:WARNING:C:\Users\Administrator\Desktop\phishing detector project\.venv\lib\site-packages\sklearn\base.py:376: InconsistentVersionWarning: Trying to unpickle estimator StandardScaler from version 1.2.2 when using version 1.4.2. This might lead to breaking code or invalid results. Use at your own risk. For more info please refer to:
https://scikit-learn.org/stable/model_persistence.html#security-maintainability-limitations
  warnings.warn(

2025-04-22 00:26:49,470:WARNING:C:\Users\Administrator\Desktop\phishing detector project\.venv\lib\site-packages\sklearn\base.py:376: InconsistentVersionWarning: Trying to unpickle estimator LabelEncoder from version 1.2.2 when using version 1.4.2. This might lead to breaking code or invalid results. Use at your own risk. For more info please refer to:
https://scikit-learn.org/stable/model_persistence.html#security-maintainability-limitations
  warnings.warn(

2025-04-22 00:26:49,475:WARNING:C:\Users\Administrator\Desktop\phishing detector project\.venv\lib\site-packages\pycaret\internal\pipeline.py:146: UserWarning: Version mismatch:
current: {'deps_info': {'pip': '25.0.1', 'setuptools': '65.5.0', 'pycaret': '3.3.1', 'IPython': '8.23.0', 'ipywidgets': '8.1.2', 'tqdm': '4.66.2', 'numpy': '1.26.4', 'pandas': '2.1.4', 'jinja2': '3.1.3', 'scipy': '1.11.4', 'joblib': '1.3.2', 'sklearn': '1.4.2', 'pyod': '1.1.3', 'imblearn': '0.12.2', 'category_encoders': '2.6.3', 'lightgbm': '4.3.0', 'numba': '0.59.1', 'requests': '2.31.0', 'matplotlib': '3.7.5', 'scikitplot': '0.3.7', 'yellowbrick': '1.5', 'plotly': '5.21.0', 'plotly-resampler': 'Not installed', 'kaleido': '0.2.1', 'schemdraw': '0.15', 'statsmodels': '0.14.2', 'sktime': '0.26.0', 'tbats': '1.1.3', 'pmdarima': '2.0.4', 'psutil': '5.9.8', 'markupsafe': '2.1.5', 'pickle5': 'Not installed', 'cloudpickle': '3.0.0', 'deprecation': '2.1.0', 'xxhash': '3.4.1', 'wurlitzer': 'Not installed'}, 'python': {'version': '3.10.11', 'machine': 'AMD64'}}
pickle: {'deps_info': {'pip': '23.1.2', 'setuptools': '67.7.2', 'pycaret': '3.0.4', 'IPython': '7.34.0', 'ipywidgets': '7.7.1', 'tqdm': '4.66.1', 'numpy': '1.23.5', 'pandas': '1.5.3', 'jinja2': '3.1.2', 'scipy': '1.10.1', 'joblib': '1.3.2', 'sklearn': '1.2.2', 'pyod': '1.1.0', 'imblearn': '0.10.1', 'category_encoders': '2.6.2', 'lightgbm': '4.0.0', 'numba': '0.56.4', 'requests': '2.31.0', 'matplotlib': '3.7.1', 'scikitplot': '0.3.7', 'yellowbrick': '1.5', 'plotly': '5.15.0', 'plotly-resampler': 'Not installed', 'kaleido': '0.2.1', 'schemdraw': '0.15', 'statsmodels': '0.14.0', 'sktime': '0.22.0', 'tbats': '1.1.3', 'pmdarima': '2.0.3', 'psutil': '5.9.5', 'markupsafe': '2.1.3', 'pickle5': 'Not installed', 'cloudpickle': '2.2.1', 'deprecation': '2.1.0', 'xxhash': '3.3.0', 'wurlitzer': '3.0.3'}, 'python': {'version': '3.10.12', 'machine': 'x86_64'}}
  warnings.warn(

2025-04-22 00:26:52,283:WARNING:
'cuml' is a soft dependency and not included in the pycaret installation. Please run: `pip install cuml` to install.
2025-04-22 00:26:52,283:WARNING:
'cuml' is a soft dependency and not included in the pycaret installation. Please run: `pip install cuml` to install.
2025-04-22 00:26:52,283:WARNING:
'cuml' is a soft dependency and not included in the pycaret installation. Please run: `pip install cuml` to install.
2025-04-22 00:26:52,283:WARNING:
'cuml' is a soft dependency and not included in the pycaret installation. Please run: `pip install cuml` to install.
2025-04-22 00:26:53,321:INFO:Initializing load_model()
2025-04-22 00:26:53,321:INFO:load_model(model_name=model/phishingdetection, platform=None, authentication=None, verbose=True)
2025-04-22 00:26:53,321:WARNING:C:\Users\Administrator\Desktop\phishing detector project\.venv\lib\site-packages\sklearn\base.py:376: InconsistentVersionWarning: Trying to unpickle estimator SimpleImputer from version 1.2.2 when using version 1.4.2. This might lead to breaking code or invalid results. Use at your own risk. For more info please refer to:
https://scikit-learn.org/stable/model_persistence.html#security-maintainability-limitations
  warnings.warn(

2025-04-22 00:26:53,321:WARNING:C:\Users\Administrator\Desktop\phishing detector project\.venv\lib\site-packages\sklearn\base.py:376: InconsistentVersionWarning: Trying to unpickle estimator PowerTransformer from version 1.2.2 when using version 1.4.2. This might lead to breaking code or invalid results. Use at your own risk. For more info please refer to:
https://scikit-learn.org/stable/model_persistence.html#security-maintainability-limitations
  warnings.warn(

2025-04-22 00:26:53,321:WARNING:C:\Users\Administrator\Desktop\phishing detector project\.venv\lib\site-packages\sklearn\base.py:376: InconsistentVersionWarning: Trying to unpickle estimator StandardScaler from version 1.2.2 when using version 1.4.2. This might lead to breaking code or invalid results. Use at your own risk. For more info please refer to:
https://scikit-learn.org/stable/model_persistence.html#security-maintainability-limitations
  warnings.warn(

2025-04-22 00:26:53,363:WARNING:C:\Users\Administrator\Desktop\phishing detector project\.venv\lib\site-packages\sklearn\base.py:376: InconsistentVersionWarning: Trying to unpickle estimator LabelEncoder from version 1.2.2 when using version 1.4.2. This might lead to breaking code or invalid results. Use at your own risk. For more info please refer to:
https://scikit-learn.org/stable/model_persistence.html#security-maintainability-limitations
  warnings.warn(

2025-04-22 00:26:53,371:WARNING:C:\Users\Administrator\Desktop\phishing detector project\.venv\lib\site-packages\pycaret\internal\pipeline.py:146: UserWarning: Version mismatch:
current: {'deps_info': {'pip': '25.0.1', 'setuptools': '65.5.0', 'pycaret': '3.3.1', 'IPython': '8.23.0', 'ipywidgets': '8.1.2', 'tqdm': '4.66.2', 'numpy': '1.26.4', 'pandas': '2.1.4', 'jinja2': '3.1.3', 'scipy': '1.11.4', 'joblib': '1.3.2', 'sklearn': '1.4.2', 'pyod': '1.1.3', 'imblearn': '0.12.2', 'category_encoders': '2.6.3', 'lightgbm': '4.3.0', 'numba': '0.59.1', 'requests': '2.31.0', 'matplotlib': '3.7.5', 'scikitplot': '0.3.7', 'yellowbrick': '1.5', 'plotly': '5.21.0', 'plotly-resampler': 'Not installed', 'kaleido': '0.2.1', 'schemdraw': '0.15', 'statsmodels': '0.14.2', 'sktime': '0.26.0', 'tbats': '1.1.3', 'pmdarima': '2.0.4', 'psutil': '5.9.8', 'markupsafe': '2.1.5', 'pickle5': 'Not installed', 'cloudpickle': '3.0.0', 'deprecation': '2.1.0', 'xxhash': '3.4.1', 'wurlitzer': 'Not installed'}, 'python': {'version': '3.10.11', 'machine': 'AMD64'}}
pickle: {'deps_info': {'pip': '23.1.2', 'setuptools': '67.7.2', 'pycaret': '3.0.4', 'IPython': '7.34.0', 'ipywidgets': '7.7.1', 'tqdm': '4.66.1', 'numpy': '1.23.5', 'pandas': '1.5.3', 'jinja2': '3.1.2', 'scipy': '1.10.1', 'joblib': '1.3.2', 'sklearn': '1.2.2', 'pyod': '1.1.0', 'imblearn': '0.10.1', 'category_encoders': '2.6.2', 'lightgbm': '4.0.0', 'numba': '0.56.4', 'requests': '2.31.0', 'matplotlib': '3.7.1', 'scikitplot': '0.3.7', 'yellowbrick': '1.5', 'plotly': '5.15.0', 'plotly-resampler': 'Not installed', 'kaleido': '0.2.1', 'schemdraw': '0.15', 'statsmodels': '0.14.0', 'sktime': '0.22.0', 'tbats': '1.1.3', 'pmdarima': '2.0.3', 'psutil': '5.9.5', 'markupsafe': '2.1.3', 'pickle5': 'Not installed', 'cloudpickle': '2.2.1', 'deprecation': '2.1.0', 'xxhash': '3.3.0', 'wurlitzer': '3.0.3'}, 'python': {'version': '3.10.12', 'machine': 'x86_64'}}
  warnings.warn(

2025-04-22 00:27:13,608:WARNING:C:\Users\Administrator\Desktop\phishing detector project\.venv\lib\site-packages\sklearn\base.py:376: InconsistentVersionWarning: Trying to unpickle estimator PCA from version 1.2.2 when using version 1.4.2. This might lead to breaking code or invalid results. Use at your own risk. For more info please refer to:
https://scikit-learn.org/stable/model_persistence.html#security-maintainability-limitations
  warnings.warn(

2025-04-22 00:27:13,608:INFO:Initializing predict_model()
2025-04-22 00:27:13,608:INFO:predict_model(self=<pycaret.classification.oop.ClassificationExperiment object at 0x00000200DFD935B0>, estimator=Pipeline(memory=FastMemory(location=/tmp/joblib),
         steps=[('numerical_imputer',
                 TransformerWrapper(include=['domain_att', 'URL_Length',
                                             'URL_Depth'],
                                    transformer=SimpleImputer())),
                ('categorical_imputer',
                 TransformerWrapper(include=[],
                                    transformer=SimpleImputer(strategy='most_frequent'))),
                ('transformation',
                 TransformerWrapper(transformer=PowerTransformer(standardize=False))),
                ('normalize', TransformerWrapper(transformer=StandardScaler())),
                ('clean_column_names',
                 TransformerWrapper(transformer=CleanColumnNames())),
                ('trained_model', LGBMClassifier(n_jobs=-1, random_state=321))]), probability_threshold=None, encoded_labels=False, raw_score=False, round=4, verbose=True, ml_usecase=None, preprocess=True, encode_labels=<function _SupervisedExperiment.predict_model.<locals>.encode_labels at 0x00000200DFD4E560>)
2025-04-22 00:27:13,608:INFO:Checking exceptions
2025-04-22 00:27:13,608:INFO:Preloading libraries
2025-04-22 00:27:13,608:INFO:Set up data.
2025-04-22 00:27:13,623:INFO:Set up index.
2025-04-22 00:27:36,642:WARNING:C:\Users\Administrator\Desktop\phishing detector project\.venv\lib\site-packages\sklearn\base.py:376: InconsistentVersionWarning: Trying to unpickle estimator PCA from version 1.2.2 when using version 1.4.2. This might lead to breaking code or invalid results. Use at your own risk. For more info please refer to:
https://scikit-learn.org/stable/model_persistence.html#security-maintainability-limitations
  warnings.warn(

2025-04-22 00:27:36,642:INFO:Initializing predict_model()
2025-04-22 00:27:36,642:INFO:predict_model(self=<pycaret.classification.oop.ClassificationExperiment object at 0x00000200DFD93C70>, estimator=Pipeline(memory=FastMemory(location=/tmp/joblib),
         steps=[('numerical_imputer',
                 TransformerWrapper(include=['domain_att', 'URL_Length',
                                             'URL_Depth'],
                                    transformer=SimpleImputer())),
                ('categorical_imputer',
                 TransformerWrapper(include=[],
                                    transformer=SimpleImputer(strategy='most_frequent'))),
                ('transformation',
                 TransformerWrapper(transformer=PowerTransformer(standardize=False))),
                ('normalize', TransformerWrapper(transformer=StandardScaler())),
                ('clean_column_names',
                 TransformerWrapper(transformer=CleanColumnNames())),
                ('trained_model', LGBMClassifier(n_jobs=-1, random_state=321))]), probability_threshold=None, encoded_labels=False, raw_score=False, round=4, verbose=True, ml_usecase=None, preprocess=True, encode_labels=<function _SupervisedExperiment.predict_model.<locals>.encode_labels at 0x00000200DFD4E3B0>)
2025-04-22 00:27:36,642:INFO:Checking exceptions
2025-04-22 00:27:36,642:INFO:Preloading libraries
2025-04-22 00:27:36,642:INFO:Set up data.
2025-04-22 00:27:36,642:INFO:Set up index.
2025-04-22 00:27:41,986:WARNING:C:\Users\Administrator\Desktop\phishing detector project\.venv\lib\site-packages\sklearn\base.py:376: InconsistentVersionWarning: Trying to unpickle estimator PCA from version 1.2.2 when using version 1.4.2. This might lead to breaking code or invalid results. Use at your own risk. For more info please refer to:
https://scikit-learn.org/stable/model_persistence.html#security-maintainability-limitations
  warnings.warn(

2025-04-22 00:27:41,996:INFO:Initializing predict_model()
2025-04-22 00:27:41,996:INFO:predict_model(self=<pycaret.classification.oop.ClassificationExperiment object at 0x00000200DFD929B0>, estimator=Pipeline(memory=FastMemory(location=/tmp/joblib),
         steps=[('numerical_imputer',
                 TransformerWrapper(include=['domain_att', 'URL_Length',
                                             'URL_Depth'],
                                    transformer=SimpleImputer())),
                ('categorical_imputer',
                 TransformerWrapper(include=[],
                                    transformer=SimpleImputer(strategy='most_frequent'))),
                ('transformation',
                 TransformerWrapper(transformer=PowerTransformer(standardize=False))),
                ('normalize', TransformerWrapper(transformer=StandardScaler())),
                ('clean_column_names',
                 TransformerWrapper(transformer=CleanColumnNames())),
                ('trained_model', LGBMClassifier(n_jobs=-1, random_state=321))]), probability_threshold=None, encoded_labels=False, raw_score=False, round=4, verbose=True, ml_usecase=None, preprocess=True, encode_labels=<function _SupervisedExperiment.predict_model.<locals>.encode_labels at 0x00000200DFD4FA30>)
2025-04-22 00:27:41,996:INFO:Checking exceptions
2025-04-22 00:27:41,996:INFO:Preloading libraries
2025-04-22 00:27:41,997:INFO:Set up data.
2025-04-22 00:27:42,000:INFO:Set up index.
2025-04-22 00:27:44,849:WARNING:C:\Users\Administrator\Desktop\phishing detector project\.venv\lib\site-packages\sklearn\base.py:376: InconsistentVersionWarning: Trying to unpickle estimator PCA from version 1.2.2 when using version 1.4.2. This might lead to breaking code or invalid results. Use at your own risk. For more info please refer to:
https://scikit-learn.org/stable/model_persistence.html#security-maintainability-limitations
  warnings.warn(

2025-04-22 00:27:44,870:INFO:Initializing predict_model()
2025-04-22 00:27:44,870:INFO:predict_model(self=<pycaret.classification.oop.ClassificationExperiment object at 0x00000200DFD909D0>, estimator=Pipeline(memory=FastMemory(location=/tmp/joblib),
         steps=[('numerical_imputer',
                 TransformerWrapper(include=['domain_att', 'URL_Length',
                                             'URL_Depth'],
                                    transformer=SimpleImputer())),
                ('categorical_imputer',
                 TransformerWrapper(include=[],
                                    transformer=SimpleImputer(strategy='most_frequent'))),
                ('transformation',
                 TransformerWrapper(transformer=PowerTransformer(standardize=False))),
                ('normalize', TransformerWrapper(transformer=StandardScaler())),
                ('clean_column_names',
                 TransformerWrapper(transformer=CleanColumnNames())),
                ('trained_model', LGBMClassifier(n_jobs=-1, random_state=321))]), probability_threshold=None, encoded_labels=False, raw_score=False, round=4, verbose=True, ml_usecase=None, preprocess=True, encode_labels=<function _SupervisedExperiment.predict_model.<locals>.encode_labels at 0x00000200DFD4F880>)
2025-04-22 00:27:44,870:INFO:Checking exceptions
2025-04-22 00:27:44,870:INFO:Preloading libraries
2025-04-22 00:27:44,870:INFO:Set up data.
2025-04-22 00:27:44,871:INFO:Set up index.
2025-04-22 00:27:47,516:WARNING:C:\Users\Administrator\Desktop\phishing detector project\.venv\lib\site-packages\sklearn\base.py:376: InconsistentVersionWarning: Trying to unpickle estimator PCA from version 1.2.2 when using version 1.4.2. This might lead to breaking code or invalid results. Use at your own risk. For more info please refer to:
https://scikit-learn.org/stable/model_persistence.html#security-maintainability-limitations
  warnings.warn(

2025-04-22 00:27:47,517:INFO:Initializing predict_model()
2025-04-22 00:27:47,517:INFO:predict_model(self=<pycaret.classification.oop.ClassificationExperiment object at 0x00000200DFE1E7D0>, estimator=Pipeline(memory=FastMemory(location=/tmp/joblib),
         steps=[('numerical_imputer',
                 TransformerWrapper(include=['domain_att', 'URL_Length',
                                             'URL_Depth'],
                                    transformer=SimpleImputer())),
                ('categorical_imputer',
                 TransformerWrapper(include=[],
                                    transformer=SimpleImputer(strategy='most_frequent'))),
                ('transformation',
                 TransformerWrapper(transformer=PowerTransformer(standardize=False))),
                ('normalize', TransformerWrapper(transformer=StandardScaler())),
                ('clean_column_names',
                 TransformerWrapper(transformer=CleanColumnNames())),
                ('trained_model', LGBMClassifier(n_jobs=-1, random_state=321))]), probability_threshold=None, encoded_labels=False, raw_score=False, round=4, verbose=True, ml_usecase=None, preprocess=True, encode_labels=<function _SupervisedExperiment.predict_model.<locals>.encode_labels at 0x00000200DFD4F760>)
2025-04-22 00:27:47,517:INFO:Checking exceptions
2025-04-22 00:27:47,517:INFO:Preloading libraries
2025-04-22 00:27:47,517:INFO:Set up data.
2025-04-22 00:27:47,517:INFO:Set up index.
2025-04-22 00:27:53,408:WARNING:C:\Users\Administrator\Desktop\phishing detector project\.venv\lib\site-packages\sklearn\base.py:376: InconsistentVersionWarning: Trying to unpickle estimator PCA from version 1.2.2 when using version 1.4.2. This might lead to breaking code or invalid results. Use at your own risk. For more info please refer to:
https://scikit-learn.org/stable/model_persistence.html#security-maintainability-limitations
  warnings.warn(

2025-04-22 00:27:53,425:INFO:Initializing predict_model()
2025-04-22 00:27:53,425:INFO:predict_model(self=<pycaret.classification.oop.ClassificationExperiment object at 0x00000200DFE1DCF0>, estimator=Pipeline(memory=FastMemory(location=/tmp/joblib),
         steps=[('numerical_imputer',
                 TransformerWrapper(include=['domain_att', 'URL_Length',
                                             'URL_Depth'],
                                    transformer=SimpleImputer())),
                ('categorical_imputer',
                 TransformerWrapper(include=[],
                                    transformer=SimpleImputer(strategy='most_frequent'))),
                ('transformation',
                 TransformerWrapper(transformer=PowerTransformer(standardize=False))),
                ('normalize', TransformerWrapper(transformer=StandardScaler())),
                ('clean_column_names',
                 TransformerWrapper(transformer=CleanColumnNames())),
                ('trained_model', LGBMClassifier(n_jobs=-1, random_state=321))]), probability_threshold=None, encoded_labels=False, raw_score=False, round=4, verbose=True, ml_usecase=None, preprocess=True, encode_labels=<function _SupervisedExperiment.predict_model.<locals>.encode_labels at 0x00000200DFD4F910>)
2025-04-22 00:27:53,425:INFO:Checking exceptions
2025-04-22 00:27:53,425:INFO:Preloading libraries
2025-04-22 00:27:53,425:INFO:Set up data.
2025-04-22 00:27:53,425:INFO:Set up index.
2025-04-22 00:28:04,803:WARNING:C:\Users\Administrator\Desktop\phishing detector project\.venv\lib\site-packages\sklearn\base.py:376: InconsistentVersionWarning: Trying to unpickle estimator PCA from version 1.2.2 when using version 1.4.2. This might lead to breaking code or invalid results. Use at your own risk. For more info please refer to:
https://scikit-learn.org/stable/model_persistence.html#security-maintainability-limitations
  warnings.warn(

2025-04-22 00:28:04,819:INFO:Initializing predict_model()
2025-04-22 00:28:04,819:INFO:predict_model(self=<pycaret.classification.oop.ClassificationExperiment object at 0x00000200DFE1E440>, estimator=Pipeline(memory=FastMemory(location=/tmp/joblib),
         steps=[('numerical_imputer',
                 TransformerWrapper(include=['domain_att', 'URL_Length',
                                             'URL_Depth'],
                                    transformer=SimpleImputer())),
                ('categorical_imputer',
                 TransformerWrapper(include=[],
                                    transformer=SimpleImputer(strategy='most_frequent'))),
                ('transformation',
                 TransformerWrapper(transformer=PowerTransformer(standardize=False))),
                ('normalize', TransformerWrapper(transformer=StandardScaler())),
                ('clean_column_names',
                 TransformerWrapper(transformer=CleanColumnNames())),
                ('trained_model', LGBMClassifier(n_jobs=-1, random_state=321))]), probability_threshold=None, encoded_labels=False, raw_score=False, round=4, verbose=True, ml_usecase=None, preprocess=True, encode_labels=<function _SupervisedExperiment.predict_model.<locals>.encode_labels at 0x00000200DFD4F910>)
2025-04-22 00:28:04,819:INFO:Checking exceptions
2025-04-22 00:28:04,819:INFO:Preloading libraries
2025-04-22 00:28:04,819:INFO:Set up data.
2025-04-22 00:28:04,819:INFO:Set up index.
2025-04-22 00:28:10,290:WARNING:C:\Users\Administrator\Desktop\phishing detector project\.venv\lib\site-packages\sklearn\base.py:376: InconsistentVersionWarning: Trying to unpickle estimator PCA from version 1.2.2 when using version 1.4.2. This might lead to breaking code or invalid results. Use at your own risk. For more info please refer to:
https://scikit-learn.org/stable/model_persistence.html#security-maintainability-limitations
  warnings.warn(

2025-04-22 00:28:10,290:INFO:Initializing predict_model()
2025-04-22 00:28:10,290:INFO:predict_model(self=<pycaret.classification.oop.ClassificationExperiment object at 0x00000200DFE19030>, estimator=Pipeline(memory=FastMemory(location=/tmp/joblib),
         steps=[('numerical_imputer',
                 TransformerWrapper(include=['domain_att', 'URL_Length',
                                             'URL_Depth'],
                                    transformer=SimpleImputer())),
                ('categorical_imputer',
                 TransformerWrapper(include=[],
                                    transformer=SimpleImputer(strategy='most_frequent'))),
                ('transformation',
                 TransformerWrapper(transformer=PowerTransformer(standardize=False))),
                ('normalize', TransformerWrapper(transformer=StandardScaler())),
                ('clean_column_names',
                 TransformerWrapper(transformer=CleanColumnNames())),
                ('trained_model', LGBMClassifier(n_jobs=-1, random_state=321))]), probability_threshold=None, encoded_labels=False, raw_score=False, round=4, verbose=True, ml_usecase=None, preprocess=True, encode_labels=<function _SupervisedExperiment.predict_model.<locals>.encode_labels at 0x00000200DFD4F7F0>)
2025-04-22 00:28:10,290:INFO:Checking exceptions
2025-04-22 00:28:10,290:INFO:Preloading libraries
2025-04-22 00:28:10,290:INFO:Set up data.
2025-04-22 00:28:10,290:INFO:Set up index.
2025-04-22 00:28:13,762:WARNING:C:\Users\Administrator\Desktop\phishing detector project\.venv\lib\site-packages\sklearn\base.py:376: InconsistentVersionWarning: Trying to unpickle estimator PCA from version 1.2.2 when using version 1.4.2. This might lead to breaking code or invalid results. Use at your own risk. For more info please refer to:
https://scikit-learn.org/stable/model_persistence.html#security-maintainability-limitations
  warnings.warn(

2025-04-22 00:28:13,780:INFO:Initializing predict_model()
2025-04-22 00:28:13,780:INFO:predict_model(self=<pycaret.classification.oop.ClassificationExperiment object at 0x00000200DFE1B3A0>, estimator=Pipeline(memory=FastMemory(location=/tmp/joblib),
         steps=[('numerical_imputer',
                 TransformerWrapper(include=['domain_att', 'URL_Length',
                                             'URL_Depth'],
                                    transformer=SimpleImputer())),
                ('categorical_imputer',
                 TransformerWrapper(include=[],
                                    transformer=SimpleImputer(strategy='most_frequent'))),
                ('transformation',
                 TransformerWrapper(transformer=PowerTransformer(standardize=False))),
                ('normalize', TransformerWrapper(transformer=StandardScaler())),
                ('clean_column_names',
                 TransformerWrapper(transformer=CleanColumnNames())),
                ('trained_model', LGBMClassifier(n_jobs=-1, random_state=321))]), probability_threshold=None, encoded_labels=False, raw_score=False, round=4, verbose=True, ml_usecase=None, preprocess=True, encode_labels=<function _SupervisedExperiment.predict_model.<locals>.encode_labels at 0x00000200DFD4F7F0>)
2025-04-22 00:28:13,780:INFO:Checking exceptions
2025-04-22 00:28:13,780:INFO:Preloading libraries
2025-04-22 00:28:13,780:INFO:Set up data.
2025-04-22 00:28:13,780:INFO:Set up index.
2025-04-22 00:28:17,390:WARNING:C:\Users\Administrator\Desktop\phishing detector project\.venv\lib\site-packages\sklearn\base.py:376: InconsistentVersionWarning: Trying to unpickle estimator PCA from version 1.2.2 when using version 1.4.2. This might lead to breaking code or invalid results. Use at your own risk. For more info please refer to:
https://scikit-learn.org/stable/model_persistence.html#security-maintainability-limitations
  warnings.warn(

2025-04-22 00:28:17,400:INFO:Initializing predict_model()
2025-04-22 00:28:17,400:INFO:predict_model(self=<pycaret.classification.oop.ClassificationExperiment object at 0x00000200DFE1A920>, estimator=Pipeline(memory=FastMemory(location=/tmp/joblib),
         steps=[('numerical_imputer',
                 TransformerWrapper(include=['domain_att', 'URL_Length',
                                             'URL_Depth'],
                                    transformer=SimpleImputer())),
                ('categorical_imputer',
                 TransformerWrapper(include=[],
                                    transformer=SimpleImputer(strategy='most_frequent'))),
                ('transformation',
                 TransformerWrapper(transformer=PowerTransformer(standardize=False))),
                ('normalize', TransformerWrapper(transformer=StandardScaler())),
                ('clean_column_names',
                 TransformerWrapper(transformer=CleanColumnNames())),
                ('trained_model', LGBMClassifier(n_jobs=-1, random_state=321))]), probability_threshold=None, encoded_labels=False, raw_score=False, round=4, verbose=True, ml_usecase=None, preprocess=True, encode_labels=<function _SupervisedExperiment.predict_model.<locals>.encode_labels at 0x00000200DFD4ECB0>)
2025-04-22 00:28:17,400:INFO:Checking exceptions
2025-04-22 00:28:17,400:INFO:Preloading libraries
2025-04-22 00:28:17,401:INFO:Set up data.
2025-04-22 00:28:17,406:INFO:Set up index.
2025-04-22 00:28:19,863:WARNING:C:\Users\Administrator\Desktop\phishing detector project\.venv\lib\site-packages\sklearn\base.py:376: InconsistentVersionWarning: Trying to unpickle estimator PCA from version 1.2.2 when using version 1.4.2. This might lead to breaking code or invalid results. Use at your own risk. For more info please refer to:
https://scikit-learn.org/stable/model_persistence.html#security-maintainability-limitations
  warnings.warn(

2025-04-22 00:28:19,880:INFO:Initializing predict_model()
2025-04-22 00:28:19,880:INFO:predict_model(self=<pycaret.classification.oop.ClassificationExperiment object at 0x00000200DFE19330>, estimator=Pipeline(memory=FastMemory(location=/tmp/joblib),
         steps=[('numerical_imputer',
                 TransformerWrapper(include=['domain_att', 'URL_Length',
                                             'URL_Depth'],
                                    transformer=SimpleImputer())),
                ('categorical_imputer',
                 TransformerWrapper(include=[],
                                    transformer=SimpleImputer(strategy='most_frequent'))),
                ('transformation',
                 TransformerWrapper(transformer=PowerTransformer(standardize=False))),
                ('normalize', TransformerWrapper(transformer=StandardScaler())),
                ('clean_column_names',
                 TransformerWrapper(transformer=CleanColumnNames())),
                ('trained_model', LGBMClassifier(n_jobs=-1, random_state=321))]), probability_threshold=None, encoded_labels=False, raw_score=False, round=4, verbose=True, ml_usecase=None, preprocess=True, encode_labels=<function _SupervisedExperiment.predict_model.<locals>.encode_labels at 0x00000200DFD4EDD0>)
2025-04-22 00:28:19,880:INFO:Checking exceptions
2025-04-22 00:28:19,880:INFO:Preloading libraries
2025-04-22 00:28:19,880:INFO:Set up data.
2025-04-22 00:28:19,880:INFO:Set up index.
2025-04-22 00:28:29,401:WARNING:C:\Users\Administrator\Desktop\phishing detector project\.venv\lib\site-packages\sklearn\base.py:376: InconsistentVersionWarning: Trying to unpickle estimator PCA from version 1.2.2 when using version 1.4.2. This might lead to breaking code or invalid results. Use at your own risk. For more info please refer to:
https://scikit-learn.org/stable/model_persistence.html#security-maintainability-limitations
  warnings.warn(

2025-04-22 00:28:29,417:INFO:Initializing predict_model()
2025-04-22 00:28:29,417:INFO:predict_model(self=<pycaret.classification.oop.ClassificationExperiment object at 0x00000200DFE18AC0>, estimator=Pipeline(memory=FastMemory(location=/tmp/joblib),
         steps=[('numerical_imputer',
                 TransformerWrapper(include=['domain_att', 'URL_Length',
                                             'URL_Depth'],
                                    transformer=SimpleImputer())),
                ('categorical_imputer',
                 TransformerWrapper(include=[],
                                    transformer=SimpleImputer(strategy='most_frequent'))),
                ('transformation',
                 TransformerWrapper(transformer=PowerTransformer(standardize=False))),
                ('normalize', TransformerWrapper(transformer=StandardScaler())),
                ('clean_column_names',
                 TransformerWrapper(transformer=CleanColumnNames())),
                ('trained_model', LGBMClassifier(n_jobs=-1, random_state=321))]), probability_threshold=None, encoded_labels=False, raw_score=False, round=4, verbose=True, ml_usecase=None, preprocess=True, encode_labels=<function _SupervisedExperiment.predict_model.<locals>.encode_labels at 0x00000200DFD4E560>)
2025-04-22 00:28:29,417:INFO:Checking exceptions
2025-04-22 00:28:29,417:INFO:Preloading libraries
2025-04-22 00:28:29,417:INFO:Set up data.
2025-04-22 00:28:29,417:INFO:Set up index.
2025-04-22 00:28:33,190:WARNING:C:\Users\Administrator\Desktop\phishing detector project\.venv\lib\site-packages\sklearn\base.py:376: InconsistentVersionWarning: Trying to unpickle estimator PCA from version 1.2.2 when using version 1.4.2. This might lead to breaking code or invalid results. Use at your own risk. For more info please refer to:
https://scikit-learn.org/stable/model_persistence.html#security-maintainability-limitations
  warnings.warn(

2025-04-22 00:28:33,206:INFO:Initializing predict_model()
2025-04-22 00:28:33,206:INFO:predict_model(self=<pycaret.classification.oop.ClassificationExperiment object at 0x00000200DFE193F0>, estimator=Pipeline(memory=FastMemory(location=/tmp/joblib),
         steps=[('numerical_imputer',
                 TransformerWrapper(include=['domain_att', 'URL_Length',
                                             'URL_Depth'],
                                    transformer=SimpleImputer())),
                ('categorical_imputer',
                 TransformerWrapper(include=[],
                                    transformer=SimpleImputer(strategy='most_frequent'))),
                ('transformation',
                 TransformerWrapper(transformer=PowerTransformer(standardize=False))),
                ('normalize', TransformerWrapper(transformer=StandardScaler())),
                ('clean_column_names',
                 TransformerWrapper(transformer=CleanColumnNames())),
                ('trained_model', LGBMClassifier(n_jobs=-1, random_state=321))]), probability_threshold=None, encoded_labels=False, raw_score=False, round=4, verbose=True, ml_usecase=None, preprocess=True, encode_labels=<function _SupervisedExperiment.predict_model.<locals>.encode_labels at 0x00000200DFD4E560>)
2025-04-22 00:28:33,206:INFO:Checking exceptions
2025-04-22 00:28:33,206:INFO:Preloading libraries
2025-04-22 00:28:33,206:INFO:Set up data.
2025-04-22 00:28:33,206:INFO:Set up index.
2025-04-22 00:28:36,339:WARNING:C:\Users\Administrator\Desktop\phishing detector project\.venv\lib\site-packages\sklearn\base.py:376: InconsistentVersionWarning: Trying to unpickle estimator PCA from version 1.2.2 when using version 1.4.2. This might lead to breaking code or invalid results. Use at your own risk. For more info please refer to:
https://scikit-learn.org/stable/model_persistence.html#security-maintainability-limitations
  warnings.warn(

2025-04-22 00:28:36,362:INFO:Initializing predict_model()
2025-04-22 00:28:36,362:INFO:predict_model(self=<pycaret.classification.oop.ClassificationExperiment object at 0x00000200DFE1AE00>, estimator=Pipeline(memory=FastMemory(location=/tmp/joblib),
         steps=[('numerical_imputer',
                 TransformerWrapper(include=['domain_att', 'URL_Length',
                                             'URL_Depth'],
                                    transformer=SimpleImputer())),
                ('categorical_imputer',
                 TransformerWrapper(include=[],
                                    transformer=SimpleImputer(strategy='most_frequent'))),
                ('transformation',
                 TransformerWrapper(transformer=PowerTransformer(standardize=False))),
                ('normalize', TransformerWrapper(transformer=StandardScaler())),
                ('clean_column_names',
                 TransformerWrapper(transformer=CleanColumnNames())),
                ('trained_model', LGBMClassifier(n_jobs=-1, random_state=321))]), probability_threshold=None, encoded_labels=False, raw_score=False, round=4, verbose=True, ml_usecase=None, preprocess=True, encode_labels=<function _SupervisedExperiment.predict_model.<locals>.encode_labels at 0x00000200DFD4ECB0>)
2025-04-22 00:28:36,362:INFO:Checking exceptions
2025-04-22 00:28:36,362:INFO:Preloading libraries
2025-04-22 00:28:36,362:INFO:Set up data.
2025-04-22 00:28:36,374:INFO:Set up index.
2025-04-22 00:28:39,568:WARNING:C:\Users\Administrator\Desktop\phishing detector project\.venv\lib\site-packages\sklearn\base.py:376: InconsistentVersionWarning: Trying to unpickle estimator PCA from version 1.2.2 when using version 1.4.2. This might lead to breaking code or invalid results. Use at your own risk. For more info please refer to:
https://scikit-learn.org/stable/model_persistence.html#security-maintainability-limitations
  warnings.warn(

2025-04-22 00:28:39,587:INFO:Initializing predict_model()
2025-04-22 00:28:39,587:INFO:predict_model(self=<pycaret.classification.oop.ClassificationExperiment object at 0x00000200DFE19150>, estimator=Pipeline(memory=FastMemory(location=/tmp/joblib),
         steps=[('numerical_imputer',
                 TransformerWrapper(include=['domain_att', 'URL_Length',
                                             'URL_Depth'],
                                    transformer=SimpleImputer())),
                ('categorical_imputer',
                 TransformerWrapper(include=[],
                                    transformer=SimpleImputer(strategy='most_frequent'))),
                ('transformation',
                 TransformerWrapper(transformer=PowerTransformer(standardize=False))),
                ('normalize', TransformerWrapper(transformer=StandardScaler())),
                ('clean_column_names',
                 TransformerWrapper(transformer=CleanColumnNames())),
                ('trained_model', LGBMClassifier(n_jobs=-1, random_state=321))]), probability_threshold=None, encoded_labels=False, raw_score=False, round=4, verbose=True, ml_usecase=None, preprocess=True, encode_labels=<function _SupervisedExperiment.predict_model.<locals>.encode_labels at 0x00000200DFD4ECB0>)
2025-04-22 00:28:39,587:INFO:Checking exceptions
2025-04-22 00:28:39,587:INFO:Preloading libraries
2025-04-22 00:28:39,587:INFO:Set up data.
2025-04-22 00:28:39,591:INFO:Set up index.
2025-04-22 00:28:43,436:WARNING:C:\Users\Administrator\Desktop\phishing detector project\.venv\lib\site-packages\sklearn\base.py:376: InconsistentVersionWarning: Trying to unpickle estimator PCA from version 1.2.2 when using version 1.4.2. This might lead to breaking code or invalid results. Use at your own risk. For more info please refer to:
https://scikit-learn.org/stable/model_persistence.html#security-maintainability-limitations
  warnings.warn(

2025-04-22 00:28:43,449:INFO:Initializing predict_model()
2025-04-22 00:28:43,449:INFO:predict_model(self=<pycaret.classification.oop.ClassificationExperiment object at 0x00000200DFE18D90>, estimator=Pipeline(memory=FastMemory(location=/tmp/joblib),
         steps=[('numerical_imputer',
                 TransformerWrapper(include=['domain_att', 'URL_Length',
                                             'URL_Depth'],
                                    transformer=SimpleImputer())),
                ('categorical_imputer',
                 TransformerWrapper(include=[],
                                    transformer=SimpleImputer(strategy='most_frequent'))),
                ('transformation',
                 TransformerWrapper(transformer=PowerTransformer(standardize=False))),
                ('normalize', TransformerWrapper(transformer=StandardScaler())),
                ('clean_column_names',
                 TransformerWrapper(transformer=CleanColumnNames())),
                ('trained_model', LGBMClassifier(n_jobs=-1, random_state=321))]), probability_threshold=None, encoded_labels=False, raw_score=False, round=4, verbose=True, ml_usecase=None, preprocess=True, encode_labels=<function _SupervisedExperiment.predict_model.<locals>.encode_labels at 0x00000200DFD4E4D0>)
2025-04-22 00:28:43,449:INFO:Checking exceptions
2025-04-22 00:28:43,449:INFO:Preloading libraries
2025-04-22 00:28:43,450:INFO:Set up data.
2025-04-22 00:28:43,455:INFO:Set up index.
2025-04-22 00:28:43,690:WARNING:C:\Users\Administrator\Desktop\phishing detector project\.venv\lib\site-packages\sklearn\base.py:376: InconsistentVersionWarning: Trying to unpickle estimator PCA from version 1.2.2 when using version 1.4.2. This might lead to breaking code or invalid results. Use at your own risk. For more info please refer to:
https://scikit-learn.org/stable/model_persistence.html#security-maintainability-limitations
  warnings.warn(

2025-04-22 00:28:43,724:INFO:Initializing predict_model()
2025-04-22 00:28:43,724:INFO:predict_model(self=<pycaret.classification.oop.ClassificationExperiment object at 0x00000200BA5B5480>, estimator=Pipeline(memory=FastMemory(location=/tmp/joblib),
         steps=[('numerical_imputer',
                 TransformerWrapper(include=['domain_att', 'URL_Length',
                                             'URL_Depth'],
                                    transformer=SimpleImputer())),
                ('categorical_imputer',
                 TransformerWrapper(include=[],
                                    transformer=SimpleImputer(strategy='most_frequent'))),
                ('transformation',
                 TransformerWrapper(transformer=PowerTransformer(standardize=False))),
                ('normalize', TransformerWrapper(transformer=StandardScaler())),
                ('clean_column_names',
                 TransformerWrapper(transformer=CleanColumnNames())),
                ('trained_model', LGBMClassifier(n_jobs=-1, random_state=321))]), probability_threshold=None, encoded_labels=False, raw_score=False, round=4, verbose=True, ml_usecase=None, preprocess=True, encode_labels=<function _SupervisedExperiment.predict_model.<locals>.encode_labels at 0x00000200DD05FA30>)
2025-04-22 00:28:43,724:INFO:Checking exceptions
2025-04-22 00:28:43,724:INFO:Preloading libraries
2025-04-22 00:28:43,724:INFO:Set up data.
2025-04-22 00:28:43,724:INFO:Set up index.
2025-04-22 00:28:46,318:WARNING:C:\Users\Administrator\Desktop\phishing detector project\.venv\lib\site-packages\sklearn\base.py:376: InconsistentVersionWarning: Trying to unpickle estimator PCA from version 1.2.2 when using version 1.4.2. This might lead to breaking code or invalid results. Use at your own risk. For more info please refer to:
https://scikit-learn.org/stable/model_persistence.html#security-maintainability-limitations
  warnings.warn(

2025-04-22 00:28:46,319:INFO:Initializing predict_model()
2025-04-22 00:28:46,319:INFO:predict_model(self=<pycaret.classification.oop.ClassificationExperiment object at 0x00000200DFE1B0A0>, estimator=Pipeline(memory=FastMemory(location=/tmp/joblib),
         steps=[('numerical_imputer',
                 TransformerWrapper(include=['domain_att', 'URL_Length',
                                             'URL_Depth'],
                                    transformer=SimpleImputer())),
                ('categorical_imputer',
                 TransformerWrapper(include=[],
                                    transformer=SimpleImputer(strategy='most_frequent'))),
                ('transformation',
                 TransformerWrapper(transformer=PowerTransformer(standardize=False))),
                ('normalize', TransformerWrapper(transformer=StandardScaler())),
                ('clean_column_names',
                 TransformerWrapper(transformer=CleanColumnNames())),
                ('trained_model', LGBMClassifier(n_jobs=-1, random_state=321))]), probability_threshold=None, encoded_labels=False, raw_score=False, round=4, verbose=True, ml_usecase=None, preprocess=True, encode_labels=<function _SupervisedExperiment.predict_model.<locals>.encode_labels at 0x00000200DFD4E560>)
2025-04-22 00:28:46,319:INFO:Checking exceptions
2025-04-22 00:28:46,319:INFO:Preloading libraries
2025-04-22 00:28:46,319:INFO:Set up data.
2025-04-22 00:28:46,319:INFO:Set up index.
2025-04-22 00:34:52,648:WARNING:C:\Users\Administrator\Desktop\phishing detector project\.venv\lib\site-packages\sklearn\base.py:376: InconsistentVersionWarning: Trying to unpickle estimator PCA from version 1.2.2 when using version 1.4.2. This might lead to breaking code or invalid results. Use at your own risk. For more info please refer to:
https://scikit-learn.org/stable/model_persistence.html#security-maintainability-limitations
  warnings.warn(

2025-04-22 00:34:52,658:INFO:Initializing predict_model()
2025-04-22 00:34:52,658:INFO:predict_model(self=<pycaret.classification.oop.ClassificationExperiment object at 0x00000200DFE184F0>, estimator=Pipeline(memory=FastMemory(location=/tmp/joblib),
         steps=[('numerical_imputer',
                 TransformerWrapper(include=['domain_att', 'URL_Length',
                                             'URL_Depth'],
                                    transformer=SimpleImputer())),
                ('categorical_imputer',
                 TransformerWrapper(include=[],
                                    transformer=SimpleImputer(strategy='most_frequent'))),
                ('transformation',
                 TransformerWrapper(transformer=PowerTransformer(standardize=False))),
                ('normalize', TransformerWrapper(transformer=StandardScaler())),
                ('clean_column_names',
                 TransformerWrapper(transformer=CleanColumnNames())),
                ('trained_model', LGBMClassifier(n_jobs=-1, random_state=321))]), probability_threshold=None, encoded_labels=False, raw_score=False, round=4, verbose=True, ml_usecase=None, preprocess=True, encode_labels=<function _SupervisedExperiment.predict_model.<locals>.encode_labels at 0x00000200DFD4F9A0>)
2025-04-22 00:34:52,658:INFO:Checking exceptions
2025-04-22 00:34:52,658:INFO:Preloading libraries
2025-04-22 00:34:52,659:INFO:Set up data.
2025-04-22 00:34:52,661:INFO:Set up index.
2025-04-22 00:35:00,451:WARNING:C:\Users\Administrator\Desktop\phishing detector project\.venv\lib\site-packages\sklearn\base.py:376: InconsistentVersionWarning: Trying to unpickle estimator PCA from version 1.2.2 when using version 1.4.2. This might lead to breaking code or invalid results. Use at your own risk. For more info please refer to:
https://scikit-learn.org/stable/model_persistence.html#security-maintainability-limitations
  warnings.warn(

2025-04-22 00:35:00,451:INFO:Initializing predict_model()
2025-04-22 00:35:00,451:INFO:predict_model(self=<pycaret.classification.oop.ClassificationExperiment object at 0x00000200DFE1D9C0>, estimator=Pipeline(memory=FastMemory(location=/tmp/joblib),
         steps=[('numerical_imputer',
                 TransformerWrapper(include=['domain_att', 'URL_Length',
                                             'URL_Depth'],
                                    transformer=SimpleImputer())),
                ('categorical_imputer',
                 TransformerWrapper(include=[],
                                    transformer=SimpleImputer(strategy='most_frequent'))),
                ('transformation',
                 TransformerWrapper(transformer=PowerTransformer(standardize=False))),
                ('normalize', TransformerWrapper(transformer=StandardScaler())),
                ('clean_column_names',
                 TransformerWrapper(transformer=CleanColumnNames())),
                ('trained_model', LGBMClassifier(n_jobs=-1, random_state=321))]), probability_threshold=None, encoded_labels=False, raw_score=False, round=4, verbose=True, ml_usecase=None, preprocess=True, encode_labels=<function _SupervisedExperiment.predict_model.<locals>.encode_labels at 0x00000200DFD4E290>)
2025-04-22 00:35:00,451:INFO:Checking exceptions
2025-04-22 00:35:00,451:INFO:Preloading libraries
2025-04-22 00:35:00,451:INFO:Set up data.
2025-04-22 00:35:00,451:INFO:Set up index.
2025-04-22 00:35:03,379:WARNING:C:\Users\Administrator\Desktop\phishing detector project\.venv\lib\site-packages\sklearn\base.py:376: InconsistentVersionWarning: Trying to unpickle estimator PCA from version 1.2.2 when using version 1.4.2. This might lead to breaking code or invalid results. Use at your own risk. For more info please refer to:
https://scikit-learn.org/stable/model_persistence.html#security-maintainability-limitations
  warnings.warn(

2025-04-22 00:35:03,396:INFO:Initializing predict_model()
2025-04-22 00:35:03,396:INFO:predict_model(self=<pycaret.classification.oop.ClassificationExperiment object at 0x00000200DFE1FE20>, estimator=Pipeline(memory=FastMemory(location=/tmp/joblib),
         steps=[('numerical_imputer',
                 TransformerWrapper(include=['domain_att', 'URL_Length',
                                             'URL_Depth'],
                                    transformer=SimpleImputer())),
                ('categorical_imputer',
                 TransformerWrapper(include=[],
                                    transformer=SimpleImputer(strategy='most_frequent'))),
                ('transformation',
                 TransformerWrapper(transformer=PowerTransformer(standardize=False))),
                ('normalize', TransformerWrapper(transformer=StandardScaler())),
                ('clean_column_names',
                 TransformerWrapper(transformer=CleanColumnNames())),
                ('trained_model', LGBMClassifier(n_jobs=-1, random_state=321))]), probability_threshold=None, encoded_labels=False, raw_score=False, round=4, verbose=True, ml_usecase=None, preprocess=True, encode_labels=<function _SupervisedExperiment.predict_model.<locals>.encode_labels at 0x00000200DFD4E4D0>)
2025-04-22 00:35:03,396:INFO:Checking exceptions
2025-04-22 00:35:03,396:INFO:Preloading libraries
2025-04-22 00:35:03,396:INFO:Set up data.
2025-04-22 00:35:03,396:INFO:Set up index.
2025-04-22 00:35:19,679:WARNING:C:\Users\Administrator\Desktop\phishing detector project\.venv\lib\site-packages\sklearn\base.py:376: InconsistentVersionWarning: Trying to unpickle estimator PCA from version 1.2.2 when using version 1.4.2. This might lead to breaking code or invalid results. Use at your own risk. For more info please refer to:
https://scikit-learn.org/stable/model_persistence.html#security-maintainability-limitations
  warnings.warn(

2025-04-22 00:35:19,687:INFO:Initializing predict_model()
2025-04-22 00:35:19,687:INFO:predict_model(self=<pycaret.classification.oop.ClassificationExperiment object at 0x00000200DFE1D060>, estimator=Pipeline(memory=FastMemory(location=/tmp/joblib),
         steps=[('numerical_imputer',
                 TransformerWrapper(include=['domain_att', 'URL_Length',
                                             'URL_Depth'],
                                    transformer=SimpleImputer())),
                ('categorical_imputer',
                 TransformerWrapper(include=[],
                                    transformer=SimpleImputer(strategy='most_frequent'))),
                ('transformation',
                 TransformerWrapper(transformer=PowerTransformer(standardize=False))),
                ('normalize', TransformerWrapper(transformer=StandardScaler())),
                ('clean_column_names',
                 TransformerWrapper(transformer=CleanColumnNames())),
                ('trained_model', LGBMClassifier(n_jobs=-1, random_state=321))]), probability_threshold=None, encoded_labels=False, raw_score=False, round=4, verbose=True, ml_usecase=None, preprocess=True, encode_labels=<function _SupervisedExperiment.predict_model.<locals>.encode_labels at 0x00000200DFD4FB50>)
2025-04-22 00:35:19,687:INFO:Checking exceptions
2025-04-22 00:35:19,687:INFO:Preloading libraries
2025-04-22 00:35:19,687:INFO:Set up data.
2025-04-22 00:35:19,691:INFO:Set up index.
2025-04-22 00:35:27,709:WARNING:C:\Users\Administrator\Desktop\phishing detector project\.venv\lib\site-packages\sklearn\base.py:376: InconsistentVersionWarning: Trying to unpickle estimator PCA from version 1.2.2 when using version 1.4.2. This might lead to breaking code or invalid results. Use at your own risk. For more info please refer to:
https://scikit-learn.org/stable/model_persistence.html#security-maintainability-limitations
  warnings.warn(

2025-04-22 00:35:27,724:INFO:Initializing predict_model()
2025-04-22 00:35:27,724:INFO:predict_model(self=<pycaret.classification.oop.ClassificationExperiment object at 0x00000200DFD909D0>, estimator=Pipeline(memory=FastMemory(location=/tmp/joblib),
         steps=[('numerical_imputer',
                 TransformerWrapper(include=['domain_att', 'URL_Length',
                                             'URL_Depth'],
                                    transformer=SimpleImputer())),
                ('categorical_imputer',
                 TransformerWrapper(include=[],
                                    transformer=SimpleImputer(strategy='most_frequent'))),
                ('transformation',
                 TransformerWrapper(transformer=PowerTransformer(standardize=False))),
                ('normalize', TransformerWrapper(transformer=StandardScaler())),
                ('clean_column_names',
                 TransformerWrapper(transformer=CleanColumnNames())),
                ('trained_model', LGBMClassifier(n_jobs=-1, random_state=321))]), probability_threshold=None, encoded_labels=False, raw_score=False, round=4, verbose=True, ml_usecase=None, preprocess=True, encode_labels=<function _SupervisedExperiment.predict_model.<locals>.encode_labels at 0x00000200DFD4FB50>)
2025-04-22 00:35:27,724:INFO:Checking exceptions
2025-04-22 00:35:27,724:INFO:Preloading libraries
2025-04-22 00:35:27,725:INFO:Set up data.
2025-04-22 00:35:27,725:INFO:Set up index.
2025-04-22 00:36:04,784:WARNING:C:\Users\Administrator\Desktop\phishing detector project\.venv\lib\site-packages\sklearn\base.py:376: InconsistentVersionWarning: Trying to unpickle estimator PCA from version 1.2.2 when using version 1.4.2. This might lead to breaking code or invalid results. Use at your own risk. For more info please refer to:
https://scikit-learn.org/stable/model_persistence.html#security-maintainability-limitations
  warnings.warn(

2025-04-22 00:36:04,796:INFO:Initializing predict_model()
2025-04-22 00:36:04,796:INFO:predict_model(self=<pycaret.classification.oop.ClassificationExperiment object at 0x00000200DFD90C10>, estimator=Pipeline(memory=FastMemory(location=/tmp/joblib),
         steps=[('numerical_imputer',
                 TransformerWrapper(include=['domain_att', 'URL_Length',
                                             'URL_Depth'],
                                    transformer=SimpleImputer())),
                ('categorical_imputer',
                 TransformerWrapper(include=[],
                                    transformer=SimpleImputer(strategy='most_frequent'))),
                ('transformation',
                 TransformerWrapper(transformer=PowerTransformer(standardize=False))),
                ('normalize', TransformerWrapper(transformer=StandardScaler())),
                ('clean_column_names',
                 TransformerWrapper(transformer=CleanColumnNames())),
                ('trained_model', LGBMClassifier(n_jobs=-1, random_state=321))]), probability_threshold=None, encoded_labels=False, raw_score=False, round=4, verbose=True, ml_usecase=None, preprocess=True, encode_labels=<function _SupervisedExperiment.predict_model.<locals>.encode_labels at 0x00000200DFD4E560>)
2025-04-22 00:36:04,796:INFO:Checking exceptions
2025-04-22 00:36:04,796:INFO:Preloading libraries
2025-04-22 00:36:04,796:INFO:Set up data.
2025-04-22 00:36:04,800:INFO:Set up index.
2025-04-22 00:36:30,402:WARNING:C:\Users\Administrator\Desktop\phishing detector project\.venv\lib\site-packages\sklearn\base.py:376: InconsistentVersionWarning: Trying to unpickle estimator PCA from version 1.2.2 when using version 1.4.2. This might lead to breaking code or invalid results. Use at your own risk. For more info please refer to:
https://scikit-learn.org/stable/model_persistence.html#security-maintainability-limitations
  warnings.warn(

2025-04-22 00:36:30,418:INFO:Initializing predict_model()
2025-04-22 00:36:30,418:INFO:predict_model(self=<pycaret.classification.oop.ClassificationExperiment object at 0x00000200DFE1F9D0>, estimator=Pipeline(memory=FastMemory(location=/tmp/joblib),
         steps=[('numerical_imputer',
                 TransformerWrapper(include=['domain_att', 'URL_Length',
                                             'URL_Depth'],
                                    transformer=SimpleImputer())),
                ('categorical_imputer',
                 TransformerWrapper(include=[],
                                    transformer=SimpleImputer(strategy='most_frequent'))),
                ('transformation',
                 TransformerWrapper(transformer=PowerTransformer(standardize=False))),
                ('normalize', TransformerWrapper(transformer=StandardScaler())),
                ('clean_column_names',
                 TransformerWrapper(transformer=CleanColumnNames())),
                ('trained_model', LGBMClassifier(n_jobs=-1, random_state=321))]), probability_threshold=None, encoded_labels=False, raw_score=False, round=4, verbose=True, ml_usecase=None, preprocess=True, encode_labels=<function _SupervisedExperiment.predict_model.<locals>.encode_labels at 0x00000200DFD4FB50>)
2025-04-22 00:36:30,418:INFO:Checking exceptions
2025-04-22 00:36:30,418:INFO:Preloading libraries
2025-04-22 00:36:30,418:INFO:Set up data.
2025-04-22 00:36:30,418:INFO:Set up index.
2025-04-22 00:59:21,885:WARNING:
'cuml' is a soft dependency and not included in the pycaret installation. Please run: `pip install cuml` to install.
2025-04-22 00:59:21,885:WARNING:
'cuml' is a soft dependency and not included in the pycaret installation. Please run: `pip install cuml` to install.
2025-04-22 00:59:21,885:WARNING:
'cuml' is a soft dependency and not included in the pycaret installation. Please run: `pip install cuml` to install.
2025-04-22 00:59:21,885:WARNING:
'cuml' is a soft dependency and not included in the pycaret installation. Please run: `pip install cuml` to install.
2025-04-22 00:59:23,234:INFO:Initializing load_model()
2025-04-22 00:59:23,234:INFO:load_model(model_name=model/phishingdetection, platform=None, authentication=None, verbose=True)
2025-04-22 00:59:23,236:WARNING:C:\Users\Administrator\Desktop\phishing detector project\.venv\lib\site-packages\sklearn\base.py:376: InconsistentVersionWarning: Trying to unpickle estimator SimpleImputer from version 1.2.2 when using version 1.4.2. This might lead to breaking code or invalid results. Use at your own risk. For more info please refer to:
https://scikit-learn.org/stable/model_persistence.html#security-maintainability-limitations
  warnings.warn(

2025-04-22 00:59:23,238:WARNING:C:\Users\Administrator\Desktop\phishing detector project\.venv\lib\site-packages\sklearn\base.py:376: InconsistentVersionWarning: Trying to unpickle estimator PowerTransformer from version 1.2.2 when using version 1.4.2. This might lead to breaking code or invalid results. Use at your own risk. For more info please refer to:
https://scikit-learn.org/stable/model_persistence.html#security-maintainability-limitations
  warnings.warn(

2025-04-22 00:59:23,238:WARNING:C:\Users\Administrator\Desktop\phishing detector project\.venv\lib\site-packages\sklearn\base.py:376: InconsistentVersionWarning: Trying to unpickle estimator StandardScaler from version 1.2.2 when using version 1.4.2. This might lead to breaking code or invalid results. Use at your own risk. For more info please refer to:
https://scikit-learn.org/stable/model_persistence.html#security-maintainability-limitations
  warnings.warn(

2025-04-22 00:59:23,274:WARNING:C:\Users\Administrator\Desktop\phishing detector project\.venv\lib\site-packages\sklearn\base.py:376: InconsistentVersionWarning: Trying to unpickle estimator LabelEncoder from version 1.2.2 when using version 1.4.2. This might lead to breaking code or invalid results. Use at your own risk. For more info please refer to:
https://scikit-learn.org/stable/model_persistence.html#security-maintainability-limitations
  warnings.warn(

2025-04-22 00:59:23,284:WARNING:C:\Users\Administrator\Desktop\phishing detector project\.venv\lib\site-packages\pycaret\internal\pipeline.py:146: UserWarning: Version mismatch:
current: {'deps_info': {'pip': '25.0.1', 'setuptools': '65.5.0', 'pycaret': '3.3.1', 'IPython': '8.23.0', 'ipywidgets': '8.1.2', 'tqdm': '4.66.2', 'numpy': '1.26.4', 'pandas': '2.1.4', 'jinja2': '3.1.3', 'scipy': '1.11.4', 'joblib': '1.3.2', 'sklearn': '1.4.2', 'pyod': '1.1.3', 'imblearn': '0.12.2', 'category_encoders': '2.6.3', 'lightgbm': '4.3.0', 'numba': '0.59.1', 'requests': '2.31.0', 'matplotlib': '3.7.5', 'scikitplot': '0.3.7', 'yellowbrick': '1.5', 'plotly': '5.21.0', 'plotly-resampler': 'Not installed', 'kaleido': '0.2.1', 'schemdraw': '0.15', 'statsmodels': '0.14.2', 'sktime': '0.26.0', 'tbats': '1.1.3', 'pmdarima': '2.0.4', 'psutil': '5.9.8', 'markupsafe': '2.1.5', 'pickle5': 'Not installed', 'cloudpickle': '3.0.0', 'deprecation': '2.1.0', 'xxhash': '3.4.1', 'wurlitzer': 'Not installed'}, 'python': {'version': '3.10.11', 'machine': 'AMD64'}}
pickle: {'deps_info': {'pip': '23.1.2', 'setuptools': '67.7.2', 'pycaret': '3.0.4', 'IPython': '7.34.0', 'ipywidgets': '7.7.1', 'tqdm': '4.66.1', 'numpy': '1.23.5', 'pandas': '1.5.3', 'jinja2': '3.1.2', 'scipy': '1.10.1', 'joblib': '1.3.2', 'sklearn': '1.2.2', 'pyod': '1.1.0', 'imblearn': '0.10.1', 'category_encoders': '2.6.2', 'lightgbm': '4.0.0', 'numba': '0.56.4', 'requests': '2.31.0', 'matplotlib': '3.7.1', 'scikitplot': '0.3.7', 'yellowbrick': '1.5', 'plotly': '5.15.0', 'plotly-resampler': 'Not installed', 'kaleido': '0.2.1', 'schemdraw': '0.15', 'statsmodels': '0.14.0', 'sktime': '0.22.0', 'tbats': '1.1.3', 'pmdarima': '2.0.3', 'psutil': '5.9.5', 'markupsafe': '2.1.3', 'pickle5': 'Not installed', 'cloudpickle': '2.2.1', 'deprecation': '2.1.0', 'xxhash': '3.3.0', 'wurlitzer': '3.0.3'}, 'python': {'version': '3.10.12', 'machine': 'x86_64'}}
  warnings.warn(

2025-04-22 00:59:32,122:WARNING:
'cuml' is a soft dependency and not included in the pycaret installation. Please run: `pip install cuml` to install.
2025-04-22 00:59:32,122:WARNING:
'cuml' is a soft dependency and not included in the pycaret installation. Please run: `pip install cuml` to install.
2025-04-22 00:59:32,122:WARNING:
'cuml' is a soft dependency and not included in the pycaret installation. Please run: `pip install cuml` to install.
2025-04-22 00:59:32,122:WARNING:
'cuml' is a soft dependency and not included in the pycaret installation. Please run: `pip install cuml` to install.
2025-04-22 00:59:33,494:INFO:Initializing load_model()
2025-04-22 00:59:33,494:INFO:load_model(model_name=model/phishingdetection, platform=None, authentication=None, verbose=True)
2025-04-22 00:59:33,510:WARNING:C:\Users\Administrator\Desktop\phishing detector project\.venv\lib\site-packages\sklearn\base.py:376: InconsistentVersionWarning: Trying to unpickle estimator SimpleImputer from version 1.2.2 when using version 1.4.2. This might lead to breaking code or invalid results. Use at your own risk. For more info please refer to:
https://scikit-learn.org/stable/model_persistence.html#security-maintainability-limitations
  warnings.warn(

2025-04-22 00:59:33,510:WARNING:C:\Users\Administrator\Desktop\phishing detector project\.venv\lib\site-packages\sklearn\base.py:376: InconsistentVersionWarning: Trying to unpickle estimator PowerTransformer from version 1.2.2 when using version 1.4.2. This might lead to breaking code or invalid results. Use at your own risk. For more info please refer to:
https://scikit-learn.org/stable/model_persistence.html#security-maintainability-limitations
  warnings.warn(

2025-04-22 00:59:33,510:WARNING:C:\Users\Administrator\Desktop\phishing detector project\.venv\lib\site-packages\sklearn\base.py:376: InconsistentVersionWarning: Trying to unpickle estimator StandardScaler from version 1.2.2 when using version 1.4.2. This might lead to breaking code or invalid results. Use at your own risk. For more info please refer to:
https://scikit-learn.org/stable/model_persistence.html#security-maintainability-limitations
  warnings.warn(

2025-04-22 00:59:33,546:WARNING:C:\Users\Administrator\Desktop\phishing detector project\.venv\lib\site-packages\sklearn\base.py:376: InconsistentVersionWarning: Trying to unpickle estimator LabelEncoder from version 1.2.2 when using version 1.4.2. This might lead to breaking code or invalid results. Use at your own risk. For more info please refer to:
https://scikit-learn.org/stable/model_persistence.html#security-maintainability-limitations
  warnings.warn(

2025-04-22 00:59:33,554:WARNING:C:\Users\Administrator\Desktop\phishing detector project\.venv\lib\site-packages\pycaret\internal\pipeline.py:146: UserWarning: Version mismatch:
current: {'deps_info': {'pip': '25.0.1', 'setuptools': '65.5.0', 'pycaret': '3.3.1', 'IPython': '8.23.0', 'ipywidgets': '8.1.2', 'tqdm': '4.66.2', 'numpy': '1.26.4', 'pandas': '2.1.4', 'jinja2': '3.1.3', 'scipy': '1.11.4', 'joblib': '1.3.2', 'sklearn': '1.4.2', 'pyod': '1.1.3', 'imblearn': '0.12.2', 'category_encoders': '2.6.3', 'lightgbm': '4.3.0', 'numba': '0.59.1', 'requests': '2.31.0', 'matplotlib': '3.7.5', 'scikitplot': '0.3.7', 'yellowbrick': '1.5', 'plotly': '5.21.0', 'plotly-resampler': 'Not installed', 'kaleido': '0.2.1', 'schemdraw': '0.15', 'statsmodels': '0.14.2', 'sktime': '0.26.0', 'tbats': '1.1.3', 'pmdarima': '2.0.4', 'psutil': '5.9.8', 'markupsafe': '2.1.5', 'pickle5': 'Not installed', 'cloudpickle': '3.0.0', 'deprecation': '2.1.0', 'xxhash': '3.4.1', 'wurlitzer': 'Not installed'}, 'python': {'version': '3.10.11', 'machine': 'AMD64'}}
pickle: {'deps_info': {'pip': '23.1.2', 'setuptools': '67.7.2', 'pycaret': '3.0.4', 'IPython': '7.34.0', 'ipywidgets': '7.7.1', 'tqdm': '4.66.1', 'numpy': '1.23.5', 'pandas': '1.5.3', 'jinja2': '3.1.2', 'scipy': '1.10.1', 'joblib': '1.3.2', 'sklearn': '1.2.2', 'pyod': '1.1.0', 'imblearn': '0.10.1', 'category_encoders': '2.6.2', 'lightgbm': '4.0.0', 'numba': '0.56.4', 'requests': '2.31.0', 'matplotlib': '3.7.1', 'scikitplot': '0.3.7', 'yellowbrick': '1.5', 'plotly': '5.15.0', 'plotly-resampler': 'Not installed', 'kaleido': '0.2.1', 'schemdraw': '0.15', 'statsmodels': '0.14.0', 'sktime': '0.22.0', 'tbats': '1.1.3', 'pmdarima': '2.0.3', 'psutil': '5.9.5', 'markupsafe': '2.1.3', 'pickle5': 'Not installed', 'cloudpickle': '2.2.1', 'deprecation': '2.1.0', 'xxhash': '3.3.0', 'wurlitzer': '3.0.3'}, 'python': {'version': '3.10.12', 'machine': 'x86_64'}}
  warnings.warn(

2025-04-22 00:59:42,158:WARNING:
'cuml' is a soft dependency and not included in the pycaret installation. Please run: `pip install cuml` to install.
2025-04-22 00:59:42,158:WARNING:
'cuml' is a soft dependency and not included in the pycaret installation. Please run: `pip install cuml` to install.
2025-04-22 00:59:42,158:WARNING:
'cuml' is a soft dependency and not included in the pycaret installation. Please run: `pip install cuml` to install.
2025-04-22 00:59:42,158:WARNING:
'cuml' is a soft dependency and not included in the pycaret installation. Please run: `pip install cuml` to install.
2025-04-22 00:59:43,431:INFO:Initializing load_model()
2025-04-22 00:59:43,431:INFO:load_model(model_name=model/phishingdetection, platform=None, authentication=None, verbose=True)
2025-04-22 00:59:43,431:WARNING:C:\Users\Administrator\Desktop\phishing detector project\.venv\lib\site-packages\sklearn\base.py:376: InconsistentVersionWarning: Trying to unpickle estimator SimpleImputer from version 1.2.2 when using version 1.4.2. This might lead to breaking code or invalid results. Use at your own risk. For more info please refer to:
https://scikit-learn.org/stable/model_persistence.html#security-maintainability-limitations
  warnings.warn(

2025-04-22 00:59:43,431:WARNING:C:\Users\Administrator\Desktop\phishing detector project\.venv\lib\site-packages\sklearn\base.py:376: InconsistentVersionWarning: Trying to unpickle estimator PowerTransformer from version 1.2.2 when using version 1.4.2. This might lead to breaking code or invalid results. Use at your own risk. For more info please refer to:
https://scikit-learn.org/stable/model_persistence.html#security-maintainability-limitations
  warnings.warn(

2025-04-22 00:59:43,431:WARNING:C:\Users\Administrator\Desktop\phishing detector project\.venv\lib\site-packages\sklearn\base.py:376: InconsistentVersionWarning: Trying to unpickle estimator StandardScaler from version 1.2.2 when using version 1.4.2. This might lead to breaking code or invalid results. Use at your own risk. For more info please refer to:
https://scikit-learn.org/stable/model_persistence.html#security-maintainability-limitations
  warnings.warn(

2025-04-22 00:59:43,477:WARNING:C:\Users\Administrator\Desktop\phishing detector project\.venv\lib\site-packages\sklearn\base.py:376: InconsistentVersionWarning: Trying to unpickle estimator LabelEncoder from version 1.2.2 when using version 1.4.2. This might lead to breaking code or invalid results. Use at your own risk. For more info please refer to:
https://scikit-learn.org/stable/model_persistence.html#security-maintainability-limitations
  warnings.warn(

2025-04-22 00:59:43,486:WARNING:C:\Users\Administrator\Desktop\phishing detector project\.venv\lib\site-packages\pycaret\internal\pipeline.py:146: UserWarning: Version mismatch:
current: {'deps_info': {'pip': '25.0.1', 'setuptools': '65.5.0', 'pycaret': '3.3.1', 'IPython': '8.23.0', 'ipywidgets': '8.1.2', 'tqdm': '4.66.2', 'numpy': '1.26.4', 'pandas': '2.1.4', 'jinja2': '3.1.3', 'scipy': '1.11.4', 'joblib': '1.3.2', 'sklearn': '1.4.2', 'pyod': '1.1.3', 'imblearn': '0.12.2', 'category_encoders': '2.6.3', 'lightgbm': '4.3.0', 'numba': '0.59.1', 'requests': '2.31.0', 'matplotlib': '3.7.5', 'scikitplot': '0.3.7', 'yellowbrick': '1.5', 'plotly': '5.21.0', 'plotly-resampler': 'Not installed', 'kaleido': '0.2.1', 'schemdraw': '0.15', 'statsmodels': '0.14.2', 'sktime': '0.26.0', 'tbats': '1.1.3', 'pmdarima': '2.0.4', 'psutil': '5.9.8', 'markupsafe': '2.1.5', 'pickle5': 'Not installed', 'cloudpickle': '3.0.0', 'deprecation': '2.1.0', 'xxhash': '3.4.1', 'wurlitzer': 'Not installed'}, 'python': {'version': '3.10.11', 'machine': 'AMD64'}}
pickle: {'deps_info': {'pip': '23.1.2', 'setuptools': '67.7.2', 'pycaret': '3.0.4', 'IPython': '7.34.0', 'ipywidgets': '7.7.1', 'tqdm': '4.66.1', 'numpy': '1.23.5', 'pandas': '1.5.3', 'jinja2': '3.1.2', 'scipy': '1.10.1', 'joblib': '1.3.2', 'sklearn': '1.2.2', 'pyod': '1.1.0', 'imblearn': '0.10.1', 'category_encoders': '2.6.2', 'lightgbm': '4.0.0', 'numba': '0.56.4', 'requests': '2.31.0', 'matplotlib': '3.7.1', 'scikitplot': '0.3.7', 'yellowbrick': '1.5', 'plotly': '5.15.0', 'plotly-resampler': 'Not installed', 'kaleido': '0.2.1', 'schemdraw': '0.15', 'statsmodels': '0.14.0', 'sktime': '0.22.0', 'tbats': '1.1.3', 'pmdarima': '2.0.3', 'psutil': '5.9.5', 'markupsafe': '2.1.3', 'pickle5': 'Not installed', 'cloudpickle': '2.2.1', 'deprecation': '2.1.0', 'xxhash': '3.3.0', 'wurlitzer': '3.0.3'}, 'python': {'version': '3.10.12', 'machine': 'x86_64'}}
  warnings.warn(

2025-04-22 00:59:49,473:WARNING:
'cuml' is a soft dependency and not included in the pycaret installation. Please run: `pip install cuml` to install.
2025-04-22 00:59:49,473:WARNING:
'cuml' is a soft dependency and not included in the pycaret installation. Please run: `pip install cuml` to install.
2025-04-22 00:59:49,474:WARNING:
'cuml' is a soft dependency and not included in the pycaret installation. Please run: `pip install cuml` to install.
2025-04-22 00:59:49,474:WARNING:
'cuml' is a soft dependency and not included in the pycaret installation. Please run: `pip install cuml` to install.
2025-04-22 00:59:50,783:INFO:Initializing load_model()
2025-04-22 00:59:50,785:INFO:load_model(model_name=model/phishingdetection, platform=None, authentication=None, verbose=True)
2025-04-22 00:59:50,787:WARNING:C:\Users\Administrator\Desktop\phishing detector project\.venv\lib\site-packages\sklearn\base.py:376: InconsistentVersionWarning: Trying to unpickle estimator SimpleImputer from version 1.2.2 when using version 1.4.2. This might lead to breaking code or invalid results. Use at your own risk. For more info please refer to:
https://scikit-learn.org/stable/model_persistence.html#security-maintainability-limitations
  warnings.warn(

2025-04-22 00:59:50,788:WARNING:C:\Users\Administrator\Desktop\phishing detector project\.venv\lib\site-packages\sklearn\base.py:376: InconsistentVersionWarning: Trying to unpickle estimator PowerTransformer from version 1.2.2 when using version 1.4.2. This might lead to breaking code or invalid results. Use at your own risk. For more info please refer to:
https://scikit-learn.org/stable/model_persistence.html#security-maintainability-limitations
  warnings.warn(

2025-04-22 00:59:50,789:WARNING:C:\Users\Administrator\Desktop\phishing detector project\.venv\lib\site-packages\sklearn\base.py:376: InconsistentVersionWarning: Trying to unpickle estimator StandardScaler from version 1.2.2 when using version 1.4.2. This might lead to breaking code or invalid results. Use at your own risk. For more info please refer to:
https://scikit-learn.org/stable/model_persistence.html#security-maintainability-limitations
  warnings.warn(

2025-04-22 00:59:50,825:WARNING:C:\Users\Administrator\Desktop\phishing detector project\.venv\lib\site-packages\sklearn\base.py:376: InconsistentVersionWarning: Trying to unpickle estimator LabelEncoder from version 1.2.2 when using version 1.4.2. This might lead to breaking code or invalid results. Use at your own risk. For more info please refer to:
https://scikit-learn.org/stable/model_persistence.html#security-maintainability-limitations
  warnings.warn(

2025-04-22 00:59:50,835:WARNING:C:\Users\Administrator\Desktop\phishing detector project\.venv\lib\site-packages\pycaret\internal\pipeline.py:146: UserWarning: Version mismatch:
current: {'deps_info': {'pip': '25.0.1', 'setuptools': '65.5.0', 'pycaret': '3.3.1', 'IPython': '8.23.0', 'ipywidgets': '8.1.2', 'tqdm': '4.66.2', 'numpy': '1.26.4', 'pandas': '2.1.4', 'jinja2': '3.1.3', 'scipy': '1.11.4', 'joblib': '1.3.2', 'sklearn': '1.4.2', 'pyod': '1.1.3', 'imblearn': '0.12.2', 'category_encoders': '2.6.3', 'lightgbm': '4.3.0', 'numba': '0.59.1', 'requests': '2.31.0', 'matplotlib': '3.7.5', 'scikitplot': '0.3.7', 'yellowbrick': '1.5', 'plotly': '5.21.0', 'plotly-resampler': 'Not installed', 'kaleido': '0.2.1', 'schemdraw': '0.15', 'statsmodels': '0.14.2', 'sktime': '0.26.0', 'tbats': '1.1.3', 'pmdarima': '2.0.4', 'psutil': '5.9.8', 'markupsafe': '2.1.5', 'pickle5': 'Not installed', 'cloudpickle': '3.0.0', 'deprecation': '2.1.0', 'xxhash': '3.4.1', 'wurlitzer': 'Not installed'}, 'python': {'version': '3.10.11', 'machine': 'AMD64'}}
pickle: {'deps_info': {'pip': '23.1.2', 'setuptools': '67.7.2', 'pycaret': '3.0.4', 'IPython': '7.34.0', 'ipywidgets': '7.7.1', 'tqdm': '4.66.1', 'numpy': '1.23.5', 'pandas': '1.5.3', 'jinja2': '3.1.2', 'scipy': '1.10.1', 'joblib': '1.3.2', 'sklearn': '1.2.2', 'pyod': '1.1.0', 'imblearn': '0.10.1', 'category_encoders': '2.6.2', 'lightgbm': '4.0.0', 'numba': '0.56.4', 'requests': '2.31.0', 'matplotlib': '3.7.1', 'scikitplot': '0.3.7', 'yellowbrick': '1.5', 'plotly': '5.15.0', 'plotly-resampler': 'Not installed', 'kaleido': '0.2.1', 'schemdraw': '0.15', 'statsmodels': '0.14.0', 'sktime': '0.22.0', 'tbats': '1.1.3', 'pmdarima': '2.0.3', 'psutil': '5.9.5', 'markupsafe': '2.1.3', 'pickle5': 'Not installed', 'cloudpickle': '2.2.1', 'deprecation': '2.1.0', 'xxhash': '3.3.0', 'wurlitzer': '3.0.3'}, 'python': {'version': '3.10.12', 'machine': 'x86_64'}}
  warnings.warn(

2025-04-22 01:00:04,859:WARNING:
'cuml' is a soft dependency and not included in the pycaret installation. Please run: `pip install cuml` to install.
2025-04-22 01:00:04,859:WARNING:
'cuml' is a soft dependency and not included in the pycaret installation. Please run: `pip install cuml` to install.
2025-04-22 01:00:04,859:WARNING:
'cuml' is a soft dependency and not included in the pycaret installation. Please run: `pip install cuml` to install.
2025-04-22 01:00:04,859:WARNING:
'cuml' is a soft dependency and not included in the pycaret installation. Please run: `pip install cuml` to install.
2025-04-22 01:00:06,215:INFO:Initializing load_model()
2025-04-22 01:00:06,215:INFO:load_model(model_name=model/phishingdetection, platform=None, authentication=None, verbose=True)
2025-04-22 01:00:06,215:WARNING:C:\Users\Administrator\Desktop\phishing detector project\.venv\lib\site-packages\sklearn\base.py:376: InconsistentVersionWarning: Trying to unpickle estimator SimpleImputer from version 1.2.2 when using version 1.4.2. This might lead to breaking code or invalid results. Use at your own risk. For more info please refer to:
https://scikit-learn.org/stable/model_persistence.html#security-maintainability-limitations
  warnings.warn(

2025-04-22 01:00:06,215:WARNING:C:\Users\Administrator\Desktop\phishing detector project\.venv\lib\site-packages\sklearn\base.py:376: InconsistentVersionWarning: Trying to unpickle estimator PowerTransformer from version 1.2.2 when using version 1.4.2. This might lead to breaking code or invalid results. Use at your own risk. For more info please refer to:
https://scikit-learn.org/stable/model_persistence.html#security-maintainability-limitations
  warnings.warn(

2025-04-22 01:00:06,215:WARNING:C:\Users\Administrator\Desktop\phishing detector project\.venv\lib\site-packages\sklearn\base.py:376: InconsistentVersionWarning: Trying to unpickle estimator StandardScaler from version 1.2.2 when using version 1.4.2. This might lead to breaking code or invalid results. Use at your own risk. For more info please refer to:
https://scikit-learn.org/stable/model_persistence.html#security-maintainability-limitations
  warnings.warn(

2025-04-22 01:00:06,260:WARNING:C:\Users\Administrator\Desktop\phishing detector project\.venv\lib\site-packages\sklearn\base.py:376: InconsistentVersionWarning: Trying to unpickle estimator LabelEncoder from version 1.2.2 when using version 1.4.2. This might lead to breaking code or invalid results. Use at your own risk. For more info please refer to:
https://scikit-learn.org/stable/model_persistence.html#security-maintainability-limitations
  warnings.warn(

2025-04-22 01:00:06,270:WARNING:C:\Users\Administrator\Desktop\phishing detector project\.venv\lib\site-packages\pycaret\internal\pipeline.py:146: UserWarning: Version mismatch:
current: {'deps_info': {'pip': '25.0.1', 'setuptools': '65.5.0', 'pycaret': '3.3.1', 'IPython': '8.23.0', 'ipywidgets': '8.1.2', 'tqdm': '4.66.2', 'numpy': '1.26.4', 'pandas': '2.1.4', 'jinja2': '3.1.3', 'scipy': '1.11.4', 'joblib': '1.3.2', 'sklearn': '1.4.2', 'pyod': '1.1.3', 'imblearn': '0.12.2', 'category_encoders': '2.6.3', 'lightgbm': '4.3.0', 'numba': '0.59.1', 'requests': '2.31.0', 'matplotlib': '3.7.5', 'scikitplot': '0.3.7', 'yellowbrick': '1.5', 'plotly': '5.21.0', 'plotly-resampler': 'Not installed', 'kaleido': '0.2.1', 'schemdraw': '0.15', 'statsmodels': '0.14.2', 'sktime': '0.26.0', 'tbats': '1.1.3', 'pmdarima': '2.0.4', 'psutil': '5.9.8', 'markupsafe': '2.1.5', 'pickle5': 'Not installed', 'cloudpickle': '3.0.0', 'deprecation': '2.1.0', 'xxhash': '3.4.1', 'wurlitzer': 'Not installed'}, 'python': {'version': '3.10.11', 'machine': 'AMD64'}}
pickle: {'deps_info': {'pip': '23.1.2', 'setuptools': '67.7.2', 'pycaret': '3.0.4', 'IPython': '7.34.0', 'ipywidgets': '7.7.1', 'tqdm': '4.66.1', 'numpy': '1.23.5', 'pandas': '1.5.3', 'jinja2': '3.1.2', 'scipy': '1.10.1', 'joblib': '1.3.2', 'sklearn': '1.2.2', 'pyod': '1.1.0', 'imblearn': '0.10.1', 'category_encoders': '2.6.2', 'lightgbm': '4.0.0', 'numba': '0.56.4', 'requests': '2.31.0', 'matplotlib': '3.7.1', 'scikitplot': '0.3.7', 'yellowbrick': '1.5', 'plotly': '5.15.0', 'plotly-resampler': 'Not installed', 'kaleido': '0.2.1', 'schemdraw': '0.15', 'statsmodels': '0.14.0', 'sktime': '0.22.0', 'tbats': '1.1.3', 'pmdarima': '2.0.3', 'psutil': '5.9.5', 'markupsafe': '2.1.3', 'pickle5': 'Not installed', 'cloudpickle': '2.2.1', 'deprecation': '2.1.0', 'xxhash': '3.3.0', 'wurlitzer': '3.0.3'}, 'python': {'version': '3.10.12', 'machine': 'x86_64'}}
  warnings.warn(

2025-04-22 01:00:17,375:WARNING:
'cuml' is a soft dependency and not included in the pycaret installation. Please run: `pip install cuml` to install.
2025-04-22 01:00:17,375:WARNING:
'cuml' is a soft dependency and not included in the pycaret installation. Please run: `pip install cuml` to install.
2025-04-22 01:00:17,375:WARNING:
'cuml' is a soft dependency and not included in the pycaret installation. Please run: `pip install cuml` to install.
2025-04-22 01:00:17,375:WARNING:
'cuml' is a soft dependency and not included in the pycaret installation. Please run: `pip install cuml` to install.
2025-04-22 01:00:18,558:INFO:Initializing load_model()
2025-04-22 01:00:18,558:INFO:load_model(model_name=model/phishingdetection, platform=None, authentication=None, verbose=True)
2025-04-22 01:00:18,558:WARNING:C:\Users\Administrator\Desktop\phishing detector project\.venv\lib\site-packages\sklearn\base.py:376: InconsistentVersionWarning: Trying to unpickle estimator SimpleImputer from version 1.2.2 when using version 1.4.2. This might lead to breaking code or invalid results. Use at your own risk. For more info please refer to:
https://scikit-learn.org/stable/model_persistence.html#security-maintainability-limitations
  warnings.warn(

2025-04-22 01:00:18,558:WARNING:C:\Users\Administrator\Desktop\phishing detector project\.venv\lib\site-packages\sklearn\base.py:376: InconsistentVersionWarning: Trying to unpickle estimator PowerTransformer from version 1.2.2 when using version 1.4.2. This might lead to breaking code or invalid results. Use at your own risk. For more info please refer to:
https://scikit-learn.org/stable/model_persistence.html#security-maintainability-limitations
  warnings.warn(

2025-04-22 01:00:18,558:WARNING:C:\Users\Administrator\Desktop\phishing detector project\.venv\lib\site-packages\sklearn\base.py:376: InconsistentVersionWarning: Trying to unpickle estimator StandardScaler from version 1.2.2 when using version 1.4.2. This might lead to breaking code or invalid results. Use at your own risk. For more info please refer to:
https://scikit-learn.org/stable/model_persistence.html#security-maintainability-limitations
  warnings.warn(

2025-04-22 01:00:18,604:WARNING:C:\Users\Administrator\Desktop\phishing detector project\.venv\lib\site-packages\sklearn\base.py:376: InconsistentVersionWarning: Trying to unpickle estimator LabelEncoder from version 1.2.2 when using version 1.4.2. This might lead to breaking code or invalid results. Use at your own risk. For more info please refer to:
https://scikit-learn.org/stable/model_persistence.html#security-maintainability-limitations
  warnings.warn(

2025-04-22 01:00:18,614:WARNING:C:\Users\Administrator\Desktop\phishing detector project\.venv\lib\site-packages\pycaret\internal\pipeline.py:146: UserWarning: Version mismatch:
current: {'deps_info': {'pip': '25.0.1', 'setuptools': '65.5.0', 'pycaret': '3.3.1', 'IPython': '8.23.0', 'ipywidgets': '8.1.2', 'tqdm': '4.66.2', 'numpy': '1.26.4', 'pandas': '2.1.4', 'jinja2': '3.1.3', 'scipy': '1.11.4', 'joblib': '1.3.2', 'sklearn': '1.4.2', 'pyod': '1.1.3', 'imblearn': '0.12.2', 'category_encoders': '2.6.3', 'lightgbm': '4.3.0', 'numba': '0.59.1', 'requests': '2.31.0', 'matplotlib': '3.7.5', 'scikitplot': '0.3.7', 'yellowbrick': '1.5', 'plotly': '5.21.0', 'plotly-resampler': 'Not installed', 'kaleido': '0.2.1', 'schemdraw': '0.15', 'statsmodels': '0.14.2', 'sktime': '0.26.0', 'tbats': '1.1.3', 'pmdarima': '2.0.4', 'psutil': '5.9.8', 'markupsafe': '2.1.5', 'pickle5': 'Not installed', 'cloudpickle': '3.0.0', 'deprecation': '2.1.0', 'xxhash': '3.4.1', 'wurlitzer': 'Not installed'}, 'python': {'version': '3.10.11', 'machine': 'AMD64'}}
pickle: {'deps_info': {'pip': '23.1.2', 'setuptools': '67.7.2', 'pycaret': '3.0.4', 'IPython': '7.34.0', 'ipywidgets': '7.7.1', 'tqdm': '4.66.1', 'numpy': '1.23.5', 'pandas': '1.5.3', 'jinja2': '3.1.2', 'scipy': '1.10.1', 'joblib': '1.3.2', 'sklearn': '1.2.2', 'pyod': '1.1.0', 'imblearn': '0.10.1', 'category_encoders': '2.6.2', 'lightgbm': '4.0.0', 'numba': '0.56.4', 'requests': '2.31.0', 'matplotlib': '3.7.1', 'scikitplot': '0.3.7', 'yellowbrick': '1.5', 'plotly': '5.15.0', 'plotly-resampler': 'Not installed', 'kaleido': '0.2.1', 'schemdraw': '0.15', 'statsmodels': '0.14.0', 'sktime': '0.22.0', 'tbats': '1.1.3', 'pmdarima': '2.0.3', 'psutil': '5.9.5', 'markupsafe': '2.1.3', 'pickle5': 'Not installed', 'cloudpickle': '2.2.1', 'deprecation': '2.1.0', 'xxhash': '3.3.0', 'wurlitzer': '3.0.3'}, 'python': {'version': '3.10.12', 'machine': 'x86_64'}}
  warnings.warn(

2025-04-22 01:00:24,798:WARNING:
'cuml' is a soft dependency and not included in the pycaret installation. Please run: `pip install cuml` to install.
2025-04-22 01:00:24,798:WARNING:
'cuml' is a soft dependency and not included in the pycaret installation. Please run: `pip install cuml` to install.
2025-04-22 01:00:24,798:WARNING:
'cuml' is a soft dependency and not included in the pycaret installation. Please run: `pip install cuml` to install.
2025-04-22 01:00:24,798:WARNING:
'cuml' is a soft dependency and not included in the pycaret installation. Please run: `pip install cuml` to install.
2025-04-22 01:00:26,161:INFO:Initializing load_model()
2025-04-22 01:00:26,161:INFO:load_model(model_name=model/phishingdetection, platform=None, authentication=None, verbose=True)
2025-04-22 01:00:26,164:WARNING:C:\Users\Administrator\Desktop\phishing detector project\.venv\lib\site-packages\sklearn\base.py:376: InconsistentVersionWarning: Trying to unpickle estimator SimpleImputer from version 1.2.2 when using version 1.4.2. This might lead to breaking code or invalid results. Use at your own risk. For more info please refer to:
https://scikit-learn.org/stable/model_persistence.html#security-maintainability-limitations
  warnings.warn(

2025-04-22 01:00:26,164:WARNING:C:\Users\Administrator\Desktop\phishing detector project\.venv\lib\site-packages\sklearn\base.py:376: InconsistentVersionWarning: Trying to unpickle estimator PowerTransformer from version 1.2.2 when using version 1.4.2. This might lead to breaking code or invalid results. Use at your own risk. For more info please refer to:
https://scikit-learn.org/stable/model_persistence.html#security-maintainability-limitations
  warnings.warn(

2025-04-22 01:00:26,165:WARNING:C:\Users\Administrator\Desktop\phishing detector project\.venv\lib\site-packages\sklearn\base.py:376: InconsistentVersionWarning: Trying to unpickle estimator StandardScaler from version 1.2.2 when using version 1.4.2. This might lead to breaking code or invalid results. Use at your own risk. For more info please refer to:
https://scikit-learn.org/stable/model_persistence.html#security-maintainability-limitations
  warnings.warn(

2025-04-22 01:00:26,202:WARNING:C:\Users\Administrator\Desktop\phishing detector project\.venv\lib\site-packages\sklearn\base.py:376: InconsistentVersionWarning: Trying to unpickle estimator LabelEncoder from version 1.2.2 when using version 1.4.2. This might lead to breaking code or invalid results. Use at your own risk. For more info please refer to:
https://scikit-learn.org/stable/model_persistence.html#security-maintainability-limitations
  warnings.warn(

2025-04-22 01:00:26,211:WARNING:C:\Users\Administrator\Desktop\phishing detector project\.venv\lib\site-packages\pycaret\internal\pipeline.py:146: UserWarning: Version mismatch:
current: {'deps_info': {'pip': '25.0.1', 'setuptools': '65.5.0', 'pycaret': '3.3.1', 'IPython': '8.23.0', 'ipywidgets': '8.1.2', 'tqdm': '4.66.2', 'numpy': '1.26.4', 'pandas': '2.1.4', 'jinja2': '3.1.3', 'scipy': '1.11.4', 'joblib': '1.3.2', 'sklearn': '1.4.2', 'pyod': '1.1.3', 'imblearn': '0.12.2', 'category_encoders': '2.6.3', 'lightgbm': '4.3.0', 'numba': '0.59.1', 'requests': '2.31.0', 'matplotlib': '3.7.5', 'scikitplot': '0.3.7', 'yellowbrick': '1.5', 'plotly': '5.21.0', 'plotly-resampler': 'Not installed', 'kaleido': '0.2.1', 'schemdraw': '0.15', 'statsmodels': '0.14.2', 'sktime': '0.26.0', 'tbats': '1.1.3', 'pmdarima': '2.0.4', 'psutil': '5.9.8', 'markupsafe': '2.1.5', 'pickle5': 'Not installed', 'cloudpickle': '3.0.0', 'deprecation': '2.1.0', 'xxhash': '3.4.1', 'wurlitzer': 'Not installed'}, 'python': {'version': '3.10.11', 'machine': 'AMD64'}}
pickle: {'deps_info': {'pip': '23.1.2', 'setuptools': '67.7.2', 'pycaret': '3.0.4', 'IPython': '7.34.0', 'ipywidgets': '7.7.1', 'tqdm': '4.66.1', 'numpy': '1.23.5', 'pandas': '1.5.3', 'jinja2': '3.1.2', 'scipy': '1.10.1', 'joblib': '1.3.2', 'sklearn': '1.2.2', 'pyod': '1.1.0', 'imblearn': '0.10.1', 'category_encoders': '2.6.2', 'lightgbm': '4.0.0', 'numba': '0.56.4', 'requests': '2.31.0', 'matplotlib': '3.7.1', 'scikitplot': '0.3.7', 'yellowbrick': '1.5', 'plotly': '5.15.0', 'plotly-resampler': 'Not installed', 'kaleido': '0.2.1', 'schemdraw': '0.15', 'statsmodels': '0.14.0', 'sktime': '0.22.0', 'tbats': '1.1.3', 'pmdarima': '2.0.3', 'psutil': '5.9.5', 'markupsafe': '2.1.3', 'pickle5': 'Not installed', 'cloudpickle': '2.2.1', 'deprecation': '2.1.0', 'xxhash': '3.3.0', 'wurlitzer': '3.0.3'}, 'python': {'version': '3.10.12', 'machine': 'x86_64'}}
  warnings.warn(

2025-04-22 01:01:04,380:WARNING:
'cuml' is a soft dependency and not included in the pycaret installation. Please run: `pip install cuml` to install.
2025-04-22 01:01:04,380:WARNING:
'cuml' is a soft dependency and not included in the pycaret installation. Please run: `pip install cuml` to install.
2025-04-22 01:01:04,380:WARNING:
'cuml' is a soft dependency and not included in the pycaret installation. Please run: `pip install cuml` to install.
2025-04-22 01:01:04,380:WARNING:
'cuml' is a soft dependency and not included in the pycaret installation. Please run: `pip install cuml` to install.
2025-04-22 01:01:05,544:INFO:Initializing load_model()
2025-04-22 01:01:05,544:INFO:load_model(model_name=model/phishingdetection, platform=None, authentication=None, verbose=True)
2025-04-22 01:01:05,544:WARNING:C:\Users\Administrator\Desktop\phishing detector project\.venv\lib\site-packages\sklearn\base.py:376: InconsistentVersionWarning: Trying to unpickle estimator SimpleImputer from version 1.2.2 when using version 1.4.2. This might lead to breaking code or invalid results. Use at your own risk. For more info please refer to:
https://scikit-learn.org/stable/model_persistence.html#security-maintainability-limitations
  warnings.warn(

2025-04-22 01:01:05,544:WARNING:C:\Users\Administrator\Desktop\phishing detector project\.venv\lib\site-packages\sklearn\base.py:376: InconsistentVersionWarning: Trying to unpickle estimator PowerTransformer from version 1.2.2 when using version 1.4.2. This might lead to breaking code or invalid results. Use at your own risk. For more info please refer to:
https://scikit-learn.org/stable/model_persistence.html#security-maintainability-limitations
  warnings.warn(

2025-04-22 01:01:05,544:WARNING:C:\Users\Administrator\Desktop\phishing detector project\.venv\lib\site-packages\sklearn\base.py:376: InconsistentVersionWarning: Trying to unpickle estimator StandardScaler from version 1.2.2 when using version 1.4.2. This might lead to breaking code or invalid results. Use at your own risk. For more info please refer to:
https://scikit-learn.org/stable/model_persistence.html#security-maintainability-limitations
  warnings.warn(

2025-04-22 01:01:05,586:WARNING:C:\Users\Administrator\Desktop\phishing detector project\.venv\lib\site-packages\sklearn\base.py:376: InconsistentVersionWarning: Trying to unpickle estimator LabelEncoder from version 1.2.2 when using version 1.4.2. This might lead to breaking code or invalid results. Use at your own risk. For more info please refer to:
https://scikit-learn.org/stable/model_persistence.html#security-maintainability-limitations
  warnings.warn(

2025-04-22 01:01:05,595:WARNING:C:\Users\Administrator\Desktop\phishing detector project\.venv\lib\site-packages\pycaret\internal\pipeline.py:146: UserWarning: Version mismatch:
current: {'deps_info': {'pip': '25.0.1', 'setuptools': '65.5.0', 'pycaret': '3.3.1', 'IPython': '8.23.0', 'ipywidgets': '8.1.2', 'tqdm': '4.66.2', 'numpy': '1.26.4', 'pandas': '2.1.4', 'jinja2': '3.1.3', 'scipy': '1.11.4', 'joblib': '1.3.2', 'sklearn': '1.4.2', 'pyod': '1.1.3', 'imblearn': '0.12.2', 'category_encoders': '2.6.3', 'lightgbm': '4.3.0', 'numba': '0.59.1', 'requests': '2.31.0', 'matplotlib': '3.7.5', 'scikitplot': '0.3.7', 'yellowbrick': '1.5', 'plotly': '5.21.0', 'plotly-resampler': 'Not installed', 'kaleido': '0.2.1', 'schemdraw': '0.15', 'statsmodels': '0.14.2', 'sktime': '0.26.0', 'tbats': '1.1.3', 'pmdarima': '2.0.4', 'psutil': '5.9.8', 'markupsafe': '2.1.5', 'pickle5': 'Not installed', 'cloudpickle': '3.0.0', 'deprecation': '2.1.0', 'xxhash': '3.4.1', 'wurlitzer': 'Not installed'}, 'python': {'version': '3.10.11', 'machine': 'AMD64'}}
pickle: {'deps_info': {'pip': '23.1.2', 'setuptools': '67.7.2', 'pycaret': '3.0.4', 'IPython': '7.34.0', 'ipywidgets': '7.7.1', 'tqdm': '4.66.1', 'numpy': '1.23.5', 'pandas': '1.5.3', 'jinja2': '3.1.2', 'scipy': '1.10.1', 'joblib': '1.3.2', 'sklearn': '1.2.2', 'pyod': '1.1.0', 'imblearn': '0.10.1', 'category_encoders': '2.6.2', 'lightgbm': '4.0.0', 'numba': '0.56.4', 'requests': '2.31.0', 'matplotlib': '3.7.1', 'scikitplot': '0.3.7', 'yellowbrick': '1.5', 'plotly': '5.15.0', 'plotly-resampler': 'Not installed', 'kaleido': '0.2.1', 'schemdraw': '0.15', 'statsmodels': '0.14.0', 'sktime': '0.22.0', 'tbats': '1.1.3', 'pmdarima': '2.0.3', 'psutil': '5.9.5', 'markupsafe': '2.1.3', 'pickle5': 'Not installed', 'cloudpickle': '2.2.1', 'deprecation': '2.1.0', 'xxhash': '3.3.0', 'wurlitzer': '3.0.3'}, 'python': {'version': '3.10.12', 'machine': 'x86_64'}}
  warnings.warn(

2025-04-22 01:01:09,523:WARNING:
'cuml' is a soft dependency and not included in the pycaret installation. Please run: `pip install cuml` to install.
2025-04-22 01:01:09,523:WARNING:
'cuml' is a soft dependency and not included in the pycaret installation. Please run: `pip install cuml` to install.
2025-04-22 01:01:09,523:WARNING:
'cuml' is a soft dependency and not included in the pycaret installation. Please run: `pip install cuml` to install.
2025-04-22 01:01:09,523:WARNING:
'cuml' is a soft dependency and not included in the pycaret installation. Please run: `pip install cuml` to install.
2025-04-22 01:01:10,565:INFO:Initializing load_model()
2025-04-22 01:01:10,565:INFO:load_model(model_name=model/phishingdetection, platform=None, authentication=None, verbose=True)
2025-04-22 01:01:10,580:WARNING:C:\Users\Administrator\Desktop\phishing detector project\.venv\lib\site-packages\sklearn\base.py:376: InconsistentVersionWarning: Trying to unpickle estimator SimpleImputer from version 1.2.2 when using version 1.4.2. This might lead to breaking code or invalid results. Use at your own risk. For more info please refer to:
https://scikit-learn.org/stable/model_persistence.html#security-maintainability-limitations
  warnings.warn(

2025-04-22 01:01:10,581:WARNING:C:\Users\Administrator\Desktop\phishing detector project\.venv\lib\site-packages\sklearn\base.py:376: InconsistentVersionWarning: Trying to unpickle estimator PowerTransformer from version 1.2.2 when using version 1.4.2. This might lead to breaking code or invalid results. Use at your own risk. For more info please refer to:
https://scikit-learn.org/stable/model_persistence.html#security-maintainability-limitations
  warnings.warn(

2025-04-22 01:01:10,581:WARNING:C:\Users\Administrator\Desktop\phishing detector project\.venv\lib\site-packages\sklearn\base.py:376: InconsistentVersionWarning: Trying to unpickle estimator StandardScaler from version 1.2.2 when using version 1.4.2. This might lead to breaking code or invalid results. Use at your own risk. For more info please refer to:
https://scikit-learn.org/stable/model_persistence.html#security-maintainability-limitations
  warnings.warn(

2025-04-22 01:01:10,611:WARNING:C:\Users\Administrator\Desktop\phishing detector project\.venv\lib\site-packages\sklearn\base.py:376: InconsistentVersionWarning: Trying to unpickle estimator LabelEncoder from version 1.2.2 when using version 1.4.2. This might lead to breaking code or invalid results. Use at your own risk. For more info please refer to:
https://scikit-learn.org/stable/model_persistence.html#security-maintainability-limitations
  warnings.warn(

2025-04-22 01:01:10,620:WARNING:C:\Users\Administrator\Desktop\phishing detector project\.venv\lib\site-packages\pycaret\internal\pipeline.py:146: UserWarning: Version mismatch:
current: {'deps_info': {'pip': '25.0.1', 'setuptools': '65.5.0', 'pycaret': '3.3.1', 'IPython': '8.23.0', 'ipywidgets': '8.1.2', 'tqdm': '4.66.2', 'numpy': '1.26.4', 'pandas': '2.1.4', 'jinja2': '3.1.3', 'scipy': '1.11.4', 'joblib': '1.3.2', 'sklearn': '1.4.2', 'pyod': '1.1.3', 'imblearn': '0.12.2', 'category_encoders': '2.6.3', 'lightgbm': '4.3.0', 'numba': '0.59.1', 'requests': '2.31.0', 'matplotlib': '3.7.5', 'scikitplot': '0.3.7', 'yellowbrick': '1.5', 'plotly': '5.21.0', 'plotly-resampler': 'Not installed', 'kaleido': '0.2.1', 'schemdraw': '0.15', 'statsmodels': '0.14.2', 'sktime': '0.26.0', 'tbats': '1.1.3', 'pmdarima': '2.0.4', 'psutil': '5.9.8', 'markupsafe': '2.1.5', 'pickle5': 'Not installed', 'cloudpickle': '3.0.0', 'deprecation': '2.1.0', 'xxhash': '3.4.1', 'wurlitzer': 'Not installed'}, 'python': {'version': '3.10.11', 'machine': 'AMD64'}}
pickle: {'deps_info': {'pip': '23.1.2', 'setuptools': '67.7.2', 'pycaret': '3.0.4', 'IPython': '7.34.0', 'ipywidgets': '7.7.1', 'tqdm': '4.66.1', 'numpy': '1.23.5', 'pandas': '1.5.3', 'jinja2': '3.1.2', 'scipy': '1.10.1', 'joblib': '1.3.2', 'sklearn': '1.2.2', 'pyod': '1.1.0', 'imblearn': '0.10.1', 'category_encoders': '2.6.2', 'lightgbm': '4.0.0', 'numba': '0.56.4', 'requests': '2.31.0', 'matplotlib': '3.7.1', 'scikitplot': '0.3.7', 'yellowbrick': '1.5', 'plotly': '5.15.0', 'plotly-resampler': 'Not installed', 'kaleido': '0.2.1', 'schemdraw': '0.15', 'statsmodels': '0.14.0', 'sktime': '0.22.0', 'tbats': '1.1.3', 'pmdarima': '2.0.3', 'psutil': '5.9.5', 'markupsafe': '2.1.3', 'pickle5': 'Not installed', 'cloudpickle': '2.2.1', 'deprecation': '2.1.0', 'xxhash': '3.3.0', 'wurlitzer': '3.0.3'}, 'python': {'version': '3.10.12', 'machine': 'x86_64'}}
  warnings.warn(

2025-04-22 01:05:11,318:WARNING:C:\Users\Administrator\Desktop\phishing detector project\.venv\lib\site-packages\sklearn\base.py:376: InconsistentVersionWarning: Trying to unpickle estimator PCA from version 1.2.2 when using version 1.4.2. This might lead to breaking code or invalid results. Use at your own risk. For more info please refer to:
https://scikit-learn.org/stable/model_persistence.html#security-maintainability-limitations
  warnings.warn(

2025-04-22 01:05:11,334:INFO:Initializing predict_model()
2025-04-22 01:05:11,334:INFO:predict_model(self=<pycaret.classification.oop.ClassificationExperiment object at 0x000002AA25863F40>, estimator=Pipeline(memory=FastMemory(location=/tmp/joblib),
         steps=[('numerical_imputer',
                 TransformerWrapper(include=['domain_att', 'URL_Length',
                                             'URL_Depth'],
                                    transformer=SimpleImputer())),
                ('categorical_imputer',
                 TransformerWrapper(include=[],
                                    transformer=SimpleImputer(strategy='most_frequent'))),
                ('transformation',
                 TransformerWrapper(transformer=PowerTransformer(standardize=False))),
                ('normalize', TransformerWrapper(transformer=StandardScaler())),
                ('clean_column_names',
                 TransformerWrapper(transformer=CleanColumnNames())),
                ('trained_model', LGBMClassifier(n_jobs=-1, random_state=321))]), probability_threshold=None, encoded_labels=False, raw_score=False, round=4, verbose=True, ml_usecase=None, preprocess=True, encode_labels=<function _SupervisedExperiment.predict_model.<locals>.encode_labels at 0x000002AA2581E5F0>)
2025-04-22 01:05:11,334:INFO:Checking exceptions
2025-04-22 01:05:11,334:INFO:Preloading libraries
2025-04-22 01:05:11,334:INFO:Set up data.
2025-04-22 01:05:11,334:INFO:Set up index.
2025-04-22 01:05:14,969:WARNING:C:\Users\Administrator\Desktop\phishing detector project\.venv\lib\site-packages\sklearn\base.py:376: InconsistentVersionWarning: Trying to unpickle estimator PCA from version 1.2.2 when using version 1.4.2. This might lead to breaking code or invalid results. Use at your own risk. For more info please refer to:
https://scikit-learn.org/stable/model_persistence.html#security-maintainability-limitations
  warnings.warn(

2025-04-22 01:05:14,978:INFO:Initializing predict_model()
2025-04-22 01:05:14,978:INFO:predict_model(self=<pycaret.classification.oop.ClassificationExperiment object at 0x000002AA258E4DF0>, estimator=Pipeline(memory=FastMemory(location=/tmp/joblib),
         steps=[('numerical_imputer',
                 TransformerWrapper(include=['domain_att', 'URL_Length',
                                             'URL_Depth'],
                                    transformer=SimpleImputer())),
                ('categorical_imputer',
                 TransformerWrapper(include=[],
                                    transformer=SimpleImputer(strategy='most_frequent'))),
                ('transformation',
                 TransformerWrapper(transformer=PowerTransformer(standardize=False))),
                ('normalize', TransformerWrapper(transformer=StandardScaler())),
                ('clean_column_names',
                 TransformerWrapper(transformer=CleanColumnNames())),
                ('trained_model', LGBMClassifier(n_jobs=-1, random_state=321))]), probability_threshold=None, encoded_labels=False, raw_score=False, round=4, verbose=True, ml_usecase=None, preprocess=True, encode_labels=<function _SupervisedExperiment.predict_model.<locals>.encode_labels at 0x000002AA2581F760>)
2025-04-22 01:05:14,978:INFO:Checking exceptions
2025-04-22 01:05:14,978:INFO:Preloading libraries
2025-04-22 01:05:14,978:INFO:Set up data.
2025-04-22 01:05:14,978:INFO:Set up index.
2025-04-22 01:05:20,007:WARNING:C:\Users\Administrator\Desktop\phishing detector project\.venv\lib\site-packages\sklearn\base.py:376: InconsistentVersionWarning: Trying to unpickle estimator PCA from version 1.2.2 when using version 1.4.2. This might lead to breaking code or invalid results. Use at your own risk. For more info please refer to:
https://scikit-learn.org/stable/model_persistence.html#security-maintainability-limitations
  warnings.warn(

2025-04-22 01:05:20,009:INFO:Initializing predict_model()
2025-04-22 01:05:20,009:INFO:predict_model(self=<pycaret.classification.oop.ClassificationExperiment object at 0x000002AA258E5570>, estimator=Pipeline(memory=FastMemory(location=/tmp/joblib),
         steps=[('numerical_imputer',
                 TransformerWrapper(include=['domain_att', 'URL_Length',
                                             'URL_Depth'],
                                    transformer=SimpleImputer())),
                ('categorical_imputer',
                 TransformerWrapper(include=[],
                                    transformer=SimpleImputer(strategy='most_frequent'))),
                ('transformation',
                 TransformerWrapper(transformer=PowerTransformer(standardize=False))),
                ('normalize', TransformerWrapper(transformer=StandardScaler())),
                ('clean_column_names',
                 TransformerWrapper(transformer=CleanColumnNames())),
                ('trained_model', LGBMClassifier(n_jobs=-1, random_state=321))]), probability_threshold=None, encoded_labels=False, raw_score=False, round=4, verbose=True, ml_usecase=None, preprocess=True, encode_labels=<function _SupervisedExperiment.predict_model.<locals>.encode_labels at 0x000002AA2581F5B0>)
2025-04-22 01:05:20,009:INFO:Checking exceptions
2025-04-22 01:05:20,009:INFO:Preloading libraries
2025-04-22 01:05:20,009:INFO:Set up data.
2025-04-22 01:05:20,009:INFO:Set up index.
2025-04-22 01:14:41,483:WARNING:C:\Users\Administrator\Desktop\phishing detector project\.venv\lib\site-packages\sklearn\base.py:376: InconsistentVersionWarning: Trying to unpickle estimator PCA from version 1.2.2 when using version 1.4.2. This might lead to breaking code or invalid results. Use at your own risk. For more info please refer to:
https://scikit-learn.org/stable/model_persistence.html#security-maintainability-limitations
  warnings.warn(

2025-04-22 01:14:41,483:INFO:Initializing predict_model()
2025-04-22 01:14:41,483:INFO:predict_model(self=<pycaret.classification.oop.ClassificationExperiment object at 0x000002AA258E6B60>, estimator=Pipeline(memory=FastMemory(location=/tmp/joblib),
         steps=[('numerical_imputer',
                 TransformerWrapper(include=['domain_att', 'URL_Length',
                                             'URL_Depth'],
                                    transformer=SimpleImputer())),
                ('categorical_imputer',
                 TransformerWrapper(include=[],
                                    transformer=SimpleImputer(strategy='most_frequent'))),
                ('transformation',
                 TransformerWrapper(transformer=PowerTransformer(standardize=False))),
                ('normalize', TransformerWrapper(transformer=StandardScaler())),
                ('clean_column_names',
                 TransformerWrapper(transformer=CleanColumnNames())),
                ('trained_model', LGBMClassifier(n_jobs=-1, random_state=321))]), probability_threshold=None, encoded_labels=False, raw_score=False, round=4, verbose=True, ml_usecase=None, preprocess=True, encode_labels=<function _SupervisedExperiment.predict_model.<locals>.encode_labels at 0x000002AA2581F910>)
2025-04-22 01:14:41,483:INFO:Checking exceptions
2025-04-22 01:14:41,483:INFO:Preloading libraries
2025-04-22 01:14:41,483:INFO:Set up data.
2025-04-22 01:14:41,500:INFO:Set up index.
2025-04-22 01:14:45,282:WARNING:C:\Users\Administrator\Desktop\phishing detector project\.venv\lib\site-packages\sklearn\base.py:376: InconsistentVersionWarning: Trying to unpickle estimator PCA from version 1.2.2 when using version 1.4.2. This might lead to breaking code or invalid results. Use at your own risk. For more info please refer to:
https://scikit-learn.org/stable/model_persistence.html#security-maintainability-limitations
  warnings.warn(

2025-04-22 01:14:45,298:INFO:Initializing predict_model()
2025-04-22 01:14:45,298:INFO:predict_model(self=<pycaret.classification.oop.ClassificationExperiment object at 0x000002AA258E6680>, estimator=Pipeline(memory=FastMemory(location=/tmp/joblib),
         steps=[('numerical_imputer',
                 TransformerWrapper(include=['domain_att', 'URL_Length',
                                             'URL_Depth'],
                                    transformer=SimpleImputer())),
                ('categorical_imputer',
                 TransformerWrapper(include=[],
                                    transformer=SimpleImputer(strategy='most_frequent'))),
                ('transformation',
                 TransformerWrapper(transformer=PowerTransformer(standardize=False))),
                ('normalize', TransformerWrapper(transformer=StandardScaler())),
                ('clean_column_names',
                 TransformerWrapper(transformer=CleanColumnNames())),
                ('trained_model', LGBMClassifier(n_jobs=-1, random_state=321))]), probability_threshold=None, encoded_labels=False, raw_score=False, round=4, verbose=True, ml_usecase=None, preprocess=True, encode_labels=<function _SupervisedExperiment.predict_model.<locals>.encode_labels at 0x000002AA2581F5B0>)
2025-04-22 01:14:45,298:INFO:Checking exceptions
2025-04-22 01:14:45,298:INFO:Preloading libraries
2025-04-22 01:14:45,298:INFO:Set up data.
2025-04-22 01:14:45,298:INFO:Set up index.
2025-04-22 01:15:10,838:WARNING:C:\Users\Administrator\Desktop\phishing detector project\.venv\lib\site-packages\sklearn\base.py:376: InconsistentVersionWarning: Trying to unpickle estimator PCA from version 1.2.2 when using version 1.4.2. This might lead to breaking code or invalid results. Use at your own risk. For more info please refer to:
https://scikit-learn.org/stable/model_persistence.html#security-maintainability-limitations
  warnings.warn(

2025-04-22 01:15:10,852:INFO:Initializing predict_model()
2025-04-22 01:15:10,852:INFO:predict_model(self=<pycaret.classification.oop.ClassificationExperiment object at 0x000002AA258E70D0>, estimator=Pipeline(memory=FastMemory(location=/tmp/joblib),
         steps=[('numerical_imputer',
                 TransformerWrapper(include=['domain_att', 'URL_Length',
                                             'URL_Depth'],
                                    transformer=SimpleImputer())),
                ('categorical_imputer',
                 TransformerWrapper(include=[],
                                    transformer=SimpleImputer(strategy='most_frequent'))),
                ('transformation',
                 TransformerWrapper(transformer=PowerTransformer(standardize=False))),
                ('normalize', TransformerWrapper(transformer=StandardScaler())),
                ('clean_column_names',
                 TransformerWrapper(transformer=CleanColumnNames())),
                ('trained_model', LGBMClassifier(n_jobs=-1, random_state=321))]), probability_threshold=None, encoded_labels=False, raw_score=False, round=4, verbose=True, ml_usecase=None, preprocess=True, encode_labels=<function _SupervisedExperiment.predict_model.<locals>.encode_labels at 0x000002AA2581EC20>)
2025-04-22 01:15:10,853:INFO:Checking exceptions
2025-04-22 01:15:10,853:INFO:Preloading libraries
2025-04-22 01:15:10,853:INFO:Set up data.
2025-04-22 01:15:10,853:INFO:Set up index.
2025-04-22 01:15:31,654:WARNING:C:\Users\Administrator\Desktop\phishing detector project\.venv\lib\site-packages\sklearn\base.py:376: InconsistentVersionWarning: Trying to unpickle estimator PCA from version 1.2.2 when using version 1.4.2. This might lead to breaking code or invalid results. Use at your own risk. For more info please refer to:
https://scikit-learn.org/stable/model_persistence.html#security-maintainability-limitations
  warnings.warn(

2025-04-22 01:15:31,659:INFO:Initializing predict_model()
2025-04-22 01:15:31,659:INFO:predict_model(self=<pycaret.classification.oop.ClassificationExperiment object at 0x000002AA258E7880>, estimator=Pipeline(memory=FastMemory(location=/tmp/joblib),
         steps=[('numerical_imputer',
                 TransformerWrapper(include=['domain_att', 'URL_Length',
                                             'URL_Depth'],
                                    transformer=SimpleImputer())),
                ('categorical_imputer',
                 TransformerWrapper(include=[],
                                    transformer=SimpleImputer(strategy='most_frequent'))),
                ('transformation',
                 TransformerWrapper(transformer=PowerTransformer(standardize=False))),
                ('normalize', TransformerWrapper(transformer=StandardScaler())),
                ('clean_column_names',
                 TransformerWrapper(transformer=CleanColumnNames())),
                ('trained_model', LGBMClassifier(n_jobs=-1, random_state=321))]), probability_threshold=None, encoded_labels=False, raw_score=False, round=4, verbose=True, ml_usecase=None, preprocess=True, encode_labels=<function _SupervisedExperiment.predict_model.<locals>.encode_labels at 0x000002AA2581F7F0>)
2025-04-22 01:15:31,659:INFO:Checking exceptions
2025-04-22 01:15:31,659:INFO:Preloading libraries
2025-04-22 01:15:31,659:INFO:Set up data.
2025-04-22 01:15:31,659:INFO:Set up index.
2025-04-22 01:15:45,779:WARNING:C:\Users\Administrator\Desktop\phishing detector project\.venv\lib\site-packages\sklearn\base.py:376: InconsistentVersionWarning: Trying to unpickle estimator PCA from version 1.2.2 when using version 1.4.2. This might lead to breaking code or invalid results. Use at your own risk. For more info please refer to:
https://scikit-learn.org/stable/model_persistence.html#security-maintainability-limitations
  warnings.warn(

2025-04-22 01:15:45,787:INFO:Initializing predict_model()
2025-04-22 01:15:45,788:INFO:predict_model(self=<pycaret.classification.oop.ClassificationExperiment object at 0x000002AA258E6110>, estimator=Pipeline(memory=FastMemory(location=/tmp/joblib),
         steps=[('numerical_imputer',
                 TransformerWrapper(include=['domain_att', 'URL_Length',
                                             'URL_Depth'],
                                    transformer=SimpleImputer())),
                ('categorical_imputer',
                 TransformerWrapper(include=[],
                                    transformer=SimpleImputer(strategy='most_frequent'))),
                ('transformation',
                 TransformerWrapper(transformer=PowerTransformer(standardize=False))),
                ('normalize', TransformerWrapper(transformer=StandardScaler())),
                ('clean_column_names',
                 TransformerWrapper(transformer=CleanColumnNames())),
                ('trained_model', LGBMClassifier(n_jobs=-1, random_state=321))]), probability_threshold=None, encoded_labels=False, raw_score=False, round=4, verbose=True, ml_usecase=None, preprocess=True, encode_labels=<function _SupervisedExperiment.predict_model.<locals>.encode_labels at 0x000002AA2581E680>)
2025-04-22 01:15:45,788:INFO:Checking exceptions
2025-04-22 01:15:45,788:INFO:Preloading libraries
2025-04-22 01:15:45,788:INFO:Set up data.
2025-04-22 01:15:45,793:INFO:Set up index.
2025-04-22 01:15:54,776:WARNING:C:\Users\Administrator\Desktop\phishing detector project\.venv\lib\site-packages\sklearn\base.py:376: InconsistentVersionWarning: Trying to unpickle estimator PCA from version 1.2.2 when using version 1.4.2. This might lead to breaking code or invalid results. Use at your own risk. For more info please refer to:
https://scikit-learn.org/stable/model_persistence.html#security-maintainability-limitations
  warnings.warn(

2025-04-22 01:15:54,776:INFO:Initializing predict_model()
2025-04-22 01:15:54,776:INFO:predict_model(self=<pycaret.classification.oop.ClassificationExperiment object at 0x000002AA258E6EC0>, estimator=Pipeline(memory=FastMemory(location=/tmp/joblib),
         steps=[('numerical_imputer',
                 TransformerWrapper(include=['domain_att', 'URL_Length',
                                             'URL_Depth'],
                                    transformer=SimpleImputer())),
                ('categorical_imputer',
                 TransformerWrapper(include=[],
                                    transformer=SimpleImputer(strategy='most_frequent'))),
                ('transformation',
                 TransformerWrapper(transformer=PowerTransformer(standardize=False))),
                ('normalize', TransformerWrapper(transformer=StandardScaler())),
                ('clean_column_names',
                 TransformerWrapper(transformer=CleanColumnNames())),
                ('trained_model', LGBMClassifier(n_jobs=-1, random_state=321))]), probability_threshold=None, encoded_labels=False, raw_score=False, round=4, verbose=True, ml_usecase=None, preprocess=True, encode_labels=<function _SupervisedExperiment.predict_model.<locals>.encode_labels at 0x000002AA2581EC20>)
2025-04-22 01:15:54,776:INFO:Checking exceptions
2025-04-22 01:15:54,776:INFO:Preloading libraries
2025-04-22 01:15:54,776:INFO:Set up data.
2025-04-22 01:15:54,776:INFO:Set up index.
2025-04-22 01:16:38,724:WARNING:C:\Users\Administrator\Desktop\phishing detector project\.venv\lib\site-packages\sklearn\base.py:376: InconsistentVersionWarning: Trying to unpickle estimator PCA from version 1.2.2 when using version 1.4.2. This might lead to breaking code or invalid results. Use at your own risk. For more info please refer to:
https://scikit-learn.org/stable/model_persistence.html#security-maintainability-limitations
  warnings.warn(

2025-04-22 01:16:38,725:INFO:Initializing predict_model()
2025-04-22 01:16:38,725:INFO:predict_model(self=<pycaret.classification.oop.ClassificationExperiment object at 0x000002AA258E4970>, estimator=Pipeline(memory=FastMemory(location=/tmp/joblib),
         steps=[('numerical_imputer',
                 TransformerWrapper(include=['domain_att', 'URL_Length',
                                             'URL_Depth'],
                                    transformer=SimpleImputer())),
                ('categorical_imputer',
                 TransformerWrapper(include=[],
                                    transformer=SimpleImputer(strategy='most_frequent'))),
                ('transformation',
                 TransformerWrapper(transformer=PowerTransformer(standardize=False))),
                ('normalize', TransformerWrapper(transformer=StandardScaler())),
                ('clean_column_names',
                 TransformerWrapper(transformer=CleanColumnNames())),
                ('trained_model', LGBMClassifier(n_jobs=-1, random_state=321))]), probability_threshold=None, encoded_labels=False, raw_score=False, round=4, verbose=True, ml_usecase=None, preprocess=True, encode_labels=<function _SupervisedExperiment.predict_model.<locals>.encode_labels at 0x000002AA2581F880>)
2025-04-22 01:16:38,725:INFO:Checking exceptions
2025-04-22 01:16:38,725:INFO:Preloading libraries
2025-04-22 01:16:38,725:INFO:Set up data.
2025-04-22 01:16:38,725:INFO:Set up index.
2025-04-22 01:16:47,755:WARNING:C:\Users\Administrator\Desktop\phishing detector project\.venv\lib\site-packages\sklearn\base.py:376: InconsistentVersionWarning: Trying to unpickle estimator PCA from version 1.2.2 when using version 1.4.2. This might lead to breaking code or invalid results. Use at your own risk. For more info please refer to:
https://scikit-learn.org/stable/model_persistence.html#security-maintainability-limitations
  warnings.warn(

2025-04-22 01:16:47,771:INFO:Initializing predict_model()
2025-04-22 01:16:47,771:INFO:predict_model(self=<pycaret.classification.oop.ClassificationExperiment object at 0x000002AA258E7850>, estimator=Pipeline(memory=FastMemory(location=/tmp/joblib),
         steps=[('numerical_imputer',
                 TransformerWrapper(include=['domain_att', 'URL_Length',
                                             'URL_Depth'],
                                    transformer=SimpleImputer())),
                ('categorical_imputer',
                 TransformerWrapper(include=[],
                                    transformer=SimpleImputer(strategy='most_frequent'))),
                ('transformation',
                 TransformerWrapper(transformer=PowerTransformer(standardize=False))),
                ('normalize', TransformerWrapper(transformer=StandardScaler())),
                ('clean_column_names',
                 TransformerWrapper(transformer=CleanColumnNames())),
                ('trained_model', LGBMClassifier(n_jobs=-1, random_state=321))]), probability_threshold=None, encoded_labels=False, raw_score=False, round=4, verbose=True, ml_usecase=None, preprocess=True, encode_labels=<function _SupervisedExperiment.predict_model.<locals>.encode_labels at 0x000002AA2581F910>)
2025-04-22 01:16:47,771:INFO:Checking exceptions
2025-04-22 01:16:47,771:INFO:Preloading libraries
2025-04-22 01:16:47,771:INFO:Set up data.
2025-04-22 01:16:47,771:INFO:Set up index.
2025-04-22 01:17:01,156:WARNING:C:\Users\Administrator\Desktop\phishing detector project\.venv\lib\site-packages\sklearn\base.py:376: InconsistentVersionWarning: Trying to unpickle estimator PCA from version 1.2.2 when using version 1.4.2. This might lead to breaking code or invalid results. Use at your own risk. For more info please refer to:
https://scikit-learn.org/stable/model_persistence.html#security-maintainability-limitations
  warnings.warn(

2025-04-22 01:17:01,170:INFO:Initializing predict_model()
2025-04-22 01:17:01,170:INFO:predict_model(self=<pycaret.classification.oop.ClassificationExperiment object at 0x000002AA258E69B0>, estimator=Pipeline(memory=FastMemory(location=/tmp/joblib),
         steps=[('numerical_imputer',
                 TransformerWrapper(include=['domain_att', 'URL_Length',
                                             'URL_Depth'],
                                    transformer=SimpleImputer())),
                ('categorical_imputer',
                 TransformerWrapper(include=[],
                                    transformer=SimpleImputer(strategy='most_frequent'))),
                ('transformation',
                 TransformerWrapper(transformer=PowerTransformer(standardize=False))),
                ('normalize', TransformerWrapper(transformer=StandardScaler())),
                ('clean_column_names',
                 TransformerWrapper(transformer=CleanColumnNames())),
                ('trained_model', LGBMClassifier(n_jobs=-1, random_state=321))]), probability_threshold=None, encoded_labels=False, raw_score=False, round=4, verbose=True, ml_usecase=None, preprocess=True, encode_labels=<function _SupervisedExperiment.predict_model.<locals>.encode_labels at 0x000002AA2581F880>)
2025-04-22 01:17:01,170:INFO:Checking exceptions
2025-04-22 01:17:01,170:INFO:Preloading libraries
2025-04-22 01:17:01,172:INFO:Set up data.
2025-04-22 01:17:01,172:INFO:Set up index.
2025-04-22 01:17:08,668:WARNING:C:\Users\Administrator\Desktop\phishing detector project\.venv\lib\site-packages\sklearn\base.py:376: InconsistentVersionWarning: Trying to unpickle estimator PCA from version 1.2.2 when using version 1.4.2. This might lead to breaking code or invalid results. Use at your own risk. For more info please refer to:
https://scikit-learn.org/stable/model_persistence.html#security-maintainability-limitations
  warnings.warn(

2025-04-22 01:17:08,702:INFO:Initializing predict_model()
2025-04-22 01:17:08,702:INFO:predict_model(self=<pycaret.classification.oop.ClassificationExperiment object at 0x000002AA258E6B30>, estimator=Pipeline(memory=FastMemory(location=/tmp/joblib),
         steps=[('numerical_imputer',
                 TransformerWrapper(include=['domain_att', 'URL_Length',
                                             'URL_Depth'],
                                    transformer=SimpleImputer())),
                ('categorical_imputer',
                 TransformerWrapper(include=[],
                                    transformer=SimpleImputer(strategy='most_frequent'))),
                ('transformation',
                 TransformerWrapper(transformer=PowerTransformer(standardize=False))),
                ('normalize', TransformerWrapper(transformer=StandardScaler())),
                ('clean_column_names',
                 TransformerWrapper(transformer=CleanColumnNames())),
                ('trained_model', LGBMClassifier(n_jobs=-1, random_state=321))]), probability_threshold=None, encoded_labels=False, raw_score=False, round=4, verbose=True, ml_usecase=None, preprocess=True, encode_labels=<function _SupervisedExperiment.predict_model.<locals>.encode_labels at 0x000002AA2581F880>)
2025-04-22 01:17:08,702:INFO:Checking exceptions
2025-04-22 01:17:08,702:INFO:Preloading libraries
2025-04-22 01:17:08,703:INFO:Set up data.
2025-04-22 01:17:08,707:INFO:Set up index.
2025-04-22 01:17:12,115:WARNING:C:\Users\Administrator\Desktop\phishing detector project\.venv\lib\site-packages\sklearn\base.py:376: InconsistentVersionWarning: Trying to unpickle estimator PCA from version 1.2.2 when using version 1.4.2. This might lead to breaking code or invalid results. Use at your own risk. For more info please refer to:
https://scikit-learn.org/stable/model_persistence.html#security-maintainability-limitations
  warnings.warn(

2025-04-22 01:17:12,139:INFO:Initializing predict_model()
2025-04-22 01:17:12,139:INFO:predict_model(self=<pycaret.classification.oop.ClassificationExperiment object at 0x000002AA258E5510>, estimator=Pipeline(memory=FastMemory(location=/tmp/joblib),
         steps=[('numerical_imputer',
                 TransformerWrapper(include=['domain_att', 'URL_Length',
                                             'URL_Depth'],
                                    transformer=SimpleImputer())),
                ('categorical_imputer',
                 TransformerWrapper(include=[],
                                    transformer=SimpleImputer(strategy='most_frequent'))),
                ('transformation',
                 TransformerWrapper(transformer=PowerTransformer(standardize=False))),
                ('normalize', TransformerWrapper(transformer=StandardScaler())),
                ('clean_column_names',
                 TransformerWrapper(transformer=CleanColumnNames())),
                ('trained_model', LGBMClassifier(n_jobs=-1, random_state=321))]), probability_threshold=None, encoded_labels=False, raw_score=False, round=4, verbose=True, ml_usecase=None, preprocess=True, encode_labels=<function _SupervisedExperiment.predict_model.<locals>.encode_labels at 0x000002AA2581ED40>)
2025-04-22 01:17:12,139:INFO:Checking exceptions
2025-04-22 01:17:12,139:INFO:Preloading libraries
2025-04-22 01:17:12,139:INFO:Set up data.
2025-04-22 01:17:12,143:INFO:Set up index.
2025-04-22 01:18:32,787:WARNING:
'cuml' is a soft dependency and not included in the pycaret installation. Please run: `pip install cuml` to install.
2025-04-22 01:18:32,787:WARNING:
'cuml' is a soft dependency and not included in the pycaret installation. Please run: `pip install cuml` to install.
2025-04-22 01:18:32,787:WARNING:
'cuml' is a soft dependency and not included in the pycaret installation. Please run: `pip install cuml` to install.
2025-04-22 01:18:32,787:WARNING:
'cuml' is a soft dependency and not included in the pycaret installation. Please run: `pip install cuml` to install.
2025-04-22 01:18:33,831:INFO:Initializing load_model()
2025-04-22 01:18:33,831:INFO:load_model(model_name=model/phishingdetection, platform=None, authentication=None, verbose=True)
2025-04-22 01:18:33,833:WARNING:C:\Users\Administrator\Desktop\phishing detector project\.venv\lib\site-packages\sklearn\base.py:376: InconsistentVersionWarning: Trying to unpickle estimator SimpleImputer from version 1.2.2 when using version 1.4.2. This might lead to breaking code or invalid results. Use at your own risk. For more info please refer to:
https://scikit-learn.org/stable/model_persistence.html#security-maintainability-limitations
  warnings.warn(

2025-04-22 01:18:33,834:WARNING:C:\Users\Administrator\Desktop\phishing detector project\.venv\lib\site-packages\sklearn\base.py:376: InconsistentVersionWarning: Trying to unpickle estimator PowerTransformer from version 1.2.2 when using version 1.4.2. This might lead to breaking code or invalid results. Use at your own risk. For more info please refer to:
https://scikit-learn.org/stable/model_persistence.html#security-maintainability-limitations
  warnings.warn(

2025-04-22 01:18:33,834:WARNING:C:\Users\Administrator\Desktop\phishing detector project\.venv\lib\site-packages\sklearn\base.py:376: InconsistentVersionWarning: Trying to unpickle estimator StandardScaler from version 1.2.2 when using version 1.4.2. This might lead to breaking code or invalid results. Use at your own risk. For more info please refer to:
https://scikit-learn.org/stable/model_persistence.html#security-maintainability-limitations
  warnings.warn(

2025-04-22 01:18:33,863:WARNING:C:\Users\Administrator\Desktop\phishing detector project\.venv\lib\site-packages\sklearn\base.py:376: InconsistentVersionWarning: Trying to unpickle estimator LabelEncoder from version 1.2.2 when using version 1.4.2. This might lead to breaking code or invalid results. Use at your own risk. For more info please refer to:
https://scikit-learn.org/stable/model_persistence.html#security-maintainability-limitations
  warnings.warn(

2025-04-22 01:18:33,870:WARNING:C:\Users\Administrator\Desktop\phishing detector project\.venv\lib\site-packages\pycaret\internal\pipeline.py:146: UserWarning: Version mismatch:
current: {'deps_info': {'pip': '25.0.1', 'setuptools': '65.5.0', 'pycaret': '3.3.1', 'IPython': '8.23.0', 'ipywidgets': '8.1.2', 'tqdm': '4.66.2', 'numpy': '1.26.4', 'pandas': '2.1.4', 'jinja2': '3.1.3', 'scipy': '1.11.4', 'joblib': '1.3.2', 'sklearn': '1.4.2', 'pyod': '1.1.3', 'imblearn': '0.12.2', 'category_encoders': '2.6.3', 'lightgbm': '4.3.0', 'numba': '0.59.1', 'requests': '2.31.0', 'matplotlib': '3.7.5', 'scikitplot': '0.3.7', 'yellowbrick': '1.5', 'plotly': '5.21.0', 'plotly-resampler': 'Not installed', 'kaleido': '0.2.1', 'schemdraw': '0.15', 'statsmodels': '0.14.2', 'sktime': '0.26.0', 'tbats': '1.1.3', 'pmdarima': '2.0.4', 'psutil': '5.9.8', 'markupsafe': '2.1.5', 'pickle5': 'Not installed', 'cloudpickle': '3.0.0', 'deprecation': '2.1.0', 'xxhash': '3.4.1', 'wurlitzer': 'Not installed'}, 'python': {'version': '3.10.11', 'machine': 'AMD64'}}
pickle: {'deps_info': {'pip': '23.1.2', 'setuptools': '67.7.2', 'pycaret': '3.0.4', 'IPython': '7.34.0', 'ipywidgets': '7.7.1', 'tqdm': '4.66.1', 'numpy': '1.23.5', 'pandas': '1.5.3', 'jinja2': '3.1.2', 'scipy': '1.10.1', 'joblib': '1.3.2', 'sklearn': '1.2.2', 'pyod': '1.1.0', 'imblearn': '0.10.1', 'category_encoders': '2.6.2', 'lightgbm': '4.0.0', 'numba': '0.56.4', 'requests': '2.31.0', 'matplotlib': '3.7.1', 'scikitplot': '0.3.7', 'yellowbrick': '1.5', 'plotly': '5.15.0', 'plotly-resampler': 'Not installed', 'kaleido': '0.2.1', 'schemdraw': '0.15', 'statsmodels': '0.14.0', 'sktime': '0.22.0', 'tbats': '1.1.3', 'pmdarima': '2.0.3', 'psutil': '5.9.5', 'markupsafe': '2.1.3', 'pickle5': 'Not installed', 'cloudpickle': '2.2.1', 'deprecation': '2.1.0', 'xxhash': '3.3.0', 'wurlitzer': '3.0.3'}, 'python': {'version': '3.10.12', 'machine': 'x86_64'}}
  warnings.warn(

2025-04-22 01:19:28,861:WARNING:C:\Users\Administrator\Desktop\phishing detector project\.venv\lib\site-packages\sklearn\base.py:376: InconsistentVersionWarning: Trying to unpickle estimator PCA from version 1.2.2 when using version 1.4.2. This might lead to breaking code or invalid results. Use at your own risk. For more info please refer to:
https://scikit-learn.org/stable/model_persistence.html#security-maintainability-limitations
  warnings.warn(

2025-04-22 01:19:43,038:WARNING:
'cuml' is a soft dependency and not included in the pycaret installation. Please run: `pip install cuml` to install.
2025-04-22 01:19:43,038:WARNING:
'cuml' is a soft dependency and not included in the pycaret installation. Please run: `pip install cuml` to install.
2025-04-22 01:19:43,038:WARNING:
'cuml' is a soft dependency and not included in the pycaret installation. Please run: `pip install cuml` to install.
2025-04-22 01:19:43,038:WARNING:
'cuml' is a soft dependency and not included in the pycaret installation. Please run: `pip install cuml` to install.
2025-04-22 01:19:44,010:INFO:Initializing load_model()
2025-04-22 01:19:44,010:INFO:load_model(model_name=model/phishingdetection, platform=None, authentication=None, verbose=True)
2025-04-22 01:19:44,010:WARNING:C:\Users\Administrator\Desktop\phishing detector project\.venv\lib\site-packages\sklearn\base.py:376: InconsistentVersionWarning: Trying to unpickle estimator SimpleImputer from version 1.2.2 when using version 1.4.2. This might lead to breaking code or invalid results. Use at your own risk. For more info please refer to:
https://scikit-learn.org/stable/model_persistence.html#security-maintainability-limitations
  warnings.warn(

2025-04-22 01:19:44,010:WARNING:C:\Users\Administrator\Desktop\phishing detector project\.venv\lib\site-packages\sklearn\base.py:376: InconsistentVersionWarning: Trying to unpickle estimator PowerTransformer from version 1.2.2 when using version 1.4.2. This might lead to breaking code or invalid results. Use at your own risk. For more info please refer to:
https://scikit-learn.org/stable/model_persistence.html#security-maintainability-limitations
  warnings.warn(

2025-04-22 01:19:44,010:WARNING:C:\Users\Administrator\Desktop\phishing detector project\.venv\lib\site-packages\sklearn\base.py:376: InconsistentVersionWarning: Trying to unpickle estimator StandardScaler from version 1.2.2 when using version 1.4.2. This might lead to breaking code or invalid results. Use at your own risk. For more info please refer to:
https://scikit-learn.org/stable/model_persistence.html#security-maintainability-limitations
  warnings.warn(

2025-04-22 01:19:44,046:WARNING:C:\Users\Administrator\Desktop\phishing detector project\.venv\lib\site-packages\sklearn\base.py:376: InconsistentVersionWarning: Trying to unpickle estimator LabelEncoder from version 1.2.2 when using version 1.4.2. This might lead to breaking code or invalid results. Use at your own risk. For more info please refer to:
https://scikit-learn.org/stable/model_persistence.html#security-maintainability-limitations
  warnings.warn(

2025-04-22 01:19:44,054:WARNING:C:\Users\Administrator\Desktop\phishing detector project\.venv\lib\site-packages\pycaret\internal\pipeline.py:146: UserWarning: Version mismatch:
current: {'deps_info': {'pip': '25.0.1', 'setuptools': '65.5.0', 'pycaret': '3.3.1', 'IPython': '8.23.0', 'ipywidgets': '8.1.2', 'tqdm': '4.66.2', 'numpy': '1.26.4', 'pandas': '2.1.4', 'jinja2': '3.1.3', 'scipy': '1.11.4', 'joblib': '1.3.2', 'sklearn': '1.4.2', 'pyod': '1.1.3', 'imblearn': '0.12.2', 'category_encoders': '2.6.3', 'lightgbm': '4.3.0', 'numba': '0.59.1', 'requests': '2.31.0', 'matplotlib': '3.7.5', 'scikitplot': '0.3.7', 'yellowbrick': '1.5', 'plotly': '5.21.0', 'plotly-resampler': 'Not installed', 'kaleido': '0.2.1', 'schemdraw': '0.15', 'statsmodels': '0.14.2', 'sktime': '0.26.0', 'tbats': '1.1.3', 'pmdarima': '2.0.4', 'psutil': '5.9.8', 'markupsafe': '2.1.5', 'pickle5': 'Not installed', 'cloudpickle': '3.0.0', 'deprecation': '2.1.0', 'xxhash': '3.4.1', 'wurlitzer': 'Not installed'}, 'python': {'version': '3.10.11', 'machine': 'AMD64'}}
pickle: {'deps_info': {'pip': '23.1.2', 'setuptools': '67.7.2', 'pycaret': '3.0.4', 'IPython': '7.34.0', 'ipywidgets': '7.7.1', 'tqdm': '4.66.1', 'numpy': '1.23.5', 'pandas': '1.5.3', 'jinja2': '3.1.2', 'scipy': '1.10.1', 'joblib': '1.3.2', 'sklearn': '1.2.2', 'pyod': '1.1.0', 'imblearn': '0.10.1', 'category_encoders': '2.6.2', 'lightgbm': '4.0.0', 'numba': '0.56.4', 'requests': '2.31.0', 'matplotlib': '3.7.1', 'scikitplot': '0.3.7', 'yellowbrick': '1.5', 'plotly': '5.15.0', 'plotly-resampler': 'Not installed', 'kaleido': '0.2.1', 'schemdraw': '0.15', 'statsmodels': '0.14.0', 'sktime': '0.22.0', 'tbats': '1.1.3', 'pmdarima': '2.0.3', 'psutil': '5.9.5', 'markupsafe': '2.1.3', 'pickle5': 'Not installed', 'cloudpickle': '2.2.1', 'deprecation': '2.1.0', 'xxhash': '3.3.0', 'wurlitzer': '3.0.3'}, 'python': {'version': '3.10.12', 'machine': 'x86_64'}}
  warnings.warn(

2025-04-22 01:19:46,889:WARNING:
'cuml' is a soft dependency and not included in the pycaret installation. Please run: `pip install cuml` to install.
2025-04-22 01:19:46,889:WARNING:
'cuml' is a soft dependency and not included in the pycaret installation. Please run: `pip install cuml` to install.
2025-04-22 01:19:46,889:WARNING:
'cuml' is a soft dependency and not included in the pycaret installation. Please run: `pip install cuml` to install.
2025-04-22 01:19:46,889:WARNING:
'cuml' is a soft dependency and not included in the pycaret installation. Please run: `pip install cuml` to install.
2025-04-22 01:19:47,869:INFO:Initializing load_model()
2025-04-22 01:19:47,869:INFO:load_model(model_name=model/phishingdetection, platform=None, authentication=None, verbose=True)
2025-04-22 01:19:47,869:WARNING:C:\Users\Administrator\Desktop\phishing detector project\.venv\lib\site-packages\sklearn\base.py:376: InconsistentVersionWarning: Trying to unpickle estimator SimpleImputer from version 1.2.2 when using version 1.4.2. This might lead to breaking code or invalid results. Use at your own risk. For more info please refer to:
https://scikit-learn.org/stable/model_persistence.html#security-maintainability-limitations
  warnings.warn(

2025-04-22 01:19:47,869:WARNING:C:\Users\Administrator\Desktop\phishing detector project\.venv\lib\site-packages\sklearn\base.py:376: InconsistentVersionWarning: Trying to unpickle estimator PowerTransformer from version 1.2.2 when using version 1.4.2. This might lead to breaking code or invalid results. Use at your own risk. For more info please refer to:
https://scikit-learn.org/stable/model_persistence.html#security-maintainability-limitations
  warnings.warn(

2025-04-22 01:19:47,869:WARNING:C:\Users\Administrator\Desktop\phishing detector project\.venv\lib\site-packages\sklearn\base.py:376: InconsistentVersionWarning: Trying to unpickle estimator StandardScaler from version 1.2.2 when using version 1.4.2. This might lead to breaking code or invalid results. Use at your own risk. For more info please refer to:
https://scikit-learn.org/stable/model_persistence.html#security-maintainability-limitations
  warnings.warn(

2025-04-22 01:19:47,909:WARNING:C:\Users\Administrator\Desktop\phishing detector project\.venv\lib\site-packages\sklearn\base.py:376: InconsistentVersionWarning: Trying to unpickle estimator LabelEncoder from version 1.2.2 when using version 1.4.2. This might lead to breaking code or invalid results. Use at your own risk. For more info please refer to:
https://scikit-learn.org/stable/model_persistence.html#security-maintainability-limitations
  warnings.warn(

2025-04-22 01:19:47,916:WARNING:C:\Users\Administrator\Desktop\phishing detector project\.venv\lib\site-packages\pycaret\internal\pipeline.py:146: UserWarning: Version mismatch:
current: {'deps_info': {'pip': '25.0.1', 'setuptools': '65.5.0', 'pycaret': '3.3.1', 'IPython': '8.23.0', 'ipywidgets': '8.1.2', 'tqdm': '4.66.2', 'numpy': '1.26.4', 'pandas': '2.1.4', 'jinja2': '3.1.3', 'scipy': '1.11.4', 'joblib': '1.3.2', 'sklearn': '1.4.2', 'pyod': '1.1.3', 'imblearn': '0.12.2', 'category_encoders': '2.6.3', 'lightgbm': '4.3.0', 'numba': '0.59.1', 'requests': '2.31.0', 'matplotlib': '3.7.5', 'scikitplot': '0.3.7', 'yellowbrick': '1.5', 'plotly': '5.21.0', 'plotly-resampler': 'Not installed', 'kaleido': '0.2.1', 'schemdraw': '0.15', 'statsmodels': '0.14.2', 'sktime': '0.26.0', 'tbats': '1.1.3', 'pmdarima': '2.0.4', 'psutil': '5.9.8', 'markupsafe': '2.1.5', 'pickle5': 'Not installed', 'cloudpickle': '3.0.0', 'deprecation': '2.1.0', 'xxhash': '3.4.1', 'wurlitzer': 'Not installed'}, 'python': {'version': '3.10.11', 'machine': 'AMD64'}}
pickle: {'deps_info': {'pip': '23.1.2', 'setuptools': '67.7.2', 'pycaret': '3.0.4', 'IPython': '7.34.0', 'ipywidgets': '7.7.1', 'tqdm': '4.66.1', 'numpy': '1.23.5', 'pandas': '1.5.3', 'jinja2': '3.1.2', 'scipy': '1.10.1', 'joblib': '1.3.2', 'sklearn': '1.2.2', 'pyod': '1.1.0', 'imblearn': '0.10.1', 'category_encoders': '2.6.2', 'lightgbm': '4.0.0', 'numba': '0.56.4', 'requests': '2.31.0', 'matplotlib': '3.7.1', 'scikitplot': '0.3.7', 'yellowbrick': '1.5', 'plotly': '5.15.0', 'plotly-resampler': 'Not installed', 'kaleido': '0.2.1', 'schemdraw': '0.15', 'statsmodels': '0.14.0', 'sktime': '0.22.0', 'tbats': '1.1.3', 'pmdarima': '2.0.3', 'psutil': '5.9.5', 'markupsafe': '2.1.3', 'pickle5': 'Not installed', 'cloudpickle': '2.2.1', 'deprecation': '2.1.0', 'xxhash': '3.3.0', 'wurlitzer': '3.0.3'}, 'python': {'version': '3.10.12', 'machine': 'x86_64'}}
  warnings.warn(

2025-04-22 01:19:56,562:WARNING:C:\Users\Administrator\Desktop\phishing detector project\.venv\lib\site-packages\sklearn\base.py:376: InconsistentVersionWarning: Trying to unpickle estimator PCA from version 1.2.2 when using version 1.4.2. This might lead to breaking code or invalid results. Use at your own risk. For more info please refer to:
https://scikit-learn.org/stable/model_persistence.html#security-maintainability-limitations
  warnings.warn(

2025-04-22 01:20:21,041:WARNING:
'cuml' is a soft dependency and not included in the pycaret installation. Please run: `pip install cuml` to install.
2025-04-22 01:20:21,041:WARNING:
'cuml' is a soft dependency and not included in the pycaret installation. Please run: `pip install cuml` to install.
2025-04-22 01:20:21,041:WARNING:
'cuml' is a soft dependency and not included in the pycaret installation. Please run: `pip install cuml` to install.
2025-04-22 01:20:21,041:WARNING:
'cuml' is a soft dependency and not included in the pycaret installation. Please run: `pip install cuml` to install.
2025-04-22 01:20:22,044:INFO:Initializing load_model()
2025-04-22 01:20:22,045:INFO:load_model(model_name=model/phishingdetection, platform=None, authentication=None, verbose=True)
2025-04-22 01:20:22,048:WARNING:C:\Users\Administrator\Desktop\phishing detector project\.venv\lib\site-packages\sklearn\base.py:376: InconsistentVersionWarning: Trying to unpickle estimator SimpleImputer from version 1.2.2 when using version 1.4.2. This might lead to breaking code or invalid results. Use at your own risk. For more info please refer to:
https://scikit-learn.org/stable/model_persistence.html#security-maintainability-limitations
  warnings.warn(

2025-04-22 01:20:22,049:WARNING:C:\Users\Administrator\Desktop\phishing detector project\.venv\lib\site-packages\sklearn\base.py:376: InconsistentVersionWarning: Trying to unpickle estimator PowerTransformer from version 1.2.2 when using version 1.4.2. This might lead to breaking code or invalid results. Use at your own risk. For more info please refer to:
https://scikit-learn.org/stable/model_persistence.html#security-maintainability-limitations
  warnings.warn(

2025-04-22 01:20:22,049:WARNING:C:\Users\Administrator\Desktop\phishing detector project\.venv\lib\site-packages\sklearn\base.py:376: InconsistentVersionWarning: Trying to unpickle estimator StandardScaler from version 1.2.2 when using version 1.4.2. This might lead to breaking code or invalid results. Use at your own risk. For more info please refer to:
https://scikit-learn.org/stable/model_persistence.html#security-maintainability-limitations
  warnings.warn(

2025-04-22 01:20:22,087:WARNING:C:\Users\Administrator\Desktop\phishing detector project\.venv\lib\site-packages\sklearn\base.py:376: InconsistentVersionWarning: Trying to unpickle estimator LabelEncoder from version 1.2.2 when using version 1.4.2. This might lead to breaking code or invalid results. Use at your own risk. For more info please refer to:
https://scikit-learn.org/stable/model_persistence.html#security-maintainability-limitations
  warnings.warn(

2025-04-22 01:20:22,094:WARNING:C:\Users\Administrator\Desktop\phishing detector project\.venv\lib\site-packages\pycaret\internal\pipeline.py:146: UserWarning: Version mismatch:
current: {'deps_info': {'pip': '25.0.1', 'setuptools': '65.5.0', 'pycaret': '3.3.1', 'IPython': '8.23.0', 'ipywidgets': '8.1.2', 'tqdm': '4.66.2', 'numpy': '1.26.4', 'pandas': '2.1.4', 'jinja2': '3.1.3', 'scipy': '1.11.4', 'joblib': '1.3.2', 'sklearn': '1.4.2', 'pyod': '1.1.3', 'imblearn': '0.12.2', 'category_encoders': '2.6.3', 'lightgbm': '4.3.0', 'numba': '0.59.1', 'requests': '2.31.0', 'matplotlib': '3.7.5', 'scikitplot': '0.3.7', 'yellowbrick': '1.5', 'plotly': '5.21.0', 'plotly-resampler': 'Not installed', 'kaleido': '0.2.1', 'schemdraw': '0.15', 'statsmodels': '0.14.2', 'sktime': '0.26.0', 'tbats': '1.1.3', 'pmdarima': '2.0.4', 'psutil': '5.9.8', 'markupsafe': '2.1.5', 'pickle5': 'Not installed', 'cloudpickle': '3.0.0', 'deprecation': '2.1.0', 'xxhash': '3.4.1', 'wurlitzer': 'Not installed'}, 'python': {'version': '3.10.11', 'machine': 'AMD64'}}
pickle: {'deps_info': {'pip': '23.1.2', 'setuptools': '67.7.2', 'pycaret': '3.0.4', 'IPython': '7.34.0', 'ipywidgets': '7.7.1', 'tqdm': '4.66.1', 'numpy': '1.23.5', 'pandas': '1.5.3', 'jinja2': '3.1.2', 'scipy': '1.10.1', 'joblib': '1.3.2', 'sklearn': '1.2.2', 'pyod': '1.1.0', 'imblearn': '0.10.1', 'category_encoders': '2.6.2', 'lightgbm': '4.0.0', 'numba': '0.56.4', 'requests': '2.31.0', 'matplotlib': '3.7.1', 'scikitplot': '0.3.7', 'yellowbrick': '1.5', 'plotly': '5.15.0', 'plotly-resampler': 'Not installed', 'kaleido': '0.2.1', 'schemdraw': '0.15', 'statsmodels': '0.14.0', 'sktime': '0.22.0', 'tbats': '1.1.3', 'pmdarima': '2.0.3', 'psutil': '5.9.5', 'markupsafe': '2.1.3', 'pickle5': 'Not installed', 'cloudpickle': '2.2.1', 'deprecation': '2.1.0', 'xxhash': '3.3.0', 'wurlitzer': '3.0.3'}, 'python': {'version': '3.10.12', 'machine': 'x86_64'}}
  warnings.warn(

2025-04-22 01:28:16,539:WARNING:C:\Users\Administrator\Desktop\phishing detector project\.venv\lib\site-packages\sklearn\base.py:376: InconsistentVersionWarning: Trying to unpickle estimator PCA from version 1.2.2 when using version 1.4.2. This might lead to breaking code or invalid results. Use at your own risk. For more info please refer to:
https://scikit-learn.org/stable/model_persistence.html#security-maintainability-limitations
  warnings.warn(

2025-04-22 01:28:16,552:INFO:Initializing predict_model()
2025-04-22 01:28:16,553:INFO:predict_model(self=<pycaret.classification.oop.ClassificationExperiment object at 0x000001DDDB213E80>, estimator=Pipeline(memory=FastMemory(location=/tmp/joblib),
         steps=[('numerical_imputer',
                 TransformerWrapper(include=['domain_att', 'URL_Length',
                                             'URL_Depth'],
                                    transformer=SimpleImputer())),
                ('categorical_imputer',
                 TransformerWrapper(include=[],
                                    transformer=SimpleImputer(strategy='most_frequent'))),
                ('transformation',
                 TransformerWrapper(transformer=PowerTransformer(standardize=False))),
                ('normalize', TransformerWrapper(transformer=StandardScaler())),
                ('clean_column_names',
                 TransformerWrapper(transformer=CleanColumnNames())),
                ('trained_model', LGBMClassifier(n_jobs=-1, random_state=321))]), probability_threshold=None, encoded_labels=False, raw_score=False, round=4, verbose=True, ml_usecase=None, preprocess=True, encode_labels=<function _SupervisedExperiment.predict_model.<locals>.encode_labels at 0x000001DDDB1CE680>)
2025-04-22 01:28:16,553:INFO:Checking exceptions
2025-04-22 01:28:16,553:INFO:Preloading libraries
2025-04-22 01:28:16,553:INFO:Set up data.
2025-04-22 01:28:16,557:INFO:Set up index.
2025-04-22 01:28:20,857:WARNING:C:\Users\Administrator\Desktop\phishing detector project\.venv\lib\site-packages\sklearn\base.py:376: InconsistentVersionWarning: Trying to unpickle estimator PCA from version 1.2.2 when using version 1.4.2. This might lead to breaking code or invalid results. Use at your own risk. For more info please refer to:
https://scikit-learn.org/stable/model_persistence.html#security-maintainability-limitations
  warnings.warn(

2025-04-22 01:28:20,874:INFO:Initializing predict_model()
2025-04-22 01:28:20,874:INFO:predict_model(self=<pycaret.classification.oop.ClassificationExperiment object at 0x000001DDDB294C40>, estimator=Pipeline(memory=FastMemory(location=/tmp/joblib),
         steps=[('numerical_imputer',
                 TransformerWrapper(include=['domain_att', 'URL_Length',
                                             'URL_Depth'],
                                    transformer=SimpleImputer())),
                ('categorical_imputer',
                 TransformerWrapper(include=[],
                                    transformer=SimpleImputer(strategy='most_frequent'))),
                ('transformation',
                 TransformerWrapper(transformer=PowerTransformer(standardize=False))),
                ('normalize', TransformerWrapper(transformer=StandardScaler())),
                ('clean_column_names',
                 TransformerWrapper(transformer=CleanColumnNames())),
                ('trained_model', LGBMClassifier(n_jobs=-1, random_state=321))]), probability_threshold=None, encoded_labels=False, raw_score=False, round=4, verbose=True, ml_usecase=None, preprocess=True, encode_labels=<function _SupervisedExperiment.predict_model.<locals>.encode_labels at 0x000001DDDB1CE560>)
2025-04-22 01:28:20,874:INFO:Checking exceptions
2025-04-22 01:28:20,874:INFO:Preloading libraries
2025-04-22 01:28:20,874:INFO:Set up data.
2025-04-22 01:28:20,874:INFO:Set up index.
2025-04-22 01:28:25,649:WARNING:C:\Users\Administrator\Desktop\phishing detector project\.venv\lib\site-packages\sklearn\base.py:376: InconsistentVersionWarning: Trying to unpickle estimator PCA from version 1.2.2 when using version 1.4.2. This might lead to breaking code or invalid results. Use at your own risk. For more info please refer to:
https://scikit-learn.org/stable/model_persistence.html#security-maintainability-limitations
  warnings.warn(

2025-04-22 01:28:25,702:INFO:Initializing predict_model()
2025-04-22 01:28:25,702:INFO:predict_model(self=<pycaret.classification.oop.ClassificationExperiment object at 0x000001DDDB1E4A30>, estimator=Pipeline(memory=FastMemory(location=/tmp/joblib),
         steps=[('numerical_imputer',
                 TransformerWrapper(include=['domain_att', 'URL_Length',
                                             'URL_Depth'],
                                    transformer=SimpleImputer())),
                ('categorical_imputer',
                 TransformerWrapper(include=[],
                                    transformer=SimpleImputer(strategy='most_frequent'))),
                ('transformation',
                 TransformerWrapper(transformer=PowerTransformer(standardize=False))),
                ('normalize', TransformerWrapper(transformer=StandardScaler())),
                ('clean_column_names',
                 TransformerWrapper(transformer=CleanColumnNames())),
                ('trained_model', LGBMClassifier(n_jobs=-1, random_state=321))]), probability_threshold=None, encoded_labels=False, raw_score=False, round=4, verbose=True, ml_usecase=None, preprocess=True, encode_labels=<function _SupervisedExperiment.predict_model.<locals>.encode_labels at 0x000001DDDB1CF7F0>)
2025-04-22 01:28:25,702:INFO:Checking exceptions
2025-04-22 01:28:25,702:INFO:Preloading libraries
2025-04-22 01:28:25,704:INFO:Set up data.
2025-04-22 01:28:25,721:INFO:Set up index.
2025-04-22 10:59:05,489:WARNING:
'cuml' is a soft dependency and not included in the pycaret installation. Please run: `pip install cuml` to install.
2025-04-22 10:59:05,489:WARNING:
'cuml' is a soft dependency and not included in the pycaret installation. Please run: `pip install cuml` to install.
2025-04-22 10:59:05,489:WARNING:
'cuml' is a soft dependency and not included in the pycaret installation. Please run: `pip install cuml` to install.
2025-04-22 10:59:05,489:WARNING:
'cuml' is a soft dependency and not included in the pycaret installation. Please run: `pip install cuml` to install.
2025-04-22 10:59:08,099:INFO:Initializing load_model()
2025-04-22 10:59:08,099:INFO:load_model(model_name=model/phishingdetection, platform=None, authentication=None, verbose=True)
2025-04-22 10:59:08,106:WARNING:C:\Users\Administrator\Desktop\phishing detector project\.venv\lib\site-packages\sklearn\base.py:376: InconsistentVersionWarning: Trying to unpickle estimator SimpleImputer from version 1.2.2 when using version 1.4.2. This might lead to breaking code or invalid results. Use at your own risk. For more info please refer to:
https://scikit-learn.org/stable/model_persistence.html#security-maintainability-limitations
  warnings.warn(

2025-04-22 10:59:08,107:WARNING:C:\Users\Administrator\Desktop\phishing detector project\.venv\lib\site-packages\sklearn\base.py:376: InconsistentVersionWarning: Trying to unpickle estimator PowerTransformer from version 1.2.2 when using version 1.4.2. This might lead to breaking code or invalid results. Use at your own risk. For more info please refer to:
https://scikit-learn.org/stable/model_persistence.html#security-maintainability-limitations
  warnings.warn(

2025-04-22 10:59:08,107:WARNING:C:\Users\Administrator\Desktop\phishing detector project\.venv\lib\site-packages\sklearn\base.py:376: InconsistentVersionWarning: Trying to unpickle estimator StandardScaler from version 1.2.2 when using version 1.4.2. This might lead to breaking code or invalid results. Use at your own risk. For more info please refer to:
https://scikit-learn.org/stable/model_persistence.html#security-maintainability-limitations
  warnings.warn(

2025-04-22 10:59:08,162:WARNING:C:\Users\Administrator\Desktop\phishing detector project\.venv\lib\site-packages\sklearn\base.py:376: InconsistentVersionWarning: Trying to unpickle estimator LabelEncoder from version 1.2.2 when using version 1.4.2. This might lead to breaking code or invalid results. Use at your own risk. For more info please refer to:
https://scikit-learn.org/stable/model_persistence.html#security-maintainability-limitations
  warnings.warn(

2025-04-22 10:59:08,172:WARNING:C:\Users\Administrator\Desktop\phishing detector project\.venv\lib\site-packages\pycaret\internal\pipeline.py:146: UserWarning: Version mismatch:
current: {'deps_info': {'pip': '25.0.1', 'setuptools': '65.5.0', 'pycaret': '3.3.1', 'IPython': '8.23.0', 'ipywidgets': '8.1.2', 'tqdm': '4.66.2', 'numpy': '1.26.4', 'pandas': '2.1.4', 'jinja2': '3.1.3', 'scipy': '1.11.4', 'joblib': '1.3.2', 'sklearn': '1.4.2', 'pyod': '1.1.3', 'imblearn': '0.12.2', 'category_encoders': '2.6.3', 'lightgbm': '4.3.0', 'numba': '0.59.1', 'requests': '2.31.0', 'matplotlib': '3.7.5', 'scikitplot': '0.3.7', 'yellowbrick': '1.5', 'plotly': '5.21.0', 'plotly-resampler': 'Not installed', 'kaleido': '0.2.1', 'schemdraw': '0.15', 'statsmodels': '0.14.2', 'sktime': '0.26.0', 'tbats': '1.1.3', 'pmdarima': '2.0.4', 'psutil': '5.9.8', 'markupsafe': '2.1.5', 'pickle5': 'Not installed', 'cloudpickle': '3.0.0', 'deprecation': '2.1.0', 'xxhash': '3.4.1', 'wurlitzer': 'Not installed'}, 'python': {'version': '3.10.11', 'machine': 'AMD64'}}
pickle: {'deps_info': {'pip': '23.1.2', 'setuptools': '67.7.2', 'pycaret': '3.0.4', 'IPython': '7.34.0', 'ipywidgets': '7.7.1', 'tqdm': '4.66.1', 'numpy': '1.23.5', 'pandas': '1.5.3', 'jinja2': '3.1.2', 'scipy': '1.10.1', 'joblib': '1.3.2', 'sklearn': '1.2.2', 'pyod': '1.1.0', 'imblearn': '0.10.1', 'category_encoders': '2.6.2', 'lightgbm': '4.0.0', 'numba': '0.56.4', 'requests': '2.31.0', 'matplotlib': '3.7.1', 'scikitplot': '0.3.7', 'yellowbrick': '1.5', 'plotly': '5.15.0', 'plotly-resampler': 'Not installed', 'kaleido': '0.2.1', 'schemdraw': '0.15', 'statsmodels': '0.14.0', 'sktime': '0.22.0', 'tbats': '1.1.3', 'pmdarima': '2.0.3', 'psutil': '5.9.5', 'markupsafe': '2.1.3', 'pickle5': 'Not installed', 'cloudpickle': '2.2.1', 'deprecation': '2.1.0', 'xxhash': '3.3.0', 'wurlitzer': '3.0.3'}, 'python': {'version': '3.10.12', 'machine': 'x86_64'}}
  warnings.warn(

2025-04-22 10:59:11,703:WARNING:
'cuml' is a soft dependency and not included in the pycaret installation. Please run: `pip install cuml` to install.
2025-04-22 10:59:11,703:WARNING:
'cuml' is a soft dependency and not included in the pycaret installation. Please run: `pip install cuml` to install.
2025-04-22 10:59:11,703:WARNING:
'cuml' is a soft dependency and not included in the pycaret installation. Please run: `pip install cuml` to install.
2025-04-22 10:59:11,703:WARNING:
'cuml' is a soft dependency and not included in the pycaret installation. Please run: `pip install cuml` to install.
2025-04-22 10:59:12,955:INFO:Initializing load_model()
2025-04-22 10:59:12,955:INFO:load_model(model_name=model/phishingdetection, platform=None, authentication=None, verbose=True)
2025-04-22 10:59:12,959:WARNING:C:\Users\Administrator\Desktop\phishing detector project\.venv\lib\site-packages\sklearn\base.py:376: InconsistentVersionWarning: Trying to unpickle estimator SimpleImputer from version 1.2.2 when using version 1.4.2. This might lead to breaking code or invalid results. Use at your own risk. For more info please refer to:
https://scikit-learn.org/stable/model_persistence.html#security-maintainability-limitations
  warnings.warn(

2025-04-22 10:59:12,959:WARNING:C:\Users\Administrator\Desktop\phishing detector project\.venv\lib\site-packages\sklearn\base.py:376: InconsistentVersionWarning: Trying to unpickle estimator PowerTransformer from version 1.2.2 when using version 1.4.2. This might lead to breaking code or invalid results. Use at your own risk. For more info please refer to:
https://scikit-learn.org/stable/model_persistence.html#security-maintainability-limitations
  warnings.warn(

2025-04-22 10:59:12,959:WARNING:C:\Users\Administrator\Desktop\phishing detector project\.venv\lib\site-packages\sklearn\base.py:376: InconsistentVersionWarning: Trying to unpickle estimator StandardScaler from version 1.2.2 when using version 1.4.2. This might lead to breaking code or invalid results. Use at your own risk. For more info please refer to:
https://scikit-learn.org/stable/model_persistence.html#security-maintainability-limitations
  warnings.warn(

2025-04-22 10:59:13,000:WARNING:C:\Users\Administrator\Desktop\phishing detector project\.venv\lib\site-packages\sklearn\base.py:376: InconsistentVersionWarning: Trying to unpickle estimator LabelEncoder from version 1.2.2 when using version 1.4.2. This might lead to breaking code or invalid results. Use at your own risk. For more info please refer to:
https://scikit-learn.org/stable/model_persistence.html#security-maintainability-limitations
  warnings.warn(

2025-04-22 10:59:13,011:WARNING:C:\Users\Administrator\Desktop\phishing detector project\.venv\lib\site-packages\pycaret\internal\pipeline.py:146: UserWarning: Version mismatch:
current: {'deps_info': {'pip': '25.0.1', 'setuptools': '65.5.0', 'pycaret': '3.3.1', 'IPython': '8.23.0', 'ipywidgets': '8.1.2', 'tqdm': '4.66.2', 'numpy': '1.26.4', 'pandas': '2.1.4', 'jinja2': '3.1.3', 'scipy': '1.11.4', 'joblib': '1.3.2', 'sklearn': '1.4.2', 'pyod': '1.1.3', 'imblearn': '0.12.2', 'category_encoders': '2.6.3', 'lightgbm': '4.3.0', 'numba': '0.59.1', 'requests': '2.31.0', 'matplotlib': '3.7.5', 'scikitplot': '0.3.7', 'yellowbrick': '1.5', 'plotly': '5.21.0', 'plotly-resampler': 'Not installed', 'kaleido': '0.2.1', 'schemdraw': '0.15', 'statsmodels': '0.14.2', 'sktime': '0.26.0', 'tbats': '1.1.3', 'pmdarima': '2.0.4', 'psutil': '5.9.8', 'markupsafe': '2.1.5', 'pickle5': 'Not installed', 'cloudpickle': '3.0.0', 'deprecation': '2.1.0', 'xxhash': '3.4.1', 'wurlitzer': 'Not installed'}, 'python': {'version': '3.10.11', 'machine': 'AMD64'}}
pickle: {'deps_info': {'pip': '23.1.2', 'setuptools': '67.7.2', 'pycaret': '3.0.4', 'IPython': '7.34.0', 'ipywidgets': '7.7.1', 'tqdm': '4.66.1', 'numpy': '1.23.5', 'pandas': '1.5.3', 'jinja2': '3.1.2', 'scipy': '1.10.1', 'joblib': '1.3.2', 'sklearn': '1.2.2', 'pyod': '1.1.0', 'imblearn': '0.10.1', 'category_encoders': '2.6.2', 'lightgbm': '4.0.0', 'numba': '0.56.4', 'requests': '2.31.0', 'matplotlib': '3.7.1', 'scikitplot': '0.3.7', 'yellowbrick': '1.5', 'plotly': '5.15.0', 'plotly-resampler': 'Not installed', 'kaleido': '0.2.1', 'schemdraw': '0.15', 'statsmodels': '0.14.0', 'sktime': '0.22.0', 'tbats': '1.1.3', 'pmdarima': '2.0.3', 'psutil': '5.9.5', 'markupsafe': '2.1.3', 'pickle5': 'Not installed', 'cloudpickle': '2.2.1', 'deprecation': '2.1.0', 'xxhash': '3.3.0', 'wurlitzer': '3.0.3'}, 'python': {'version': '3.10.12', 'machine': 'x86_64'}}
  warnings.warn(

2025-04-22 11:02:41,998:WARNING:C:\Users\Administrator\Desktop\phishing detector project\.venv\lib\site-packages\sklearn\base.py:376: InconsistentVersionWarning: Trying to unpickle estimator PCA from version 1.2.2 when using version 1.4.2. This might lead to breaking code or invalid results. Use at your own risk. For more info please refer to:
https://scikit-learn.org/stable/model_persistence.html#security-maintainability-limitations
  warnings.warn(

2025-04-22 11:02:42,041:INFO:Initializing predict_model()
2025-04-22 11:02:42,041:INFO:predict_model(self=<pycaret.classification.oop.ClassificationExperiment object at 0x0000025A8E8ADA80>, estimator=Pipeline(memory=FastMemory(location=/tmp/joblib),
         steps=[('numerical_imputer',
                 TransformerWrapper(include=['domain_att', 'URL_Length',
                                             'URL_Depth'],
                                    transformer=SimpleImputer())),
                ('categorical_imputer',
                 TransformerWrapper(include=[],
                                    transformer=SimpleImputer(strategy='most_frequent'))),
                ('transformation',
                 TransformerWrapper(transformer=PowerTransformer(standardize=False))),
                ('normalize', TransformerWrapper(transformer=StandardScaler())),
                ('clean_column_names',
                 TransformerWrapper(transformer=CleanColumnNames())),
                ('trained_model', LGBMClassifier(n_jobs=-1, random_state=321))]), probability_threshold=None, encoded_labels=False, raw_score=False, round=4, verbose=True, ml_usecase=None, preprocess=True, encode_labels=<function _SupervisedExperiment.predict_model.<locals>.encode_labels at 0x0000025A8E8B2A70>)
2025-04-22 11:02:42,041:INFO:Checking exceptions
2025-04-22 11:02:42,041:INFO:Preloading libraries
2025-04-22 11:02:42,041:INFO:Set up data.
2025-04-22 11:02:42,048:INFO:Set up index.
2025-04-22 11:02:52,937:WARNING:C:\Users\Administrator\Desktop\phishing detector project\.venv\lib\site-packages\sklearn\base.py:376: InconsistentVersionWarning: Trying to unpickle estimator PCA from version 1.2.2 when using version 1.4.2. This might lead to breaking code or invalid results. Use at your own risk. For more info please refer to:
https://scikit-learn.org/stable/model_persistence.html#security-maintainability-limitations
  warnings.warn(

2025-04-22 11:02:52,956:INFO:Initializing predict_model()
2025-04-22 11:02:52,956:INFO:predict_model(self=<pycaret.classification.oop.ClassificationExperiment object at 0x0000025A8E8F9E70>, estimator=Pipeline(memory=FastMemory(location=/tmp/joblib),
         steps=[('numerical_imputer',
                 TransformerWrapper(include=['domain_att', 'URL_Length',
                                             'URL_Depth'],
                                    transformer=SimpleImputer())),
                ('categorical_imputer',
                 TransformerWrapper(include=[],
                                    transformer=SimpleImputer(strategy='most_frequent'))),
                ('transformation',
                 TransformerWrapper(transformer=PowerTransformer(standardize=False))),
                ('normalize', TransformerWrapper(transformer=StandardScaler())),
                ('clean_column_names',
                 TransformerWrapper(transformer=CleanColumnNames())),
                ('trained_model', LGBMClassifier(n_jobs=-1, random_state=321))]), probability_threshold=None, encoded_labels=False, raw_score=False, round=4, verbose=True, ml_usecase=None, preprocess=True, encode_labels=<function _SupervisedExperiment.predict_model.<locals>.encode_labels at 0x0000025A8E8B3010>)
2025-04-22 11:02:52,956:INFO:Checking exceptions
2025-04-22 11:02:52,956:INFO:Preloading libraries
2025-04-22 11:02:52,956:INFO:Set up data.
2025-04-22 11:02:52,969:INFO:Set up index.
2025-04-22 11:02:58,101:WARNING:C:\Users\Administrator\Desktop\phishing detector project\.venv\lib\site-packages\sklearn\base.py:376: InconsistentVersionWarning: Trying to unpickle estimator PCA from version 1.2.2 when using version 1.4.2. This might lead to breaking code or invalid results. Use at your own risk. For more info please refer to:
https://scikit-learn.org/stable/model_persistence.html#security-maintainability-limitations
  warnings.warn(

2025-04-22 11:02:58,118:INFO:Initializing predict_model()
2025-04-22 11:02:58,118:INFO:predict_model(self=<pycaret.classification.oop.ClassificationExperiment object at 0x0000025A8E8AD960>, estimator=Pipeline(memory=FastMemory(location=/tmp/joblib),
         steps=[('numerical_imputer',
                 TransformerWrapper(include=['domain_att', 'URL_Length',
                                             'URL_Depth'],
                                    transformer=SimpleImputer())),
                ('categorical_imputer',
                 TransformerWrapper(include=[],
                                    transformer=SimpleImputer(strategy='most_frequent'))),
                ('transformation',
                 TransformerWrapper(transformer=PowerTransformer(standardize=False))),
                ('normalize', TransformerWrapper(transformer=StandardScaler())),
                ('clean_column_names',
                 TransformerWrapper(transformer=CleanColumnNames())),
                ('trained_model', LGBMClassifier(n_jobs=-1, random_state=321))]), probability_threshold=None, encoded_labels=False, raw_score=False, round=4, verbose=True, ml_usecase=None, preprocess=True, encode_labels=<function _SupervisedExperiment.predict_model.<locals>.encode_labels at 0x0000025A8E8B31C0>)
2025-04-22 11:02:58,118:INFO:Checking exceptions
2025-04-22 11:02:58,118:INFO:Preloading libraries
2025-04-22 11:02:58,118:INFO:Set up data.
2025-04-22 11:02:58,135:INFO:Set up index.
2025-04-22 11:08:01,667:WARNING:C:\Users\Administrator\Desktop\phishing detector project\.venv\lib\site-packages\sklearn\base.py:376: InconsistentVersionWarning: Trying to unpickle estimator PCA from version 1.2.2 when using version 1.4.2. This might lead to breaking code or invalid results. Use at your own risk. For more info please refer to:
https://scikit-learn.org/stable/model_persistence.html#security-maintainability-limitations
  warnings.warn(

2025-04-22 11:08:01,681:INFO:Initializing predict_model()
2025-04-22 11:08:01,681:INFO:predict_model(self=<pycaret.classification.oop.ClassificationExperiment object at 0x0000025A8E8F9900>, estimator=Pipeline(memory=FastMemory(location=/tmp/joblib),
         steps=[('numerical_imputer',
                 TransformerWrapper(include=['domain_att', 'URL_Length',
                                             'URL_Depth'],
                                    transformer=SimpleImputer())),
                ('categorical_imputer',
                 TransformerWrapper(include=[],
                                    transformer=SimpleImputer(strategy='most_frequent'))),
                ('transformation',
                 TransformerWrapper(transformer=PowerTransformer(standardize=False))),
                ('normalize', TransformerWrapper(transformer=StandardScaler())),
                ('clean_column_names',
                 TransformerWrapper(transformer=CleanColumnNames())),
                ('trained_model', LGBMClassifier(n_jobs=-1, random_state=321))]), probability_threshold=None, encoded_labels=False, raw_score=False, round=4, verbose=True, ml_usecase=None, preprocess=True, encode_labels=<function _SupervisedExperiment.predict_model.<locals>.encode_labels at 0x0000025A8E8B31C0>)
2025-04-22 11:08:01,681:INFO:Checking exceptions
2025-04-22 11:08:01,681:INFO:Preloading libraries
2025-04-22 11:08:01,681:INFO:Set up data.
2025-04-22 11:08:01,686:INFO:Set up index.
2025-04-22 11:10:18,725:WARNING:
'cuml' is a soft dependency and not included in the pycaret installation. Please run: `pip install cuml` to install.
2025-04-22 11:10:18,725:WARNING:
'cuml' is a soft dependency and not included in the pycaret installation. Please run: `pip install cuml` to install.
2025-04-22 11:10:18,725:WARNING:
'cuml' is a soft dependency and not included in the pycaret installation. Please run: `pip install cuml` to install.
2025-04-22 11:10:18,725:WARNING:
'cuml' is a soft dependency and not included in the pycaret installation. Please run: `pip install cuml` to install.
2025-04-22 11:10:19,849:INFO:Initializing load_model()
2025-04-22 11:10:19,849:INFO:load_model(model_name=model/phishingdetection, platform=None, authentication=None, verbose=True)
2025-04-22 11:10:19,849:WARNING:C:\Users\Administrator\Desktop\phishing detector project\.venv\lib\site-packages\sklearn\base.py:376: InconsistentVersionWarning: Trying to unpickle estimator SimpleImputer from version 1.2.2 when using version 1.4.2. This might lead to breaking code or invalid results. Use at your own risk. For more info please refer to:
https://scikit-learn.org/stable/model_persistence.html#security-maintainability-limitations
  warnings.warn(

2025-04-22 11:10:19,849:WARNING:C:\Users\Administrator\Desktop\phishing detector project\.venv\lib\site-packages\sklearn\base.py:376: InconsistentVersionWarning: Trying to unpickle estimator PowerTransformer from version 1.2.2 when using version 1.4.2. This might lead to breaking code or invalid results. Use at your own risk. For more info please refer to:
https://scikit-learn.org/stable/model_persistence.html#security-maintainability-limitations
  warnings.warn(

2025-04-22 11:10:19,849:WARNING:C:\Users\Administrator\Desktop\phishing detector project\.venv\lib\site-packages\sklearn\base.py:376: InconsistentVersionWarning: Trying to unpickle estimator StandardScaler from version 1.2.2 when using version 1.4.2. This might lead to breaking code or invalid results. Use at your own risk. For more info please refer to:
https://scikit-learn.org/stable/model_persistence.html#security-maintainability-limitations
  warnings.warn(

2025-04-22 11:10:19,892:WARNING:C:\Users\Administrator\Desktop\phishing detector project\.venv\lib\site-packages\sklearn\base.py:376: InconsistentVersionWarning: Trying to unpickle estimator LabelEncoder from version 1.2.2 when using version 1.4.2. This might lead to breaking code or invalid results. Use at your own risk. For more info please refer to:
https://scikit-learn.org/stable/model_persistence.html#security-maintainability-limitations
  warnings.warn(

2025-04-22 11:10:19,902:WARNING:C:\Users\Administrator\Desktop\phishing detector project\.venv\lib\site-packages\pycaret\internal\pipeline.py:146: UserWarning: Version mismatch:
current: {'deps_info': {'pip': '25.0.1', 'setuptools': '65.5.0', 'pycaret': '3.3.1', 'IPython': '8.23.0', 'ipywidgets': '8.1.2', 'tqdm': '4.66.2', 'numpy': '1.26.4', 'pandas': '2.1.4', 'jinja2': '3.1.3', 'scipy': '1.11.4', 'joblib': '1.3.2', 'sklearn': '1.4.2', 'pyod': '1.1.3', 'imblearn': '0.12.2', 'category_encoders': '2.6.3', 'lightgbm': '4.3.0', 'numba': '0.59.1', 'requests': '2.31.0', 'matplotlib': '3.7.5', 'scikitplot': '0.3.7', 'yellowbrick': '1.5', 'plotly': '5.21.0', 'plotly-resampler': 'Not installed', 'kaleido': '0.2.1', 'schemdraw': '0.15', 'statsmodels': '0.14.2', 'sktime': '0.26.0', 'tbats': '1.1.3', 'pmdarima': '2.0.4', 'psutil': '5.9.8', 'markupsafe': '2.1.5', 'pickle5': 'Not installed', 'cloudpickle': '3.0.0', 'deprecation': '2.1.0', 'xxhash': '3.4.1', 'wurlitzer': 'Not installed'}, 'python': {'version': '3.10.11', 'machine': 'AMD64'}}
pickle: {'deps_info': {'pip': '23.1.2', 'setuptools': '67.7.2', 'pycaret': '3.0.4', 'IPython': '7.34.0', 'ipywidgets': '7.7.1', 'tqdm': '4.66.1', 'numpy': '1.23.5', 'pandas': '1.5.3', 'jinja2': '3.1.2', 'scipy': '1.10.1', 'joblib': '1.3.2', 'sklearn': '1.2.2', 'pyod': '1.1.0', 'imblearn': '0.10.1', 'category_encoders': '2.6.2', 'lightgbm': '4.0.0', 'numba': '0.56.4', 'requests': '2.31.0', 'matplotlib': '3.7.1', 'scikitplot': '0.3.7', 'yellowbrick': '1.5', 'plotly': '5.15.0', 'plotly-resampler': 'Not installed', 'kaleido': '0.2.1', 'schemdraw': '0.15', 'statsmodels': '0.14.0', 'sktime': '0.22.0', 'tbats': '1.1.3', 'pmdarima': '2.0.3', 'psutil': '5.9.5', 'markupsafe': '2.1.3', 'pickle5': 'Not installed', 'cloudpickle': '2.2.1', 'deprecation': '2.1.0', 'xxhash': '3.3.0', 'wurlitzer': '3.0.3'}, 'python': {'version': '3.10.12', 'machine': 'x86_64'}}
  warnings.warn(

2025-04-22 11:10:23,214:WARNING:
'cuml' is a soft dependency and not included in the pycaret installation. Please run: `pip install cuml` to install.
2025-04-22 11:10:23,214:WARNING:
'cuml' is a soft dependency and not included in the pycaret installation. Please run: `pip install cuml` to install.
2025-04-22 11:10:23,214:WARNING:
'cuml' is a soft dependency and not included in the pycaret installation. Please run: `pip install cuml` to install.
2025-04-22 11:10:23,214:WARNING:
'cuml' is a soft dependency and not included in the pycaret installation. Please run: `pip install cuml` to install.
2025-04-22 11:10:24,373:INFO:Initializing load_model()
2025-04-22 11:10:24,373:INFO:load_model(model_name=model/phishingdetection, platform=None, authentication=None, verbose=True)
2025-04-22 11:10:24,377:WARNING:C:\Users\Administrator\Desktop\phishing detector project\.venv\lib\site-packages\sklearn\base.py:376: InconsistentVersionWarning: Trying to unpickle estimator SimpleImputer from version 1.2.2 when using version 1.4.2. This might lead to breaking code or invalid results. Use at your own risk. For more info please refer to:
https://scikit-learn.org/stable/model_persistence.html#security-maintainability-limitations
  warnings.warn(

2025-04-22 11:10:24,377:WARNING:C:\Users\Administrator\Desktop\phishing detector project\.venv\lib\site-packages\sklearn\base.py:376: InconsistentVersionWarning: Trying to unpickle estimator PowerTransformer from version 1.2.2 when using version 1.4.2. This might lead to breaking code or invalid results. Use at your own risk. For more info please refer to:
https://scikit-learn.org/stable/model_persistence.html#security-maintainability-limitations
  warnings.warn(

2025-04-22 11:10:24,377:WARNING:C:\Users\Administrator\Desktop\phishing detector project\.venv\lib\site-packages\sklearn\base.py:376: InconsistentVersionWarning: Trying to unpickle estimator StandardScaler from version 1.2.2 when using version 1.4.2. This might lead to breaking code or invalid results. Use at your own risk. For more info please refer to:
https://scikit-learn.org/stable/model_persistence.html#security-maintainability-limitations
  warnings.warn(

2025-04-22 11:10:24,416:WARNING:C:\Users\Administrator\Desktop\phishing detector project\.venv\lib\site-packages\sklearn\base.py:376: InconsistentVersionWarning: Trying to unpickle estimator LabelEncoder from version 1.2.2 when using version 1.4.2. This might lead to breaking code or invalid results. Use at your own risk. For more info please refer to:
https://scikit-learn.org/stable/model_persistence.html#security-maintainability-limitations
  warnings.warn(

2025-04-22 11:10:24,426:WARNING:C:\Users\Administrator\Desktop\phishing detector project\.venv\lib\site-packages\pycaret\internal\pipeline.py:146: UserWarning: Version mismatch:
current: {'deps_info': {'pip': '25.0.1', 'setuptools': '65.5.0', 'pycaret': '3.3.1', 'IPython': '8.23.0', 'ipywidgets': '8.1.2', 'tqdm': '4.66.2', 'numpy': '1.26.4', 'pandas': '2.1.4', 'jinja2': '3.1.3', 'scipy': '1.11.4', 'joblib': '1.3.2', 'sklearn': '1.4.2', 'pyod': '1.1.3', 'imblearn': '0.12.2', 'category_encoders': '2.6.3', 'lightgbm': '4.3.0', 'numba': '0.59.1', 'requests': '2.31.0', 'matplotlib': '3.7.5', 'scikitplot': '0.3.7', 'yellowbrick': '1.5', 'plotly': '5.21.0', 'plotly-resampler': 'Not installed', 'kaleido': '0.2.1', 'schemdraw': '0.15', 'statsmodels': '0.14.2', 'sktime': '0.26.0', 'tbats': '1.1.3', 'pmdarima': '2.0.4', 'psutil': '5.9.8', 'markupsafe': '2.1.5', 'pickle5': 'Not installed', 'cloudpickle': '3.0.0', 'deprecation': '2.1.0', 'xxhash': '3.4.1', 'wurlitzer': 'Not installed'}, 'python': {'version': '3.10.11', 'machine': 'AMD64'}}
pickle: {'deps_info': {'pip': '23.1.2', 'setuptools': '67.7.2', 'pycaret': '3.0.4', 'IPython': '7.34.0', 'ipywidgets': '7.7.1', 'tqdm': '4.66.1', 'numpy': '1.23.5', 'pandas': '1.5.3', 'jinja2': '3.1.2', 'scipy': '1.10.1', 'joblib': '1.3.2', 'sklearn': '1.2.2', 'pyod': '1.1.0', 'imblearn': '0.10.1', 'category_encoders': '2.6.2', 'lightgbm': '4.0.0', 'numba': '0.56.4', 'requests': '2.31.0', 'matplotlib': '3.7.1', 'scikitplot': '0.3.7', 'yellowbrick': '1.5', 'plotly': '5.15.0', 'plotly-resampler': 'Not installed', 'kaleido': '0.2.1', 'schemdraw': '0.15', 'statsmodels': '0.14.0', 'sktime': '0.22.0', 'tbats': '1.1.3', 'pmdarima': '2.0.3', 'psutil': '5.9.5', 'markupsafe': '2.1.3', 'pickle5': 'Not installed', 'cloudpickle': '2.2.1', 'deprecation': '2.1.0', 'xxhash': '3.3.0', 'wurlitzer': '3.0.3'}, 'python': {'version': '3.10.12', 'machine': 'x86_64'}}
  warnings.warn(

2025-04-22 11:23:58,720:WARNING:
'cuml' is a soft dependency and not included in the pycaret installation. Please run: `pip install cuml` to install.
2025-04-22 11:23:58,720:WARNING:
'cuml' is a soft dependency and not included in the pycaret installation. Please run: `pip install cuml` to install.
2025-04-22 11:23:58,720:WARNING:
'cuml' is a soft dependency and not included in the pycaret installation. Please run: `pip install cuml` to install.
2025-04-22 11:23:58,720:WARNING:
'cuml' is a soft dependency and not included in the pycaret installation. Please run: `pip install cuml` to install.
2025-04-22 11:24:00,003:INFO:Initializing load_model()
2025-04-22 11:24:00,003:INFO:load_model(model_name=model/phishingdetection, platform=None, authentication=None, verbose=True)
2025-04-22 11:24:00,003:WARNING:C:\Users\Administrator\Desktop\phishing detector project\.venv\lib\site-packages\sklearn\base.py:376: InconsistentVersionWarning: Trying to unpickle estimator SimpleImputer from version 1.2.2 when using version 1.4.2. This might lead to breaking code or invalid results. Use at your own risk. For more info please refer to:
https://scikit-learn.org/stable/model_persistence.html#security-maintainability-limitations
  warnings.warn(

2025-04-22 11:24:00,009:WARNING:C:\Users\Administrator\Desktop\phishing detector project\.venv\lib\site-packages\sklearn\base.py:376: InconsistentVersionWarning: Trying to unpickle estimator PowerTransformer from version 1.2.2 when using version 1.4.2. This might lead to breaking code or invalid results. Use at your own risk. For more info please refer to:
https://scikit-learn.org/stable/model_persistence.html#security-maintainability-limitations
  warnings.warn(

2025-04-22 11:24:00,010:WARNING:C:\Users\Administrator\Desktop\phishing detector project\.venv\lib\site-packages\sklearn\base.py:376: InconsistentVersionWarning: Trying to unpickle estimator StandardScaler from version 1.2.2 when using version 1.4.2. This might lead to breaking code or invalid results. Use at your own risk. For more info please refer to:
https://scikit-learn.org/stable/model_persistence.html#security-maintainability-limitations
  warnings.warn(

2025-04-22 11:24:00,047:WARNING:C:\Users\Administrator\Desktop\phishing detector project\.venv\lib\site-packages\sklearn\base.py:376: InconsistentVersionWarning: Trying to unpickle estimator LabelEncoder from version 1.2.2 when using version 1.4.2. This might lead to breaking code or invalid results. Use at your own risk. For more info please refer to:
https://scikit-learn.org/stable/model_persistence.html#security-maintainability-limitations
  warnings.warn(

2025-04-22 11:24:00,056:WARNING:C:\Users\Administrator\Desktop\phishing detector project\.venv\lib\site-packages\pycaret\internal\pipeline.py:146: UserWarning: Version mismatch:
current: {'deps_info': {'pip': '25.0.1', 'setuptools': '65.5.0', 'pycaret': '3.3.1', 'IPython': '8.23.0', 'ipywidgets': '8.1.2', 'tqdm': '4.66.2', 'numpy': '1.26.4', 'pandas': '2.1.4', 'jinja2': '3.1.3', 'scipy': '1.11.4', 'joblib': '1.3.2', 'sklearn': '1.4.2', 'pyod': '1.1.3', 'imblearn': '0.12.2', 'category_encoders': '2.6.3', 'lightgbm': '4.3.0', 'numba': '0.59.1', 'requests': '2.31.0', 'matplotlib': '3.7.5', 'scikitplot': '0.3.7', 'yellowbrick': '1.5', 'plotly': '5.21.0', 'plotly-resampler': 'Not installed', 'kaleido': '0.2.1', 'schemdraw': '0.15', 'statsmodels': '0.14.2', 'sktime': '0.26.0', 'tbats': '1.1.3', 'pmdarima': '2.0.4', 'psutil': '5.9.8', 'markupsafe': '2.1.5', 'pickle5': 'Not installed', 'cloudpickle': '3.0.0', 'deprecation': '2.1.0', 'xxhash': '3.4.1', 'wurlitzer': 'Not installed'}, 'python': {'version': '3.10.11', 'machine': 'AMD64'}}
pickle: {'deps_info': {'pip': '23.1.2', 'setuptools': '67.7.2', 'pycaret': '3.0.4', 'IPython': '7.34.0', 'ipywidgets': '7.7.1', 'tqdm': '4.66.1', 'numpy': '1.23.5', 'pandas': '1.5.3', 'jinja2': '3.1.2', 'scipy': '1.10.1', 'joblib': '1.3.2', 'sklearn': '1.2.2', 'pyod': '1.1.0', 'imblearn': '0.10.1', 'category_encoders': '2.6.2', 'lightgbm': '4.0.0', 'numba': '0.56.4', 'requests': '2.31.0', 'matplotlib': '3.7.1', 'scikitplot': '0.3.7', 'yellowbrick': '1.5', 'plotly': '5.15.0', 'plotly-resampler': 'Not installed', 'kaleido': '0.2.1', 'schemdraw': '0.15', 'statsmodels': '0.14.0', 'sktime': '0.22.0', 'tbats': '1.1.3', 'pmdarima': '2.0.3', 'psutil': '5.9.5', 'markupsafe': '2.1.3', 'pickle5': 'Not installed', 'cloudpickle': '2.2.1', 'deprecation': '2.1.0', 'xxhash': '3.3.0', 'wurlitzer': '3.0.3'}, 'python': {'version': '3.10.12', 'machine': 'x86_64'}}
  warnings.warn(

2025-04-22 11:25:39,968:WARNING:
'cuml' is a soft dependency and not included in the pycaret installation. Please run: `pip install cuml` to install.
2025-04-22 11:25:39,968:WARNING:
'cuml' is a soft dependency and not included in the pycaret installation. Please run: `pip install cuml` to install.
2025-04-22 11:25:39,968:WARNING:
'cuml' is a soft dependency and not included in the pycaret installation. Please run: `pip install cuml` to install.
2025-04-22 11:25:39,968:WARNING:
'cuml' is a soft dependency and not included in the pycaret installation. Please run: `pip install cuml` to install.
2025-04-22 11:25:41,210:INFO:Initializing load_model()
2025-04-22 11:25:41,210:INFO:load_model(model_name=model/phishingdetection, platform=None, authentication=None, verbose=True)
2025-04-22 11:25:41,217:WARNING:C:\Users\Administrator\Desktop\phishing detector project\.venv\lib\site-packages\sklearn\base.py:376: InconsistentVersionWarning: Trying to unpickle estimator SimpleImputer from version 1.2.2 when using version 1.4.2. This might lead to breaking code or invalid results. Use at your own risk. For more info please refer to:
https://scikit-learn.org/stable/model_persistence.html#security-maintainability-limitations
  warnings.warn(

2025-04-22 11:25:41,217:WARNING:C:\Users\Administrator\Desktop\phishing detector project\.venv\lib\site-packages\sklearn\base.py:376: InconsistentVersionWarning: Trying to unpickle estimator PowerTransformer from version 1.2.2 when using version 1.4.2. This might lead to breaking code or invalid results. Use at your own risk. For more info please refer to:
https://scikit-learn.org/stable/model_persistence.html#security-maintainability-limitations
  warnings.warn(

2025-04-22 11:25:41,217:WARNING:C:\Users\Administrator\Desktop\phishing detector project\.venv\lib\site-packages\sklearn\base.py:376: InconsistentVersionWarning: Trying to unpickle estimator StandardScaler from version 1.2.2 when using version 1.4.2. This might lead to breaking code or invalid results. Use at your own risk. For more info please refer to:
https://scikit-learn.org/stable/model_persistence.html#security-maintainability-limitations
  warnings.warn(

2025-04-22 11:25:41,268:WARNING:C:\Users\Administrator\Desktop\phishing detector project\.venv\lib\site-packages\sklearn\base.py:376: InconsistentVersionWarning: Trying to unpickle estimator LabelEncoder from version 1.2.2 when using version 1.4.2. This might lead to breaking code or invalid results. Use at your own risk. For more info please refer to:
https://scikit-learn.org/stable/model_persistence.html#security-maintainability-limitations
  warnings.warn(

2025-04-22 11:25:41,278:WARNING:C:\Users\Administrator\Desktop\phishing detector project\.venv\lib\site-packages\pycaret\internal\pipeline.py:146: UserWarning: Version mismatch:
current: {'deps_info': {'pip': '25.0.1', 'setuptools': '65.5.0', 'pycaret': '3.3.1', 'IPython': '8.23.0', 'ipywidgets': '8.1.2', 'tqdm': '4.66.2', 'numpy': '1.26.4', 'pandas': '2.1.4', 'jinja2': '3.1.3', 'scipy': '1.11.4', 'joblib': '1.3.2', 'sklearn': '1.4.2', 'pyod': '1.1.3', 'imblearn': '0.12.2', 'category_encoders': '2.6.3', 'lightgbm': '4.3.0', 'numba': '0.59.1', 'requests': '2.31.0', 'matplotlib': '3.7.5', 'scikitplot': '0.3.7', 'yellowbrick': '1.5', 'plotly': '5.21.0', 'plotly-resampler': 'Not installed', 'kaleido': '0.2.1', 'schemdraw': '0.15', 'statsmodels': '0.14.2', 'sktime': '0.26.0', 'tbats': '1.1.3', 'pmdarima': '2.0.4', 'psutil': '5.9.8', 'markupsafe': '2.1.5', 'pickle5': 'Not installed', 'cloudpickle': '3.0.0', 'deprecation': '2.1.0', 'xxhash': '3.4.1', 'wurlitzer': 'Not installed'}, 'python': {'version': '3.10.11', 'machine': 'AMD64'}}
pickle: {'deps_info': {'pip': '23.1.2', 'setuptools': '67.7.2', 'pycaret': '3.0.4', 'IPython': '7.34.0', 'ipywidgets': '7.7.1', 'tqdm': '4.66.1', 'numpy': '1.23.5', 'pandas': '1.5.3', 'jinja2': '3.1.2', 'scipy': '1.10.1', 'joblib': '1.3.2', 'sklearn': '1.2.2', 'pyod': '1.1.0', 'imblearn': '0.10.1', 'category_encoders': '2.6.2', 'lightgbm': '4.0.0', 'numba': '0.56.4', 'requests': '2.31.0', 'matplotlib': '3.7.1', 'scikitplot': '0.3.7', 'yellowbrick': '1.5', 'plotly': '5.15.0', 'plotly-resampler': 'Not installed', 'kaleido': '0.2.1', 'schemdraw': '0.15', 'statsmodels': '0.14.0', 'sktime': '0.22.0', 'tbats': '1.1.3', 'pmdarima': '2.0.3', 'psutil': '5.9.5', 'markupsafe': '2.1.3', 'pickle5': 'Not installed', 'cloudpickle': '2.2.1', 'deprecation': '2.1.0', 'xxhash': '3.3.0', 'wurlitzer': '3.0.3'}, 'python': {'version': '3.10.12', 'machine': 'x86_64'}}
  warnings.warn(

2025-04-22 11:25:51,806:WARNING:
'cuml' is a soft dependency and not included in the pycaret installation. Please run: `pip install cuml` to install.
2025-04-22 11:25:51,806:WARNING:
'cuml' is a soft dependency and not included in the pycaret installation. Please run: `pip install cuml` to install.
2025-04-22 11:25:51,806:WARNING:
'cuml' is a soft dependency and not included in the pycaret installation. Please run: `pip install cuml` to install.
2025-04-22 11:25:51,806:WARNING:
'cuml' is a soft dependency and not included in the pycaret installation. Please run: `pip install cuml` to install.
2025-04-22 11:25:53,116:INFO:Initializing load_model()
2025-04-22 11:25:53,116:INFO:load_model(model_name=model/phishingdetection, platform=None, authentication=None, verbose=True)
2025-04-22 11:25:53,117:WARNING:C:\Users\Administrator\Desktop\phishing detector project\.venv\lib\site-packages\sklearn\base.py:376: InconsistentVersionWarning: Trying to unpickle estimator SimpleImputer from version 1.2.2 when using version 1.4.2. This might lead to breaking code or invalid results. Use at your own risk. For more info please refer to:
https://scikit-learn.org/stable/model_persistence.html#security-maintainability-limitations
  warnings.warn(

2025-04-22 11:25:53,117:WARNING:C:\Users\Administrator\Desktop\phishing detector project\.venv\lib\site-packages\sklearn\base.py:376: InconsistentVersionWarning: Trying to unpickle estimator PowerTransformer from version 1.2.2 when using version 1.4.2. This might lead to breaking code or invalid results. Use at your own risk. For more info please refer to:
https://scikit-learn.org/stable/model_persistence.html#security-maintainability-limitations
  warnings.warn(

2025-04-22 11:25:53,117:WARNING:C:\Users\Administrator\Desktop\phishing detector project\.venv\lib\site-packages\sklearn\base.py:376: InconsistentVersionWarning: Trying to unpickle estimator StandardScaler from version 1.2.2 when using version 1.4.2. This might lead to breaking code or invalid results. Use at your own risk. For more info please refer to:
https://scikit-learn.org/stable/model_persistence.html#security-maintainability-limitations
  warnings.warn(

2025-04-22 11:25:53,161:WARNING:C:\Users\Administrator\Desktop\phishing detector project\.venv\lib\site-packages\sklearn\base.py:376: InconsistentVersionWarning: Trying to unpickle estimator LabelEncoder from version 1.2.2 when using version 1.4.2. This might lead to breaking code or invalid results. Use at your own risk. For more info please refer to:
https://scikit-learn.org/stable/model_persistence.html#security-maintainability-limitations
  warnings.warn(

2025-04-22 11:25:53,171:WARNING:C:\Users\Administrator\Desktop\phishing detector project\.venv\lib\site-packages\pycaret\internal\pipeline.py:146: UserWarning: Version mismatch:
current: {'deps_info': {'pip': '25.0.1', 'setuptools': '65.5.0', 'pycaret': '3.3.1', 'IPython': '8.23.0', 'ipywidgets': '8.1.2', 'tqdm': '4.66.2', 'numpy': '1.26.4', 'pandas': '2.1.4', 'jinja2': '3.1.3', 'scipy': '1.11.4', 'joblib': '1.3.2', 'sklearn': '1.4.2', 'pyod': '1.1.3', 'imblearn': '0.12.2', 'category_encoders': '2.6.3', 'lightgbm': '4.3.0', 'numba': '0.59.1', 'requests': '2.31.0', 'matplotlib': '3.7.5', 'scikitplot': '0.3.7', 'yellowbrick': '1.5', 'plotly': '5.21.0', 'plotly-resampler': 'Not installed', 'kaleido': '0.2.1', 'schemdraw': '0.15', 'statsmodels': '0.14.2', 'sktime': '0.26.0', 'tbats': '1.1.3', 'pmdarima': '2.0.4', 'psutil': '5.9.8', 'markupsafe': '2.1.5', 'pickle5': 'Not installed', 'cloudpickle': '3.0.0', 'deprecation': '2.1.0', 'xxhash': '3.4.1', 'wurlitzer': 'Not installed'}, 'python': {'version': '3.10.11', 'machine': 'AMD64'}}
pickle: {'deps_info': {'pip': '23.1.2', 'setuptools': '67.7.2', 'pycaret': '3.0.4', 'IPython': '7.34.0', 'ipywidgets': '7.7.1', 'tqdm': '4.66.1', 'numpy': '1.23.5', 'pandas': '1.5.3', 'jinja2': '3.1.2', 'scipy': '1.10.1', 'joblib': '1.3.2', 'sklearn': '1.2.2', 'pyod': '1.1.0', 'imblearn': '0.10.1', 'category_encoders': '2.6.2', 'lightgbm': '4.0.0', 'numba': '0.56.4', 'requests': '2.31.0', 'matplotlib': '3.7.1', 'scikitplot': '0.3.7', 'yellowbrick': '1.5', 'plotly': '5.15.0', 'plotly-resampler': 'Not installed', 'kaleido': '0.2.1', 'schemdraw': '0.15', 'statsmodels': '0.14.0', 'sktime': '0.22.0', 'tbats': '1.1.3', 'pmdarima': '2.0.3', 'psutil': '5.9.5', 'markupsafe': '2.1.3', 'pickle5': 'Not installed', 'cloudpickle': '2.2.1', 'deprecation': '2.1.0', 'xxhash': '3.3.0', 'wurlitzer': '3.0.3'}, 'python': {'version': '3.10.12', 'machine': 'x86_64'}}
  warnings.warn(

2025-04-22 11:49:58,728:WARNING:
'cuml' is a soft dependency and not included in the pycaret installation. Please run: `pip install cuml` to install.
2025-04-22 11:49:58,728:WARNING:
'cuml' is a soft dependency and not included in the pycaret installation. Please run: `pip install cuml` to install.
2025-04-22 11:49:58,728:WARNING:
'cuml' is a soft dependency and not included in the pycaret installation. Please run: `pip install cuml` to install.
2025-04-22 11:49:58,728:WARNING:
'cuml' is a soft dependency and not included in the pycaret installation. Please run: `pip install cuml` to install.
2025-04-22 11:50:00,078:INFO:Initializing load_model()
2025-04-22 11:50:00,078:INFO:load_model(model_name=model/phishingdetection, platform=None, authentication=None, verbose=True)
2025-04-22 11:50:00,091:WARNING:C:\Users\Administrator\Desktop\phishing detector project\.venv\lib\site-packages\sklearn\base.py:376: InconsistentVersionWarning: Trying to unpickle estimator SimpleImputer from version 1.2.2 when using version 1.4.2. This might lead to breaking code or invalid results. Use at your own risk. For more info please refer to:
https://scikit-learn.org/stable/model_persistence.html#security-maintainability-limitations
  warnings.warn(

2025-04-22 11:50:00,091:WARNING:C:\Users\Administrator\Desktop\phishing detector project\.venv\lib\site-packages\sklearn\base.py:376: InconsistentVersionWarning: Trying to unpickle estimator PowerTransformer from version 1.2.2 when using version 1.4.2. This might lead to breaking code or invalid results. Use at your own risk. For more info please refer to:
https://scikit-learn.org/stable/model_persistence.html#security-maintainability-limitations
  warnings.warn(

2025-04-22 11:50:00,091:WARNING:C:\Users\Administrator\Desktop\phishing detector project\.venv\lib\site-packages\sklearn\base.py:376: InconsistentVersionWarning: Trying to unpickle estimator StandardScaler from version 1.2.2 when using version 1.4.2. This might lead to breaking code or invalid results. Use at your own risk. For more info please refer to:
https://scikit-learn.org/stable/model_persistence.html#security-maintainability-limitations
  warnings.warn(

2025-04-22 11:50:00,149:WARNING:C:\Users\Administrator\Desktop\phishing detector project\.venv\lib\site-packages\sklearn\base.py:376: InconsistentVersionWarning: Trying to unpickle estimator LabelEncoder from version 1.2.2 when using version 1.4.2. This might lead to breaking code or invalid results. Use at your own risk. For more info please refer to:
https://scikit-learn.org/stable/model_persistence.html#security-maintainability-limitations
  warnings.warn(

2025-04-22 11:50:00,159:WARNING:C:\Users\Administrator\Desktop\phishing detector project\.venv\lib\site-packages\pycaret\internal\pipeline.py:146: UserWarning: Version mismatch:
current: {'deps_info': {'pip': '25.0.1', 'setuptools': '65.5.0', 'pycaret': '3.3.1', 'IPython': '8.23.0', 'ipywidgets': '8.1.2', 'tqdm': '4.66.2', 'numpy': '1.26.4', 'pandas': '2.1.4', 'jinja2': '3.1.3', 'scipy': '1.11.4', 'joblib': '1.3.2', 'sklearn': '1.4.2', 'pyod': '1.1.3', 'imblearn': '0.12.2', 'category_encoders': '2.6.3', 'lightgbm': '4.3.0', 'numba': '0.59.1', 'requests': '2.31.0', 'matplotlib': '3.7.5', 'scikitplot': '0.3.7', 'yellowbrick': '1.5', 'plotly': '5.21.0', 'plotly-resampler': 'Not installed', 'kaleido': '0.2.1', 'schemdraw': '0.15', 'statsmodels': '0.14.2', 'sktime': '0.26.0', 'tbats': '1.1.3', 'pmdarima': '2.0.4', 'psutil': '5.9.8', 'markupsafe': '2.1.5', 'pickle5': 'Not installed', 'cloudpickle': '3.0.0', 'deprecation': '2.1.0', 'xxhash': '3.4.1', 'wurlitzer': 'Not installed'}, 'python': {'version': '3.10.11', 'machine': 'AMD64'}}
pickle: {'deps_info': {'pip': '23.1.2', 'setuptools': '67.7.2', 'pycaret': '3.0.4', 'IPython': '7.34.0', 'ipywidgets': '7.7.1', 'tqdm': '4.66.1', 'numpy': '1.23.5', 'pandas': '1.5.3', 'jinja2': '3.1.2', 'scipy': '1.10.1', 'joblib': '1.3.2', 'sklearn': '1.2.2', 'pyod': '1.1.0', 'imblearn': '0.10.1', 'category_encoders': '2.6.2', 'lightgbm': '4.0.0', 'numba': '0.56.4', 'requests': '2.31.0', 'matplotlib': '3.7.1', 'scikitplot': '0.3.7', 'yellowbrick': '1.5', 'plotly': '5.15.0', 'plotly-resampler': 'Not installed', 'kaleido': '0.2.1', 'schemdraw': '0.15', 'statsmodels': '0.14.0', 'sktime': '0.22.0', 'tbats': '1.1.3', 'pmdarima': '2.0.3', 'psutil': '5.9.5', 'markupsafe': '2.1.3', 'pickle5': 'Not installed', 'cloudpickle': '2.2.1', 'deprecation': '2.1.0', 'xxhash': '3.3.0', 'wurlitzer': '3.0.3'}, 'python': {'version': '3.10.12', 'machine': 'x86_64'}}
  warnings.warn(

2025-04-22 11:51:45,453:WARNING:
'cuml' is a soft dependency and not included in the pycaret installation. Please run: `pip install cuml` to install.
2025-04-22 11:51:45,455:WARNING:
'cuml' is a soft dependency and not included in the pycaret installation. Please run: `pip install cuml` to install.
2025-04-22 11:51:45,455:WARNING:
'cuml' is a soft dependency and not included in the pycaret installation. Please run: `pip install cuml` to install.
2025-04-22 11:51:45,455:WARNING:
'cuml' is a soft dependency and not included in the pycaret installation. Please run: `pip install cuml` to install.
2025-04-22 11:51:46,689:INFO:Initializing load_model()
2025-04-22 11:51:46,689:INFO:load_model(model_name=model/phishingdetection, platform=None, authentication=None, verbose=True)
2025-04-22 11:51:46,689:WARNING:C:\Users\Administrator\Desktop\phishing detector project\.venv\lib\site-packages\sklearn\base.py:376: InconsistentVersionWarning: Trying to unpickle estimator SimpleImputer from version 1.2.2 when using version 1.4.2. This might lead to breaking code or invalid results. Use at your own risk. For more info please refer to:
https://scikit-learn.org/stable/model_persistence.html#security-maintainability-limitations
  warnings.warn(

2025-04-22 11:51:46,689:WARNING:C:\Users\Administrator\Desktop\phishing detector project\.venv\lib\site-packages\sklearn\base.py:376: InconsistentVersionWarning: Trying to unpickle estimator PowerTransformer from version 1.2.2 when using version 1.4.2. This might lead to breaking code or invalid results. Use at your own risk. For more info please refer to:
https://scikit-learn.org/stable/model_persistence.html#security-maintainability-limitations
  warnings.warn(

2025-04-22 11:51:46,689:WARNING:C:\Users\Administrator\Desktop\phishing detector project\.venv\lib\site-packages\sklearn\base.py:376: InconsistentVersionWarning: Trying to unpickle estimator StandardScaler from version 1.2.2 when using version 1.4.2. This might lead to breaking code or invalid results. Use at your own risk. For more info please refer to:
https://scikit-learn.org/stable/model_persistence.html#security-maintainability-limitations
  warnings.warn(

2025-04-22 11:51:46,733:WARNING:C:\Users\Administrator\Desktop\phishing detector project\.venv\lib\site-packages\sklearn\base.py:376: InconsistentVersionWarning: Trying to unpickle estimator LabelEncoder from version 1.2.2 when using version 1.4.2. This might lead to breaking code or invalid results. Use at your own risk. For more info please refer to:
https://scikit-learn.org/stable/model_persistence.html#security-maintainability-limitations
  warnings.warn(

2025-04-22 11:51:46,743:WARNING:C:\Users\Administrator\Desktop\phishing detector project\.venv\lib\site-packages\pycaret\internal\pipeline.py:146: UserWarning: Version mismatch:
current: {'deps_info': {'pip': '25.0.1', 'setuptools': '65.5.0', 'pycaret': '3.3.1', 'IPython': '8.23.0', 'ipywidgets': '8.1.2', 'tqdm': '4.66.2', 'numpy': '1.26.4', 'pandas': '2.1.4', 'jinja2': '3.1.3', 'scipy': '1.11.4', 'joblib': '1.3.2', 'sklearn': '1.4.2', 'pyod': '1.1.3', 'imblearn': '0.12.2', 'category_encoders': '2.6.3', 'lightgbm': '4.3.0', 'numba': '0.59.1', 'requests': '2.31.0', 'matplotlib': '3.7.5', 'scikitplot': '0.3.7', 'yellowbrick': '1.5', 'plotly': '5.21.0', 'plotly-resampler': 'Not installed', 'kaleido': '0.2.1', 'schemdraw': '0.15', 'statsmodels': '0.14.2', 'sktime': '0.26.0', 'tbats': '1.1.3', 'pmdarima': '2.0.4', 'psutil': '5.9.8', 'markupsafe': '2.1.5', 'pickle5': 'Not installed', 'cloudpickle': '3.0.0', 'deprecation': '2.1.0', 'xxhash': '3.4.1', 'wurlitzer': 'Not installed'}, 'python': {'version': '3.10.11', 'machine': 'AMD64'}}
pickle: {'deps_info': {'pip': '23.1.2', 'setuptools': '67.7.2', 'pycaret': '3.0.4', 'IPython': '7.34.0', 'ipywidgets': '7.7.1', 'tqdm': '4.66.1', 'numpy': '1.23.5', 'pandas': '1.5.3', 'jinja2': '3.1.2', 'scipy': '1.10.1', 'joblib': '1.3.2', 'sklearn': '1.2.2', 'pyod': '1.1.0', 'imblearn': '0.10.1', 'category_encoders': '2.6.2', 'lightgbm': '4.0.0', 'numba': '0.56.4', 'requests': '2.31.0', 'matplotlib': '3.7.1', 'scikitplot': '0.3.7', 'yellowbrick': '1.5', 'plotly': '5.15.0', 'plotly-resampler': 'Not installed', 'kaleido': '0.2.1', 'schemdraw': '0.15', 'statsmodels': '0.14.0', 'sktime': '0.22.0', 'tbats': '1.1.3', 'pmdarima': '2.0.3', 'psutil': '5.9.5', 'markupsafe': '2.1.3', 'pickle5': 'Not installed', 'cloudpickle': '2.2.1', 'deprecation': '2.1.0', 'xxhash': '3.3.0', 'wurlitzer': '3.0.3'}, 'python': {'version': '3.10.12', 'machine': 'x86_64'}}
  warnings.warn(

2025-04-22 11:57:16,764:WARNING:
'cuml' is a soft dependency and not included in the pycaret installation. Please run: `pip install cuml` to install.
2025-04-22 11:57:16,764:WARNING:
'cuml' is a soft dependency and not included in the pycaret installation. Please run: `pip install cuml` to install.
2025-04-22 11:57:16,764:WARNING:
'cuml' is a soft dependency and not included in the pycaret installation. Please run: `pip install cuml` to install.
2025-04-22 11:57:16,764:WARNING:
'cuml' is a soft dependency and not included in the pycaret installation. Please run: `pip install cuml` to install.
2025-04-22 11:57:18,051:INFO:Initializing load_model()
2025-04-22 11:57:18,051:INFO:load_model(model_name=model/phishingdetection, platform=None, authentication=None, verbose=True)
2025-04-22 11:57:18,051:WARNING:C:\Users\Administrator\Desktop\phishing detector project\.venv\lib\site-packages\sklearn\base.py:376: InconsistentVersionWarning: Trying to unpickle estimator SimpleImputer from version 1.2.2 when using version 1.4.2. This might lead to breaking code or invalid results. Use at your own risk. For more info please refer to:
https://scikit-learn.org/stable/model_persistence.html#security-maintainability-limitations
  warnings.warn(

2025-04-22 11:57:18,051:WARNING:C:\Users\Administrator\Desktop\phishing detector project\.venv\lib\site-packages\sklearn\base.py:376: InconsistentVersionWarning: Trying to unpickle estimator PowerTransformer from version 1.2.2 when using version 1.4.2. This might lead to breaking code or invalid results. Use at your own risk. For more info please refer to:
https://scikit-learn.org/stable/model_persistence.html#security-maintainability-limitations
  warnings.warn(

2025-04-22 11:57:18,051:WARNING:C:\Users\Administrator\Desktop\phishing detector project\.venv\lib\site-packages\sklearn\base.py:376: InconsistentVersionWarning: Trying to unpickle estimator StandardScaler from version 1.2.2 when using version 1.4.2. This might lead to breaking code or invalid results. Use at your own risk. For more info please refer to:
https://scikit-learn.org/stable/model_persistence.html#security-maintainability-limitations
  warnings.warn(

2025-04-22 11:57:18,101:WARNING:C:\Users\Administrator\Desktop\phishing detector project\.venv\lib\site-packages\sklearn\base.py:376: InconsistentVersionWarning: Trying to unpickle estimator LabelEncoder from version 1.2.2 when using version 1.4.2. This might lead to breaking code or invalid results. Use at your own risk. For more info please refer to:
https://scikit-learn.org/stable/model_persistence.html#security-maintainability-limitations
  warnings.warn(

2025-04-22 11:57:18,113:WARNING:C:\Users\Administrator\Desktop\phishing detector project\.venv\lib\site-packages\pycaret\internal\pipeline.py:146: UserWarning: Version mismatch:
current: {'deps_info': {'pip': '25.0.1', 'setuptools': '65.5.0', 'pycaret': '3.3.1', 'IPython': '8.23.0', 'ipywidgets': '8.1.2', 'tqdm': '4.66.2', 'numpy': '1.26.4', 'pandas': '2.1.4', 'jinja2': '3.1.3', 'scipy': '1.11.4', 'joblib': '1.3.2', 'sklearn': '1.4.2', 'pyod': '1.1.3', 'imblearn': '0.12.2', 'category_encoders': '2.6.3', 'lightgbm': '4.3.0', 'numba': '0.59.1', 'requests': '2.31.0', 'matplotlib': '3.7.5', 'scikitplot': '0.3.7', 'yellowbrick': '1.5', 'plotly': '5.21.0', 'plotly-resampler': 'Not installed', 'kaleido': '0.2.1', 'schemdraw': '0.15', 'statsmodels': '0.14.2', 'sktime': '0.26.0', 'tbats': '1.1.3', 'pmdarima': '2.0.4', 'psutil': '5.9.8', 'markupsafe': '2.1.5', 'pickle5': 'Not installed', 'cloudpickle': '3.0.0', 'deprecation': '2.1.0', 'xxhash': '3.4.1', 'wurlitzer': 'Not installed'}, 'python': {'version': '3.10.11', 'machine': 'AMD64'}}
pickle: {'deps_info': {'pip': '23.1.2', 'setuptools': '67.7.2', 'pycaret': '3.0.4', 'IPython': '7.34.0', 'ipywidgets': '7.7.1', 'tqdm': '4.66.1', 'numpy': '1.23.5', 'pandas': '1.5.3', 'jinja2': '3.1.2', 'scipy': '1.10.1', 'joblib': '1.3.2', 'sklearn': '1.2.2', 'pyod': '1.1.0', 'imblearn': '0.10.1', 'category_encoders': '2.6.2', 'lightgbm': '4.0.0', 'numba': '0.56.4', 'requests': '2.31.0', 'matplotlib': '3.7.1', 'scikitplot': '0.3.7', 'yellowbrick': '1.5', 'plotly': '5.15.0', 'plotly-resampler': 'Not installed', 'kaleido': '0.2.1', 'schemdraw': '0.15', 'statsmodels': '0.14.0', 'sktime': '0.22.0', 'tbats': '1.1.3', 'pmdarima': '2.0.3', 'psutil': '5.9.5', 'markupsafe': '2.1.3', 'pickle5': 'Not installed', 'cloudpickle': '2.2.1', 'deprecation': '2.1.0', 'xxhash': '3.3.0', 'wurlitzer': '3.0.3'}, 'python': {'version': '3.10.12', 'machine': 'x86_64'}}
  warnings.warn(

2025-04-22 11:59:47,511:WARNING:C:\Users\Administrator\Desktop\phishing detector project\.venv\lib\site-packages\sklearn\base.py:376: InconsistentVersionWarning: Trying to unpickle estimator PCA from version 1.2.2 when using version 1.4.2. This might lead to breaking code or invalid results. Use at your own risk. For more info please refer to:
https://scikit-learn.org/stable/model_persistence.html#security-maintainability-limitations
  warnings.warn(

2025-04-22 11:59:47,540:INFO:Initializing predict_model()
2025-04-22 11:59:47,540:INFO:predict_model(self=<pycaret.classification.oop.ClassificationExperiment object at 0x000002A282E599C0>, estimator=Pipeline(memory=FastMemory(location=/tmp/joblib),
         steps=[('numerical_imputer',
                 TransformerWrapper(include=['domain_att', 'URL_Length',
                                             'URL_Depth'],
                                    transformer=SimpleImputer())),
                ('categorical_imputer',
                 TransformerWrapper(include=[],
                                    transformer=SimpleImputer(strategy='most_frequent'))),
                ('transformation',
                 TransformerWrapper(transformer=PowerTransformer(standardize=False))),
                ('normalize', TransformerWrapper(transformer=StandardScaler())),
                ('clean_column_names',
                 TransformerWrapper(transformer=CleanColumnNames())),
                ('trained_model', LGBMClassifier(n_jobs=-1, random_state=321))]), probability_threshold=None, encoded_labels=False, raw_score=False, round=4, verbose=True, ml_usecase=None, preprocess=True, encode_labels=<function _SupervisedExperiment.predict_model.<locals>.encode_labels at 0x000002A282E63520>)
2025-04-22 11:59:47,540:INFO:Checking exceptions
2025-04-22 11:59:47,540:INFO:Preloading libraries
2025-04-22 11:59:47,540:INFO:Set up data.
2025-04-22 11:59:47,544:INFO:Set up index.
2025-04-22 11:59:57,267:WARNING:C:\Users\Administrator\Desktop\phishing detector project\.venv\lib\site-packages\sklearn\base.py:376: InconsistentVersionWarning: Trying to unpickle estimator PCA from version 1.2.2 when using version 1.4.2. This might lead to breaking code or invalid results. Use at your own risk. For more info please refer to:
https://scikit-learn.org/stable/model_persistence.html#security-maintainability-limitations
  warnings.warn(

2025-04-22 11:59:57,293:INFO:Initializing predict_model()
2025-04-22 11:59:57,293:INFO:predict_model(self=<pycaret.classification.oop.ClassificationExperiment object at 0x000002A280000160>, estimator=Pipeline(memory=FastMemory(location=/tmp/joblib),
         steps=[('numerical_imputer',
                 TransformerWrapper(include=['domain_att', 'URL_Length',
                                             'URL_Depth'],
                                    transformer=SimpleImputer())),
                ('categorical_imputer',
                 TransformerWrapper(include=[],
                                    transformer=SimpleImputer(strategy='most_frequent'))),
                ('transformation',
                 TransformerWrapper(transformer=PowerTransformer(standardize=False))),
                ('normalize', TransformerWrapper(transformer=StandardScaler())),
                ('clean_column_names',
                 TransformerWrapper(transformer=CleanColumnNames())),
                ('trained_model', LGBMClassifier(n_jobs=-1, random_state=321))]), probability_threshold=None, encoded_labels=False, raw_score=False, round=4, verbose=True, ml_usecase=None, preprocess=True, encode_labels=<function _SupervisedExperiment.predict_model.<locals>.encode_labels at 0x000002A282E63520>)
2025-04-22 11:59:57,293:INFO:Checking exceptions
2025-04-22 11:59:57,293:INFO:Preloading libraries
2025-04-22 11:59:57,293:INFO:Set up data.
2025-04-22 11:59:57,299:INFO:Set up index.
2025-04-22 12:00:05,918:WARNING:C:\Users\Administrator\Desktop\phishing detector project\.venv\lib\site-packages\sklearn\base.py:376: InconsistentVersionWarning: Trying to unpickle estimator PCA from version 1.2.2 when using version 1.4.2. This might lead to breaking code or invalid results. Use at your own risk. For more info please refer to:
https://scikit-learn.org/stable/model_persistence.html#security-maintainability-limitations
  warnings.warn(

2025-04-22 12:00:05,942:INFO:Initializing predict_model()
2025-04-22 12:00:05,942:INFO:predict_model(self=<pycaret.classification.oop.ClassificationExperiment object at 0x000002A282EBD3F0>, estimator=Pipeline(memory=FastMemory(location=/tmp/joblib),
         steps=[('numerical_imputer',
                 TransformerWrapper(include=['domain_att', 'URL_Length',
                                             'URL_Depth'],
                                    transformer=SimpleImputer())),
                ('categorical_imputer',
                 TransformerWrapper(include=[],
                                    transformer=SimpleImputer(strategy='most_frequent'))),
                ('transformation',
                 TransformerWrapper(transformer=PowerTransformer(standardize=False))),
                ('normalize', TransformerWrapper(transformer=StandardScaler())),
                ('clean_column_names',
                 TransformerWrapper(transformer=CleanColumnNames())),
                ('trained_model', LGBMClassifier(n_jobs=-1, random_state=321))]), probability_threshold=None, encoded_labels=False, raw_score=False, round=4, verbose=True, ml_usecase=None, preprocess=True, encode_labels=<function _SupervisedExperiment.predict_model.<locals>.encode_labels at 0x000002A282EC81F0>)
2025-04-22 12:00:05,942:INFO:Checking exceptions
2025-04-22 12:00:05,942:INFO:Preloading libraries
2025-04-22 12:00:05,944:INFO:Set up data.
2025-04-22 12:00:05,952:INFO:Set up index.
2025-04-22 12:02:00,913:WARNING:
'cuml' is a soft dependency and not included in the pycaret installation. Please run: `pip install cuml` to install.
2025-04-22 12:02:00,913:WARNING:
'cuml' is a soft dependency and not included in the pycaret installation. Please run: `pip install cuml` to install.
2025-04-22 12:02:00,913:WARNING:
'cuml' is a soft dependency and not included in the pycaret installation. Please run: `pip install cuml` to install.
2025-04-22 12:02:00,913:WARNING:
'cuml' is a soft dependency and not included in the pycaret installation. Please run: `pip install cuml` to install.
2025-04-22 12:02:02,352:INFO:Initializing load_model()
2025-04-22 12:02:02,352:INFO:load_model(model_name=model/phishingdetection, platform=None, authentication=None, verbose=True)
2025-04-22 12:02:02,352:WARNING:C:\Users\Administrator\Desktop\phishing detector project\.venv\lib\site-packages\sklearn\base.py:376: InconsistentVersionWarning: Trying to unpickle estimator SimpleImputer from version 1.2.2 when using version 1.4.2. This might lead to breaking code or invalid results. Use at your own risk. For more info please refer to:
https://scikit-learn.org/stable/model_persistence.html#security-maintainability-limitations
  warnings.warn(

2025-04-22 12:02:02,360:WARNING:C:\Users\Administrator\Desktop\phishing detector project\.venv\lib\site-packages\sklearn\base.py:376: InconsistentVersionWarning: Trying to unpickle estimator PowerTransformer from version 1.2.2 when using version 1.4.2. This might lead to breaking code or invalid results. Use at your own risk. For more info please refer to:
https://scikit-learn.org/stable/model_persistence.html#security-maintainability-limitations
  warnings.warn(

2025-04-22 12:02:02,360:WARNING:C:\Users\Administrator\Desktop\phishing detector project\.venv\lib\site-packages\sklearn\base.py:376: InconsistentVersionWarning: Trying to unpickle estimator StandardScaler from version 1.2.2 when using version 1.4.2. This might lead to breaking code or invalid results. Use at your own risk. For more info please refer to:
https://scikit-learn.org/stable/model_persistence.html#security-maintainability-limitations
  warnings.warn(

2025-04-22 12:02:02,398:WARNING:C:\Users\Administrator\Desktop\phishing detector project\.venv\lib\site-packages\sklearn\base.py:376: InconsistentVersionWarning: Trying to unpickle estimator LabelEncoder from version 1.2.2 when using version 1.4.2. This might lead to breaking code or invalid results. Use at your own risk. For more info please refer to:
https://scikit-learn.org/stable/model_persistence.html#security-maintainability-limitations
  warnings.warn(

2025-04-22 12:02:02,408:WARNING:C:\Users\Administrator\Desktop\phishing detector project\.venv\lib\site-packages\pycaret\internal\pipeline.py:146: UserWarning: Version mismatch:
current: {'deps_info': {'pip': '25.0.1', 'setuptools': '65.5.0', 'pycaret': '3.3.1', 'IPython': '8.23.0', 'ipywidgets': '8.1.2', 'tqdm': '4.66.2', 'numpy': '1.26.4', 'pandas': '2.1.4', 'jinja2': '3.1.3', 'scipy': '1.11.4', 'joblib': '1.3.2', 'sklearn': '1.4.2', 'pyod': '1.1.3', 'imblearn': '0.12.2', 'category_encoders': '2.6.3', 'lightgbm': '4.3.0', 'numba': '0.59.1', 'requests': '2.31.0', 'matplotlib': '3.7.5', 'scikitplot': '0.3.7', 'yellowbrick': '1.5', 'plotly': '5.21.0', 'plotly-resampler': 'Not installed', 'kaleido': '0.2.1', 'schemdraw': '0.15', 'statsmodels': '0.14.2', 'sktime': '0.26.0', 'tbats': '1.1.3', 'pmdarima': '2.0.4', 'psutil': '5.9.8', 'markupsafe': '2.1.5', 'pickle5': 'Not installed', 'cloudpickle': '3.0.0', 'deprecation': '2.1.0', 'xxhash': '3.4.1', 'wurlitzer': 'Not installed'}, 'python': {'version': '3.10.11', 'machine': 'AMD64'}}
pickle: {'deps_info': {'pip': '23.1.2', 'setuptools': '67.7.2', 'pycaret': '3.0.4', 'IPython': '7.34.0', 'ipywidgets': '7.7.1', 'tqdm': '4.66.1', 'numpy': '1.23.5', 'pandas': '1.5.3', 'jinja2': '3.1.2', 'scipy': '1.10.1', 'joblib': '1.3.2', 'sklearn': '1.2.2', 'pyod': '1.1.0', 'imblearn': '0.10.1', 'category_encoders': '2.6.2', 'lightgbm': '4.0.0', 'numba': '0.56.4', 'requests': '2.31.0', 'matplotlib': '3.7.1', 'scikitplot': '0.3.7', 'yellowbrick': '1.5', 'plotly': '5.15.0', 'plotly-resampler': 'Not installed', 'kaleido': '0.2.1', 'schemdraw': '0.15', 'statsmodels': '0.14.0', 'sktime': '0.22.0', 'tbats': '1.1.3', 'pmdarima': '2.0.3', 'psutil': '5.9.5', 'markupsafe': '2.1.3', 'pickle5': 'Not installed', 'cloudpickle': '2.2.1', 'deprecation': '2.1.0', 'xxhash': '3.3.0', 'wurlitzer': '3.0.3'}, 'python': {'version': '3.10.12', 'machine': 'x86_64'}}
  warnings.warn(

2025-04-22 12:02:10,539:WARNING:
'cuml' is a soft dependency and not included in the pycaret installation. Please run: `pip install cuml` to install.
2025-04-22 12:02:10,539:WARNING:
'cuml' is a soft dependency and not included in the pycaret installation. Please run: `pip install cuml` to install.
2025-04-22 12:02:10,539:WARNING:
'cuml' is a soft dependency and not included in the pycaret installation. Please run: `pip install cuml` to install.
2025-04-22 12:02:10,539:WARNING:
'cuml' is a soft dependency and not included in the pycaret installation. Please run: `pip install cuml` to install.
2025-04-22 12:02:11,908:INFO:Initializing load_model()
2025-04-22 12:02:11,908:INFO:load_model(model_name=model/phishingdetection, platform=None, authentication=None, verbose=True)
2025-04-22 12:02:11,908:WARNING:C:\Users\Administrator\Desktop\phishing detector project\.venv\lib\site-packages\sklearn\base.py:376: InconsistentVersionWarning: Trying to unpickle estimator SimpleImputer from version 1.2.2 when using version 1.4.2. This might lead to breaking code or invalid results. Use at your own risk. For more info please refer to:
https://scikit-learn.org/stable/model_persistence.html#security-maintainability-limitations
  warnings.warn(

2025-04-22 12:02:11,908:WARNING:C:\Users\Administrator\Desktop\phishing detector project\.venv\lib\site-packages\sklearn\base.py:376: InconsistentVersionWarning: Trying to unpickle estimator PowerTransformer from version 1.2.2 when using version 1.4.2. This might lead to breaking code or invalid results. Use at your own risk. For more info please refer to:
https://scikit-learn.org/stable/model_persistence.html#security-maintainability-limitations
  warnings.warn(

2025-04-22 12:02:11,908:WARNING:C:\Users\Administrator\Desktop\phishing detector project\.venv\lib\site-packages\sklearn\base.py:376: InconsistentVersionWarning: Trying to unpickle estimator StandardScaler from version 1.2.2 when using version 1.4.2. This might lead to breaking code or invalid results. Use at your own risk. For more info please refer to:
https://scikit-learn.org/stable/model_persistence.html#security-maintainability-limitations
  warnings.warn(

2025-04-22 12:02:11,953:WARNING:C:\Users\Administrator\Desktop\phishing detector project\.venv\lib\site-packages\sklearn\base.py:376: InconsistentVersionWarning: Trying to unpickle estimator LabelEncoder from version 1.2.2 when using version 1.4.2. This might lead to breaking code or invalid results. Use at your own risk. For more info please refer to:
https://scikit-learn.org/stable/model_persistence.html#security-maintainability-limitations
  warnings.warn(

2025-04-22 12:02:11,962:WARNING:C:\Users\Administrator\Desktop\phishing detector project\.venv\lib\site-packages\pycaret\internal\pipeline.py:146: UserWarning: Version mismatch:
current: {'deps_info': {'pip': '25.0.1', 'setuptools': '65.5.0', 'pycaret': '3.3.1', 'IPython': '8.23.0', 'ipywidgets': '8.1.2', 'tqdm': '4.66.2', 'numpy': '1.26.4', 'pandas': '2.1.4', 'jinja2': '3.1.3', 'scipy': '1.11.4', 'joblib': '1.3.2', 'sklearn': '1.4.2', 'pyod': '1.1.3', 'imblearn': '0.12.2', 'category_encoders': '2.6.3', 'lightgbm': '4.3.0', 'numba': '0.59.1', 'requests': '2.31.0', 'matplotlib': '3.7.5', 'scikitplot': '0.3.7', 'yellowbrick': '1.5', 'plotly': '5.21.0', 'plotly-resampler': 'Not installed', 'kaleido': '0.2.1', 'schemdraw': '0.15', 'statsmodels': '0.14.2', 'sktime': '0.26.0', 'tbats': '1.1.3', 'pmdarima': '2.0.4', 'psutil': '5.9.8', 'markupsafe': '2.1.5', 'pickle5': 'Not installed', 'cloudpickle': '3.0.0', 'deprecation': '2.1.0', 'xxhash': '3.4.1', 'wurlitzer': 'Not installed'}, 'python': {'version': '3.10.11', 'machine': 'AMD64'}}
pickle: {'deps_info': {'pip': '23.1.2', 'setuptools': '67.7.2', 'pycaret': '3.0.4', 'IPython': '7.34.0', 'ipywidgets': '7.7.1', 'tqdm': '4.66.1', 'numpy': '1.23.5', 'pandas': '1.5.3', 'jinja2': '3.1.2', 'scipy': '1.10.1', 'joblib': '1.3.2', 'sklearn': '1.2.2', 'pyod': '1.1.0', 'imblearn': '0.10.1', 'category_encoders': '2.6.2', 'lightgbm': '4.0.0', 'numba': '0.56.4', 'requests': '2.31.0', 'matplotlib': '3.7.1', 'scikitplot': '0.3.7', 'yellowbrick': '1.5', 'plotly': '5.15.0', 'plotly-resampler': 'Not installed', 'kaleido': '0.2.1', 'schemdraw': '0.15', 'statsmodels': '0.14.0', 'sktime': '0.22.0', 'tbats': '1.1.3', 'pmdarima': '2.0.3', 'psutil': '5.9.5', 'markupsafe': '2.1.3', 'pickle5': 'Not installed', 'cloudpickle': '2.2.1', 'deprecation': '2.1.0', 'xxhash': '3.3.0', 'wurlitzer': '3.0.3'}, 'python': {'version': '3.10.12', 'machine': 'x86_64'}}
  warnings.warn(

2025-04-22 12:02:42,612:WARNING:C:\Users\Administrator\Desktop\phishing detector project\.venv\lib\site-packages\sklearn\base.py:376: InconsistentVersionWarning: Trying to unpickle estimator PCA from version 1.2.2 when using version 1.4.2. This might lead to breaking code or invalid results. Use at your own risk. For more info please refer to:
https://scikit-learn.org/stable/model_persistence.html#security-maintainability-limitations
  warnings.warn(

2025-04-22 12:02:42,628:INFO:Initializing predict_model()
2025-04-22 12:02:42,630:INFO:predict_model(self=<pycaret.classification.oop.ClassificationExperiment object at 0x0000020181687220>, estimator=Pipeline(memory=FastMemory(location=/tmp/joblib),
         steps=[('numerical_imputer',
                 TransformerWrapper(include=['domain_att', 'URL_Length',
                                             'URL_Depth'],
                                    transformer=SimpleImputer())),
                ('categorical_imputer',
                 TransformerWrapper(include=[],
                                    transformer=SimpleImputer(strategy='most_frequent'))),
                ('transformation',
                 TransformerWrapper(transformer=PowerTransformer(standardize=False))),
                ('normalize', TransformerWrapper(transformer=StandardScaler())),
                ('clean_column_names',
                 TransformerWrapper(transformer=CleanColumnNames())),
                ('trained_model', LGBMClassifier(n_jobs=-1, random_state=321))]), probability_threshold=None, encoded_labels=False, raw_score=False, round=4, verbose=True, ml_usecase=None, preprocess=True, encode_labels=<function _SupervisedExperiment.predict_model.<locals>.encode_labels at 0x0000020181647B50>)
2025-04-22 12:02:42,630:INFO:Checking exceptions
2025-04-22 12:02:42,630:INFO:Preloading libraries
2025-04-22 12:02:42,630:INFO:Set up data.
2025-04-22 12:02:42,634:INFO:Set up index.
2025-04-22 12:05:33,456:WARNING:
'cuml' is a soft dependency and not included in the pycaret installation. Please run: `pip install cuml` to install.
2025-04-22 12:05:33,456:WARNING:
'cuml' is a soft dependency and not included in the pycaret installation. Please run: `pip install cuml` to install.
2025-04-22 12:05:33,456:WARNING:
'cuml' is a soft dependency and not included in the pycaret installation. Please run: `pip install cuml` to install.
2025-04-22 12:05:33,456:WARNING:
'cuml' is a soft dependency and not included in the pycaret installation. Please run: `pip install cuml` to install.
2025-04-22 12:05:34,600:INFO:Initializing load_model()
2025-04-22 12:05:34,600:INFO:load_model(model_name=model/phishingdetection, platform=None, authentication=None, verbose=True)
2025-04-22 12:05:34,600:WARNING:C:\Users\Administrator\Desktop\phishing detector project\.venv\lib\site-packages\sklearn\base.py:376: InconsistentVersionWarning: Trying to unpickle estimator SimpleImputer from version 1.2.2 when using version 1.4.2. This might lead to breaking code or invalid results. Use at your own risk. For more info please refer to:
https://scikit-learn.org/stable/model_persistence.html#security-maintainability-limitations
  warnings.warn(

2025-04-22 12:05:34,600:WARNING:C:\Users\Administrator\Desktop\phishing detector project\.venv\lib\site-packages\sklearn\base.py:376: InconsistentVersionWarning: Trying to unpickle estimator PowerTransformer from version 1.2.2 when using version 1.4.2. This might lead to breaking code or invalid results. Use at your own risk. For more info please refer to:
https://scikit-learn.org/stable/model_persistence.html#security-maintainability-limitations
  warnings.warn(

2025-04-22 12:05:34,600:WARNING:C:\Users\Administrator\Desktop\phishing detector project\.venv\lib\site-packages\sklearn\base.py:376: InconsistentVersionWarning: Trying to unpickle estimator StandardScaler from version 1.2.2 when using version 1.4.2. This might lead to breaking code or invalid results. Use at your own risk. For more info please refer to:
https://scikit-learn.org/stable/model_persistence.html#security-maintainability-limitations
  warnings.warn(

2025-04-22 12:05:34,642:WARNING:C:\Users\Administrator\Desktop\phishing detector project\.venv\lib\site-packages\sklearn\base.py:376: InconsistentVersionWarning: Trying to unpickle estimator LabelEncoder from version 1.2.2 when using version 1.4.2. This might lead to breaking code or invalid results. Use at your own risk. For more info please refer to:
https://scikit-learn.org/stable/model_persistence.html#security-maintainability-limitations
  warnings.warn(

2025-04-22 12:05:34,651:WARNING:C:\Users\Administrator\Desktop\phishing detector project\.venv\lib\site-packages\pycaret\internal\pipeline.py:146: UserWarning: Version mismatch:
current: {'deps_info': {'pip': '25.0.1', 'setuptools': '65.5.0', 'pycaret': '3.3.1', 'IPython': '8.23.0', 'ipywidgets': '8.1.2', 'tqdm': '4.66.2', 'numpy': '1.26.4', 'pandas': '2.1.4', 'jinja2': '3.1.3', 'scipy': '1.11.4', 'joblib': '1.3.2', 'sklearn': '1.4.2', 'pyod': '1.1.3', 'imblearn': '0.12.2', 'category_encoders': '2.6.3', 'lightgbm': '4.3.0', 'numba': '0.59.1', 'requests': '2.31.0', 'matplotlib': '3.7.5', 'scikitplot': '0.3.7', 'yellowbrick': '1.5', 'plotly': '5.21.0', 'plotly-resampler': 'Not installed', 'kaleido': '0.2.1', 'schemdraw': '0.15', 'statsmodels': '0.14.2', 'sktime': '0.26.0', 'tbats': '1.1.3', 'pmdarima': '2.0.4', 'psutil': '5.9.8', 'markupsafe': '2.1.5', 'pickle5': 'Not installed', 'cloudpickle': '3.0.0', 'deprecation': '2.1.0', 'xxhash': '3.4.1', 'wurlitzer': 'Not installed'}, 'python': {'version': '3.10.11', 'machine': 'AMD64'}}
pickle: {'deps_info': {'pip': '23.1.2', 'setuptools': '67.7.2', 'pycaret': '3.0.4', 'IPython': '7.34.0', 'ipywidgets': '7.7.1', 'tqdm': '4.66.1', 'numpy': '1.23.5', 'pandas': '1.5.3', 'jinja2': '3.1.2', 'scipy': '1.10.1', 'joblib': '1.3.2', 'sklearn': '1.2.2', 'pyod': '1.1.0', 'imblearn': '0.10.1', 'category_encoders': '2.6.2', 'lightgbm': '4.0.0', 'numba': '0.56.4', 'requests': '2.31.0', 'matplotlib': '3.7.1', 'scikitplot': '0.3.7', 'yellowbrick': '1.5', 'plotly': '5.15.0', 'plotly-resampler': 'Not installed', 'kaleido': '0.2.1', 'schemdraw': '0.15', 'statsmodels': '0.14.0', 'sktime': '0.22.0', 'tbats': '1.1.3', 'pmdarima': '2.0.3', 'psutil': '5.9.5', 'markupsafe': '2.1.3', 'pickle5': 'Not installed', 'cloudpickle': '2.2.1', 'deprecation': '2.1.0', 'xxhash': '3.3.0', 'wurlitzer': '3.0.3'}, 'python': {'version': '3.10.12', 'machine': 'x86_64'}}
  warnings.warn(

2025-04-22 12:26:30,265:WARNING:C:\Users\Administrator\Desktop\phishing detector project\.venv\lib\site-packages\sklearn\base.py:376: InconsistentVersionWarning: Trying to unpickle estimator PCA from version 1.2.2 when using version 1.4.2. This might lead to breaking code or invalid results. Use at your own risk. For more info please refer to:
https://scikit-learn.org/stable/model_persistence.html#security-maintainability-limitations
  warnings.warn(

2025-04-22 12:26:30,297:INFO:Initializing predict_model()
2025-04-22 12:26:30,297:INFO:predict_model(self=<pycaret.classification.oop.ClassificationExperiment object at 0x00000226A531A3E0>, estimator=Pipeline(memory=FastMemory(location=/tmp/joblib),
         steps=[('numerical_imputer',
                 TransformerWrapper(include=['domain_att', 'URL_Length',
                                             'URL_Depth'],
                                    transformer=SimpleImputer())),
                ('categorical_imputer',
                 TransformerWrapper(include=[],
                                    transformer=SimpleImputer(strategy='most_frequent'))),
                ('transformation',
                 TransformerWrapper(transformer=PowerTransformer(standardize=False))),
                ('normalize', TransformerWrapper(transformer=StandardScaler())),
                ('clean_column_names',
                 TransformerWrapper(transformer=CleanColumnNames())),
                ('trained_model', LGBMClassifier(n_jobs=-1, random_state=321))]), probability_threshold=None, encoded_labels=False, raw_score=False, round=4, verbose=True, ml_usecase=None, preprocess=True, encode_labels=<function _SupervisedExperiment.predict_model.<locals>.encode_labels at 0x00000226A5326EF0>)
2025-04-22 12:26:30,297:INFO:Checking exceptions
2025-04-22 12:26:30,297:INFO:Preloading libraries
2025-04-22 12:26:30,302:INFO:Set up data.
2025-04-22 12:26:30,305:INFO:Set up index.
2025-04-22 12:26:36,489:WARNING:C:\Users\Administrator\Desktop\phishing detector project\.venv\lib\site-packages\sklearn\base.py:376: InconsistentVersionWarning: Trying to unpickle estimator PCA from version 1.2.2 when using version 1.4.2. This might lead to breaking code or invalid results. Use at your own risk. For more info please refer to:
https://scikit-learn.org/stable/model_persistence.html#security-maintainability-limitations
  warnings.warn(

2025-04-22 12:26:36,509:INFO:Initializing predict_model()
2025-04-22 12:26:36,509:INFO:predict_model(self=<pycaret.classification.oop.ClassificationExperiment object at 0x00000226A531A650>, estimator=Pipeline(memory=FastMemory(location=/tmp/joblib),
         steps=[('numerical_imputer',
                 TransformerWrapper(include=['domain_att', 'URL_Length',
                                             'URL_Depth'],
                                    transformer=SimpleImputer())),
                ('categorical_imputer',
                 TransformerWrapper(include=[],
                                    transformer=SimpleImputer(strategy='most_frequent'))),
                ('transformation',
                 TransformerWrapper(transformer=PowerTransformer(standardize=False))),
                ('normalize', TransformerWrapper(transformer=StandardScaler())),
                ('clean_column_names',
                 TransformerWrapper(transformer=CleanColumnNames())),
                ('trained_model', LGBMClassifier(n_jobs=-1, random_state=321))]), probability_threshold=None, encoded_labels=False, raw_score=False, round=4, verbose=True, ml_usecase=None, preprocess=True, encode_labels=<function _SupervisedExperiment.predict_model.<locals>.encode_labels at 0x00000226A5326EF0>)
2025-04-22 12:26:36,509:INFO:Checking exceptions
2025-04-22 12:26:36,513:INFO:Preloading libraries
2025-04-22 12:26:36,513:INFO:Set up data.
2025-04-22 12:26:36,517:INFO:Set up index.
2025-04-22 12:34:09,086:WARNING:
'cuml' is a soft dependency and not included in the pycaret installation. Please run: `pip install cuml` to install.
2025-04-22 12:34:09,086:WARNING:
'cuml' is a soft dependency and not included in the pycaret installation. Please run: `pip install cuml` to install.
2025-04-22 12:34:09,086:WARNING:
'cuml' is a soft dependency and not included in the pycaret installation. Please run: `pip install cuml` to install.
2025-04-22 12:34:09,086:WARNING:
'cuml' is a soft dependency and not included in the pycaret installation. Please run: `pip install cuml` to install.
2025-04-22 12:34:10,340:INFO:Initializing load_model()
2025-04-22 12:34:10,340:INFO:load_model(model_name=model/phishingdetection, platform=None, authentication=None, verbose=True)
2025-04-22 12:34:10,340:WARNING:C:\Users\Administrator\Desktop\phishing detector project\.venv\lib\site-packages\sklearn\base.py:376: InconsistentVersionWarning: Trying to unpickle estimator SimpleImputer from version 1.2.2 when using version 1.4.2. This might lead to breaking code or invalid results. Use at your own risk. For more info please refer to:
https://scikit-learn.org/stable/model_persistence.html#security-maintainability-limitations
  warnings.warn(

2025-04-22 12:34:10,340:WARNING:C:\Users\Administrator\Desktop\phishing detector project\.venv\lib\site-packages\sklearn\base.py:376: InconsistentVersionWarning: Trying to unpickle estimator PowerTransformer from version 1.2.2 when using version 1.4.2. This might lead to breaking code or invalid results. Use at your own risk. For more info please refer to:
https://scikit-learn.org/stable/model_persistence.html#security-maintainability-limitations
  warnings.warn(

2025-04-22 12:34:10,340:WARNING:C:\Users\Administrator\Desktop\phishing detector project\.venv\lib\site-packages\sklearn\base.py:376: InconsistentVersionWarning: Trying to unpickle estimator StandardScaler from version 1.2.2 when using version 1.4.2. This might lead to breaking code or invalid results. Use at your own risk. For more info please refer to:
https://scikit-learn.org/stable/model_persistence.html#security-maintainability-limitations
  warnings.warn(

2025-04-22 12:34:10,383:WARNING:C:\Users\Administrator\Desktop\phishing detector project\.venv\lib\site-packages\sklearn\base.py:376: InconsistentVersionWarning: Trying to unpickle estimator LabelEncoder from version 1.2.2 when using version 1.4.2. This might lead to breaking code or invalid results. Use at your own risk. For more info please refer to:
https://scikit-learn.org/stable/model_persistence.html#security-maintainability-limitations
  warnings.warn(

2025-04-22 12:34:10,394:WARNING:C:\Users\Administrator\Desktop\phishing detector project\.venv\lib\site-packages\pycaret\internal\pipeline.py:146: UserWarning: Version mismatch:
current: {'deps_info': {'pip': '25.0.1', 'setuptools': '65.5.0', 'pycaret': '3.3.1', 'IPython': '8.23.0', 'ipywidgets': '8.1.2', 'tqdm': '4.66.2', 'numpy': '1.26.4', 'pandas': '2.1.4', 'jinja2': '3.1.3', 'scipy': '1.11.4', 'joblib': '1.3.2', 'sklearn': '1.4.2', 'pyod': '1.1.3', 'imblearn': '0.12.2', 'category_encoders': '2.6.3', 'lightgbm': '4.3.0', 'numba': '0.59.1', 'requests': '2.31.0', 'matplotlib': '3.7.5', 'scikitplot': '0.3.7', 'yellowbrick': '1.5', 'plotly': '5.21.0', 'plotly-resampler': 'Not installed', 'kaleido': '0.2.1', 'schemdraw': '0.15', 'statsmodels': '0.14.2', 'sktime': '0.26.0', 'tbats': '1.1.3', 'pmdarima': '2.0.4', 'psutil': '5.9.8', 'markupsafe': '2.1.5', 'pickle5': 'Not installed', 'cloudpickle': '3.0.0', 'deprecation': '2.1.0', 'xxhash': '3.4.1', 'wurlitzer': 'Not installed'}, 'python': {'version': '3.10.11', 'machine': 'AMD64'}}
pickle: {'deps_info': {'pip': '23.1.2', 'setuptools': '67.7.2', 'pycaret': '3.0.4', 'IPython': '7.34.0', 'ipywidgets': '7.7.1', 'tqdm': '4.66.1', 'numpy': '1.23.5', 'pandas': '1.5.3', 'jinja2': '3.1.2', 'scipy': '1.10.1', 'joblib': '1.3.2', 'sklearn': '1.2.2', 'pyod': '1.1.0', 'imblearn': '0.10.1', 'category_encoders': '2.6.2', 'lightgbm': '4.0.0', 'numba': '0.56.4', 'requests': '2.31.0', 'matplotlib': '3.7.1', 'scikitplot': '0.3.7', 'yellowbrick': '1.5', 'plotly': '5.15.0', 'plotly-resampler': 'Not installed', 'kaleido': '0.2.1', 'schemdraw': '0.15', 'statsmodels': '0.14.0', 'sktime': '0.22.0', 'tbats': '1.1.3', 'pmdarima': '2.0.3', 'psutil': '5.9.5', 'markupsafe': '2.1.3', 'pickle5': 'Not installed', 'cloudpickle': '2.2.1', 'deprecation': '2.1.0', 'xxhash': '3.3.0', 'wurlitzer': '3.0.3'}, 'python': {'version': '3.10.12', 'machine': 'x86_64'}}
  warnings.warn(

2025-04-22 12:37:25,046:WARNING:C:\Users\Administrator\Desktop\phishing detector project\.venv\lib\site-packages\sklearn\base.py:376: InconsistentVersionWarning: Trying to unpickle estimator PCA from version 1.2.2 when using version 1.4.2. This might lead to breaking code or invalid results. Use at your own risk. For more info please refer to:
https://scikit-learn.org/stable/model_persistence.html#security-maintainability-limitations
  warnings.warn(

2025-04-22 12:37:25,062:INFO:Initializing predict_model()
2025-04-22 12:37:25,062:INFO:predict_model(self=<pycaret.classification.oop.ClassificationExperiment object at 0x00000266A427F9D0>, estimator=Pipeline(memory=FastMemory(location=/tmp/joblib),
         steps=[('numerical_imputer',
                 TransformerWrapper(include=['domain_att', 'URL_Length',
                                             'URL_Depth'],
                                    transformer=SimpleImputer())),
                ('categorical_imputer',
                 TransformerWrapper(include=[],
                                    transformer=SimpleImputer(strategy='most_frequent'))),
                ('transformation',
                 TransformerWrapper(transformer=PowerTransformer(standardize=False))),
                ('normalize', TransformerWrapper(transformer=StandardScaler())),
                ('clean_column_names',
                 TransformerWrapper(transformer=CleanColumnNames())),
                ('trained_model', LGBMClassifier(n_jobs=-1, random_state=321))]), probability_threshold=None, encoded_labels=False, raw_score=False, round=4, verbose=True, ml_usecase=None, preprocess=True, encode_labels=<function _SupervisedExperiment.predict_model.<locals>.encode_labels at 0x00000266A4227640>)
2025-04-22 12:37:25,062:INFO:Checking exceptions
2025-04-22 12:37:25,062:INFO:Preloading libraries
2025-04-22 12:37:25,063:INFO:Set up data.
2025-04-22 12:37:25,066:INFO:Set up index.
2025-04-22 12:37:51,456:WARNING:C:\Users\Administrator\Desktop\phishing detector project\.venv\lib\site-packages\sklearn\base.py:376: InconsistentVersionWarning: Trying to unpickle estimator PCA from version 1.2.2 when using version 1.4.2. This might lead to breaking code or invalid results. Use at your own risk. For more info please refer to:
https://scikit-learn.org/stable/model_persistence.html#security-maintainability-limitations
  warnings.warn(

2025-04-22 12:37:51,460:INFO:Initializing predict_model()
2025-04-22 12:37:51,460:INFO:predict_model(self=<pycaret.classification.oop.ClassificationExperiment object at 0x00000266A427F130>, estimator=Pipeline(memory=FastMemory(location=/tmp/joblib),
         steps=[('numerical_imputer',
                 TransformerWrapper(include=['domain_att', 'URL_Length',
                                             'URL_Depth'],
                                    transformer=SimpleImputer())),
                ('categorical_imputer',
                 TransformerWrapper(include=[],
                                    transformer=SimpleImputer(strategy='most_frequent'))),
                ('transformation',
                 TransformerWrapper(transformer=PowerTransformer(standardize=False))),
                ('normalize', TransformerWrapper(transformer=StandardScaler())),
                ('clean_column_names',
                 TransformerWrapper(transformer=CleanColumnNames())),
                ('trained_model', LGBMClassifier(n_jobs=-1, random_state=321))]), probability_threshold=None, encoded_labels=False, raw_score=False, round=4, verbose=True, ml_usecase=None, preprocess=True, encode_labels=<function _SupervisedExperiment.predict_model.<locals>.encode_labels at 0x00000266A4227910>)
2025-04-22 12:37:51,460:INFO:Checking exceptions
2025-04-22 12:37:51,460:INFO:Preloading libraries
2025-04-22 12:37:51,460:INFO:Set up data.
2025-04-22 12:37:51,475:INFO:Set up index.
2025-04-22 13:03:47,562:WARNING:C:\Users\Administrator\Desktop\phishing detector project\.venv\lib\site-packages\sklearn\base.py:376: InconsistentVersionWarning: Trying to unpickle estimator PCA from version 1.2.2 when using version 1.4.2. This might lead to breaking code or invalid results. Use at your own risk. For more info please refer to:
https://scikit-learn.org/stable/model_persistence.html#security-maintainability-limitations
  warnings.warn(

2025-04-22 13:03:47,592:INFO:Initializing predict_model()
2025-04-22 13:03:47,593:INFO:predict_model(self=<pycaret.classification.oop.ClassificationExperiment object at 0x00000266A427E9B0>, estimator=Pipeline(memory=FastMemory(location=/tmp/joblib),
         steps=[('numerical_imputer',
                 TransformerWrapper(include=['domain_att', 'URL_Length',
                                             'URL_Depth'],
                                    transformer=SimpleImputer())),
                ('categorical_imputer',
                 TransformerWrapper(include=[],
                                    transformer=SimpleImputer(strategy='most_frequent'))),
                ('transformation',
                 TransformerWrapper(transformer=PowerTransformer(standardize=False))),
                ('normalize', TransformerWrapper(transformer=StandardScaler())),
                ('clean_column_names',
                 TransformerWrapper(transformer=CleanColumnNames())),
                ('trained_model', LGBMClassifier(n_jobs=-1, random_state=321))]), probability_threshold=None, encoded_labels=False, raw_score=False, round=4, verbose=True, ml_usecase=None, preprocess=True, encode_labels=<function _SupervisedExperiment.predict_model.<locals>.encode_labels at 0x00000266A4226DD0>)
2025-04-22 13:03:47,593:INFO:Checking exceptions
2025-04-22 13:03:47,593:INFO:Preloading libraries
2025-04-22 13:03:47,593:INFO:Set up data.
2025-04-22 13:03:47,593:INFO:Set up index.
2025-04-22 13:36:09,926:WARNING:C:\Users\Administrator\Desktop\phishing detector project\.venv\lib\site-packages\sklearn\base.py:376: InconsistentVersionWarning: Trying to unpickle estimator PCA from version 1.2.2 when using version 1.4.2. This might lead to breaking code or invalid results. Use at your own risk. For more info please refer to:
https://scikit-learn.org/stable/model_persistence.html#security-maintainability-limitations
  warnings.warn(

2025-04-22 13:36:09,971:INFO:Initializing predict_model()
2025-04-22 13:36:09,977:INFO:predict_model(self=<pycaret.classification.oop.ClassificationExperiment object at 0x00000266A43FFC40>, estimator=Pipeline(memory=FastMemory(location=/tmp/joblib),
         steps=[('numerical_imputer',
                 TransformerWrapper(include=['domain_att', 'URL_Length',
                                             'URL_Depth'],
                                    transformer=SimpleImputer())),
                ('categorical_imputer',
                 TransformerWrapper(include=[],
                                    transformer=SimpleImputer(strategy='most_frequent'))),
                ('transformation',
                 TransformerWrapper(transformer=PowerTransformer(standardize=False))),
                ('normalize', TransformerWrapper(transformer=StandardScaler())),
                ('clean_column_names',
                 TransformerWrapper(transformer=CleanColumnNames())),
                ('trained_model', LGBMClassifier(n_jobs=-1, random_state=321))]), probability_threshold=None, encoded_labels=False, raw_score=False, round=4, verbose=True, ml_usecase=None, preprocess=True, encode_labels=<function _SupervisedExperiment.predict_model.<locals>.encode_labels at 0x00000266A4439F30>)
2025-04-22 13:36:09,977:INFO:Checking exceptions
2025-04-22 13:36:09,977:INFO:Preloading libraries
2025-04-22 13:36:09,977:INFO:Set up data.
2025-04-22 13:36:09,977:INFO:Set up index.
2025-04-22 13:36:18,804:WARNING:C:\Users\Administrator\Desktop\phishing detector project\.venv\lib\site-packages\sklearn\base.py:376: InconsistentVersionWarning: Trying to unpickle estimator PCA from version 1.2.2 when using version 1.4.2. This might lead to breaking code or invalid results. Use at your own risk. For more info please refer to:
https://scikit-learn.org/stable/model_persistence.html#security-maintainability-limitations
  warnings.warn(

2025-04-22 13:36:18,815:INFO:Initializing predict_model()
2025-04-22 13:36:18,815:INFO:predict_model(self=<pycaret.classification.oop.ClassificationExperiment object at 0x00000266A421A260>, estimator=Pipeline(memory=FastMemory(location=/tmp/joblib),
         steps=[('numerical_imputer',
                 TransformerWrapper(include=['domain_att', 'URL_Length',
                                             'URL_Depth'],
                                    transformer=SimpleImputer())),
                ('categorical_imputer',
                 TransformerWrapper(include=[],
                                    transformer=SimpleImputer(strategy='most_frequent'))),
                ('transformation',
                 TransformerWrapper(transformer=PowerTransformer(standardize=False))),
                ('normalize', TransformerWrapper(transformer=StandardScaler())),
                ('clean_column_names',
                 TransformerWrapper(transformer=CleanColumnNames())),
                ('trained_model', LGBMClassifier(n_jobs=-1, random_state=321))]), probability_threshold=None, encoded_labels=False, raw_score=False, round=4, verbose=True, ml_usecase=None, preprocess=True, encode_labels=<function _SupervisedExperiment.predict_model.<locals>.encode_labels at 0x00000266A42A5A20>)
2025-04-22 13:36:18,828:INFO:Checking exceptions
2025-04-22 13:36:18,828:INFO:Preloading libraries
2025-04-22 13:36:18,828:INFO:Set up data.
2025-04-22 13:36:18,834:INFO:Set up index.
2025-04-22 13:59:09,924:WARNING:C:\Users\Administrator\Desktop\phishing detector project\.venv\lib\site-packages\sklearn\base.py:376: InconsistentVersionWarning: Trying to unpickle estimator PCA from version 1.2.2 when using version 1.4.2. This might lead to breaking code or invalid results. Use at your own risk. For more info please refer to:
https://scikit-learn.org/stable/model_persistence.html#security-maintainability-limitations
  warnings.warn(

2025-04-22 13:59:09,933:INFO:Initializing predict_model()
2025-04-22 13:59:09,933:INFO:predict_model(self=<pycaret.classification.oop.ClassificationExperiment object at 0x00000266A44010C0>, estimator=Pipeline(memory=FastMemory(location=/tmp/joblib),
         steps=[('numerical_imputer',
                 TransformerWrapper(include=['domain_att', 'URL_Length',
                                             'URL_Depth'],
                                    transformer=SimpleImputer())),
                ('categorical_imputer',
                 TransformerWrapper(include=[],
                                    transformer=SimpleImputer(strategy='most_frequent'))),
                ('transformation',
                 TransformerWrapper(transformer=PowerTransformer(standardize=False))),
                ('normalize', TransformerWrapper(transformer=StandardScaler())),
                ('clean_column_names',
                 TransformerWrapper(transformer=CleanColumnNames())),
                ('trained_model', LGBMClassifier(n_jobs=-1, random_state=321))]), probability_threshold=None, encoded_labels=False, raw_score=False, round=4, verbose=True, ml_usecase=None, preprocess=True, encode_labels=<function _SupervisedExperiment.predict_model.<locals>.encode_labels at 0x00000266A42A55A0>)
2025-04-22 13:59:09,933:INFO:Checking exceptions
2025-04-22 13:59:09,933:INFO:Preloading libraries
2025-04-22 13:59:09,934:INFO:Set up data.
2025-04-22 13:59:09,937:INFO:Set up index.
2025-04-22 13:59:15,557:WARNING:C:\Users\Administrator\Desktop\phishing detector project\.venv\lib\site-packages\sklearn\base.py:376: InconsistentVersionWarning: Trying to unpickle estimator PCA from version 1.2.2 when using version 1.4.2. This might lead to breaking code or invalid results. Use at your own risk. For more info please refer to:
https://scikit-learn.org/stable/model_persistence.html#security-maintainability-limitations
  warnings.warn(

2025-04-22 13:59:15,567:INFO:Initializing predict_model()
2025-04-22 13:59:15,567:INFO:predict_model(self=<pycaret.classification.oop.ClassificationExperiment object at 0x00000266A43FF2E0>, estimator=Pipeline(memory=FastMemory(location=/tmp/joblib),
         steps=[('numerical_imputer',
                 TransformerWrapper(include=['domain_att', 'URL_Length',
                                             'URL_Depth'],
                                    transformer=SimpleImputer())),
                ('categorical_imputer',
                 TransformerWrapper(include=[],
                                    transformer=SimpleImputer(strategy='most_frequent'))),
                ('transformation',
                 TransformerWrapper(transformer=PowerTransformer(standardize=False))),
                ('normalize', TransformerWrapper(transformer=StandardScaler())),
                ('clean_column_names',
                 TransformerWrapper(transformer=CleanColumnNames())),
                ('trained_model', LGBMClassifier(n_jobs=-1, random_state=321))]), probability_threshold=None, encoded_labels=False, raw_score=False, round=4, verbose=True, ml_usecase=None, preprocess=True, encode_labels=<function _SupervisedExperiment.predict_model.<locals>.encode_labels at 0x00000266A4226EF0>)
2025-04-22 13:59:15,567:INFO:Checking exceptions
2025-04-22 13:59:15,567:INFO:Preloading libraries
2025-04-22 13:59:15,567:INFO:Set up data.
2025-04-22 13:59:15,571:INFO:Set up index.
2025-04-22 14:01:45,608:WARNING:C:\Users\Administrator\Desktop\phishing detector project\.venv\lib\site-packages\sklearn\base.py:376: InconsistentVersionWarning: Trying to unpickle estimator PCA from version 1.2.2 when using version 1.4.2. This might lead to breaking code or invalid results. Use at your own risk. For more info please refer to:
https://scikit-learn.org/stable/model_persistence.html#security-maintainability-limitations
  warnings.warn(

2025-04-22 14:01:45,625:INFO:Initializing predict_model()
2025-04-22 14:01:45,625:INFO:predict_model(self=<pycaret.classification.oop.ClassificationExperiment object at 0x00000266A4401EA0>, estimator=Pipeline(memory=FastMemory(location=/tmp/joblib),
         steps=[('numerical_imputer',
                 TransformerWrapper(include=['domain_att', 'URL_Length',
                                             'URL_Depth'],
                                    transformer=SimpleImputer())),
                ('categorical_imputer',
                 TransformerWrapper(include=[],
                                    transformer=SimpleImputer(strategy='most_frequent'))),
                ('transformation',
                 TransformerWrapper(transformer=PowerTransformer(standardize=False))),
                ('normalize', TransformerWrapper(transformer=StandardScaler())),
                ('clean_column_names',
                 TransformerWrapper(transformer=CleanColumnNames())),
                ('trained_model', LGBMClassifier(n_jobs=-1, random_state=321))]), probability_threshold=None, encoded_labels=False, raw_score=False, round=4, verbose=True, ml_usecase=None, preprocess=True, encode_labels=<function _SupervisedExperiment.predict_model.<locals>.encode_labels at 0x00000266A4438F70>)
2025-04-22 14:01:45,625:INFO:Checking exceptions
2025-04-22 14:01:45,625:INFO:Preloading libraries
2025-04-22 14:01:45,625:INFO:Set up data.
2025-04-22 14:01:45,625:INFO:Set up index.
2025-04-23 12:38:07,156:WARNING:
'cuml' is a soft dependency and not included in the pycaret installation. Please run: `pip install cuml` to install.
2025-04-23 12:38:07,158:WARNING:
'cuml' is a soft dependency and not included in the pycaret installation. Please run: `pip install cuml` to install.
2025-04-23 12:38:07,158:WARNING:
'cuml' is a soft dependency and not included in the pycaret installation. Please run: `pip install cuml` to install.
2025-04-23 12:38:07,158:WARNING:
'cuml' is a soft dependency and not included in the pycaret installation. Please run: `pip install cuml` to install.
2025-04-23 12:38:09,885:INFO:Initializing load_model()
2025-04-23 12:38:09,885:INFO:load_model(model_name=model/phishingdetection, platform=None, authentication=None, verbose=True)
2025-04-23 12:38:09,885:WARNING:C:\Users\Administrator\Desktop\phishing detector project\.venv\lib\site-packages\sklearn\base.py:376: InconsistentVersionWarning: Trying to unpickle estimator SimpleImputer from version 1.2.2 when using version 1.4.2. This might lead to breaking code or invalid results. Use at your own risk. For more info please refer to:
https://scikit-learn.org/stable/model_persistence.html#security-maintainability-limitations
  warnings.warn(

2025-04-23 12:38:09,885:WARNING:C:\Users\Administrator\Desktop\phishing detector project\.venv\lib\site-packages\sklearn\base.py:376: InconsistentVersionWarning: Trying to unpickle estimator PowerTransformer from version 1.2.2 when using version 1.4.2. This might lead to breaking code or invalid results. Use at your own risk. For more info please refer to:
https://scikit-learn.org/stable/model_persistence.html#security-maintainability-limitations
  warnings.warn(

2025-04-23 12:38:09,885:WARNING:C:\Users\Administrator\Desktop\phishing detector project\.venv\lib\site-packages\sklearn\base.py:376: InconsistentVersionWarning: Trying to unpickle estimator StandardScaler from version 1.2.2 when using version 1.4.2. This might lead to breaking code or invalid results. Use at your own risk. For more info please refer to:
https://scikit-learn.org/stable/model_persistence.html#security-maintainability-limitations
  warnings.warn(

2025-04-23 12:38:09,969:WARNING:C:\Users\Administrator\Desktop\phishing detector project\.venv\lib\site-packages\sklearn\base.py:376: InconsistentVersionWarning: Trying to unpickle estimator LabelEncoder from version 1.2.2 when using version 1.4.2. This might lead to breaking code or invalid results. Use at your own risk. For more info please refer to:
https://scikit-learn.org/stable/model_persistence.html#security-maintainability-limitations
  warnings.warn(

2025-04-23 12:38:09,983:WARNING:C:\Users\Administrator\Desktop\phishing detector project\.venv\lib\site-packages\pycaret\internal\pipeline.py:146: UserWarning: Version mismatch:
current: {'deps_info': {'pip': '25.0.1', 'setuptools': '65.5.0', 'pycaret': '3.3.1', 'IPython': '8.23.0', 'ipywidgets': '8.1.2', 'tqdm': '4.66.2', 'numpy': '1.26.4', 'pandas': '2.1.4', 'jinja2': '3.1.3', 'scipy': '1.11.4', 'joblib': '1.3.2', 'sklearn': '1.4.2', 'pyod': '1.1.3', 'imblearn': '0.12.2', 'category_encoders': '2.6.3', 'lightgbm': '4.3.0', 'numba': '0.59.1', 'requests': '2.31.0', 'matplotlib': '3.7.5', 'scikitplot': '0.3.7', 'yellowbrick': '1.5', 'plotly': '5.21.0', 'plotly-resampler': 'Not installed', 'kaleido': '0.2.1', 'schemdraw': '0.15', 'statsmodels': '0.14.2', 'sktime': '0.26.0', 'tbats': '1.1.3', 'pmdarima': '2.0.4', 'psutil': '5.9.8', 'markupsafe': '2.1.5', 'pickle5': 'Not installed', 'cloudpickle': '3.0.0', 'deprecation': '2.1.0', 'xxhash': '3.4.1', 'wurlitzer': 'Not installed'}, 'python': {'version': '3.10.11', 'machine': 'AMD64'}}
pickle: {'deps_info': {'pip': '23.1.2', 'setuptools': '67.7.2', 'pycaret': '3.0.4', 'IPython': '7.34.0', 'ipywidgets': '7.7.1', 'tqdm': '4.66.1', 'numpy': '1.23.5', 'pandas': '1.5.3', 'jinja2': '3.1.2', 'scipy': '1.10.1', 'joblib': '1.3.2', 'sklearn': '1.2.2', 'pyod': '1.1.0', 'imblearn': '0.10.1', 'category_encoders': '2.6.2', 'lightgbm': '4.0.0', 'numba': '0.56.4', 'requests': '2.31.0', 'matplotlib': '3.7.1', 'scikitplot': '0.3.7', 'yellowbrick': '1.5', 'plotly': '5.15.0', 'plotly-resampler': 'Not installed', 'kaleido': '0.2.1', 'schemdraw': '0.15', 'statsmodels': '0.14.0', 'sktime': '0.22.0', 'tbats': '1.1.3', 'pmdarima': '2.0.3', 'psutil': '5.9.5', 'markupsafe': '2.1.3', 'pickle5': 'Not installed', 'cloudpickle': '2.2.1', 'deprecation': '2.1.0', 'xxhash': '3.3.0', 'wurlitzer': '3.0.3'}, 'python': {'version': '3.10.12', 'machine': 'x86_64'}}
  warnings.warn(

2025-04-23 12:38:13,437:WARNING:
'cuml' is a soft dependency and not included in the pycaret installation. Please run: `pip install cuml` to install.
2025-04-23 12:38:13,437:WARNING:
'cuml' is a soft dependency and not included in the pycaret installation. Please run: `pip install cuml` to install.
2025-04-23 12:38:13,437:WARNING:
'cuml' is a soft dependency and not included in the pycaret installation. Please run: `pip install cuml` to install.
2025-04-23 12:38:13,437:WARNING:
'cuml' is a soft dependency and not included in the pycaret installation. Please run: `pip install cuml` to install.
2025-04-23 12:38:14,649:INFO:Initializing load_model()
2025-04-23 12:38:14,649:INFO:load_model(model_name=model/phishingdetection, platform=None, authentication=None, verbose=True)
2025-04-23 12:38:14,649:WARNING:C:\Users\Administrator\Desktop\phishing detector project\.venv\lib\site-packages\sklearn\base.py:376: InconsistentVersionWarning: Trying to unpickle estimator SimpleImputer from version 1.2.2 when using version 1.4.2. This might lead to breaking code or invalid results. Use at your own risk. For more info please refer to:
https://scikit-learn.org/stable/model_persistence.html#security-maintainability-limitations
  warnings.warn(

2025-04-23 12:38:14,649:WARNING:C:\Users\Administrator\Desktop\phishing detector project\.venv\lib\site-packages\sklearn\base.py:376: InconsistentVersionWarning: Trying to unpickle estimator PowerTransformer from version 1.2.2 when using version 1.4.2. This might lead to breaking code or invalid results. Use at your own risk. For more info please refer to:
https://scikit-learn.org/stable/model_persistence.html#security-maintainability-limitations
  warnings.warn(

2025-04-23 12:38:14,649:WARNING:C:\Users\Administrator\Desktop\phishing detector project\.venv\lib\site-packages\sklearn\base.py:376: InconsistentVersionWarning: Trying to unpickle estimator StandardScaler from version 1.2.2 when using version 1.4.2. This might lead to breaking code or invalid results. Use at your own risk. For more info please refer to:
https://scikit-learn.org/stable/model_persistence.html#security-maintainability-limitations
  warnings.warn(

2025-04-23 12:38:14,690:WARNING:C:\Users\Administrator\Desktop\phishing detector project\.venv\lib\site-packages\sklearn\base.py:376: InconsistentVersionWarning: Trying to unpickle estimator LabelEncoder from version 1.2.2 when using version 1.4.2. This might lead to breaking code or invalid results. Use at your own risk. For more info please refer to:
https://scikit-learn.org/stable/model_persistence.html#security-maintainability-limitations
  warnings.warn(

2025-04-23 12:38:14,700:WARNING:C:\Users\Administrator\Desktop\phishing detector project\.venv\lib\site-packages\pycaret\internal\pipeline.py:146: UserWarning: Version mismatch:
current: {'deps_info': {'pip': '25.0.1', 'setuptools': '65.5.0', 'pycaret': '3.3.1', 'IPython': '8.23.0', 'ipywidgets': '8.1.2', 'tqdm': '4.66.2', 'numpy': '1.26.4', 'pandas': '2.1.4', 'jinja2': '3.1.3', 'scipy': '1.11.4', 'joblib': '1.3.2', 'sklearn': '1.4.2', 'pyod': '1.1.3', 'imblearn': '0.12.2', 'category_encoders': '2.6.3', 'lightgbm': '4.3.0', 'numba': '0.59.1', 'requests': '2.31.0', 'matplotlib': '3.7.5', 'scikitplot': '0.3.7', 'yellowbrick': '1.5', 'plotly': '5.21.0', 'plotly-resampler': 'Not installed', 'kaleido': '0.2.1', 'schemdraw': '0.15', 'statsmodels': '0.14.2', 'sktime': '0.26.0', 'tbats': '1.1.3', 'pmdarima': '2.0.4', 'psutil': '5.9.8', 'markupsafe': '2.1.5', 'pickle5': 'Not installed', 'cloudpickle': '3.0.0', 'deprecation': '2.1.0', 'xxhash': '3.4.1', 'wurlitzer': 'Not installed'}, 'python': {'version': '3.10.11', 'machine': 'AMD64'}}
pickle: {'deps_info': {'pip': '23.1.2', 'setuptools': '67.7.2', 'pycaret': '3.0.4', 'IPython': '7.34.0', 'ipywidgets': '7.7.1', 'tqdm': '4.66.1', 'numpy': '1.23.5', 'pandas': '1.5.3', 'jinja2': '3.1.2', 'scipy': '1.10.1', 'joblib': '1.3.2', 'sklearn': '1.2.2', 'pyod': '1.1.0', 'imblearn': '0.10.1', 'category_encoders': '2.6.2', 'lightgbm': '4.0.0', 'numba': '0.56.4', 'requests': '2.31.0', 'matplotlib': '3.7.1', 'scikitplot': '0.3.7', 'yellowbrick': '1.5', 'plotly': '5.15.0', 'plotly-resampler': 'Not installed', 'kaleido': '0.2.1', 'schemdraw': '0.15', 'statsmodels': '0.14.0', 'sktime': '0.22.0', 'tbats': '1.1.3', 'pmdarima': '2.0.3', 'psutil': '5.9.5', 'markupsafe': '2.1.3', 'pickle5': 'Not installed', 'cloudpickle': '2.2.1', 'deprecation': '2.1.0', 'xxhash': '3.3.0', 'wurlitzer': '3.0.3'}, 'python': {'version': '3.10.12', 'machine': 'x86_64'}}
  warnings.warn(

2025-04-23 12:39:26,441:WARNING:C:\Users\Administrator\Desktop\phishing detector project\.venv\lib\site-packages\sklearn\base.py:376: InconsistentVersionWarning: Trying to unpickle estimator PCA from version 1.2.2 when using version 1.4.2. This might lead to breaking code or invalid results. Use at your own risk. For more info please refer to:
https://scikit-learn.org/stable/model_persistence.html#security-maintainability-limitations
  warnings.warn(

2025-04-23 12:39:26,473:INFO:Initializing predict_model()
2025-04-23 12:39:26,473:INFO:predict_model(self=<pycaret.classification.oop.ClassificationExperiment object at 0x000001EBF74FAAD0>, estimator=Pipeline(memory=FastMemory(location=/tmp/joblib),
         steps=[('numerical_imputer',
                 TransformerWrapper(include=['domain_att', 'URL_Length',
                                             'URL_Depth'],
                                    transformer=SimpleImputer())),
                ('categorical_imputer',
                 TransformerWrapper(include=[],
                                    transformer=SimpleImputer(strategy='most_frequent'))),
                ('transformation',
                 TransformerWrapper(transformer=PowerTransformer(standardize=False))),
                ('normalize', TransformerWrapper(transformer=StandardScaler())),
                ('clean_column_names',
                 TransformerWrapper(transformer=CleanColumnNames())),
                ('trained_model', LGBMClassifier(n_jobs=-1, random_state=321))]), probability_threshold=None, encoded_labels=False, raw_score=False, round=4, verbose=True, ml_usecase=None, preprocess=True, encode_labels=<function _SupervisedExperiment.predict_model.<locals>.encode_labels at 0x000001EBF7486EF0>)
2025-04-23 12:39:26,473:INFO:Checking exceptions
2025-04-23 12:39:26,473:INFO:Preloading libraries
2025-04-23 12:39:26,473:INFO:Set up data.
2025-04-23 12:39:26,490:INFO:Set up index.
2025-04-23 12:39:31,185:WARNING:C:\Users\Administrator\Desktop\phishing detector project\.venv\lib\site-packages\sklearn\base.py:376: InconsistentVersionWarning: Trying to unpickle estimator PCA from version 1.2.2 when using version 1.4.2. This might lead to breaking code or invalid results. Use at your own risk. For more info please refer to:
https://scikit-learn.org/stable/model_persistence.html#security-maintainability-limitations
  warnings.warn(

2025-04-23 12:39:31,216:INFO:Initializing predict_model()
2025-04-23 12:39:31,235:INFO:predict_model(self=<pycaret.classification.oop.ClassificationExperiment object at 0x000001EBF74FAEF0>, estimator=Pipeline(memory=FastMemory(location=/tmp/joblib),
         steps=[('numerical_imputer',
                 TransformerWrapper(include=['domain_att', 'URL_Length',
                                             'URL_Depth'],
                                    transformer=SimpleImputer())),
                ('categorical_imputer',
                 TransformerWrapper(include=[],
                                    transformer=SimpleImputer(strategy='most_frequent'))),
                ('transformation',
                 TransformerWrapper(transformer=PowerTransformer(standardize=False))),
                ('normalize', TransformerWrapper(transformer=StandardScaler())),
                ('clean_column_names',
                 TransformerWrapper(transformer=CleanColumnNames())),
                ('trained_model', LGBMClassifier(n_jobs=-1, random_state=321))]), probability_threshold=None, encoded_labels=False, raw_score=False, round=4, verbose=True, ml_usecase=None, preprocess=True, encode_labels=<function _SupervisedExperiment.predict_model.<locals>.encode_labels at 0x000001EBF7487130>)
2025-04-23 12:39:31,235:INFO:Checking exceptions
2025-04-23 12:39:31,235:INFO:Preloading libraries
2025-04-23 12:39:31,235:INFO:Set up data.
2025-04-23 12:39:31,243:INFO:Set up index.
2025-04-23 21:52:51,928:WARNING:
'cuml' is a soft dependency and not included in the pycaret installation. Please run: `pip install cuml` to install.
2025-04-23 21:52:51,928:WARNING:
'cuml' is a soft dependency and not included in the pycaret installation. Please run: `pip install cuml` to install.
2025-04-23 21:52:51,928:WARNING:
'cuml' is a soft dependency and not included in the pycaret installation. Please run: `pip install cuml` to install.
2025-04-23 21:52:51,928:WARNING:
'cuml' is a soft dependency and not included in the pycaret installation. Please run: `pip install cuml` to install.
2025-04-23 21:52:53,469:INFO:Initializing load_model()
2025-04-23 21:52:53,469:INFO:load_model(model_name=model/phishingdetection, platform=None, authentication=None, verbose=True)
2025-04-23 21:52:53,473:WARNING:C:\Users\Administrator\Desktop\phishing detector project\.venv\lib\site-packages\sklearn\base.py:376: InconsistentVersionWarning: Trying to unpickle estimator SimpleImputer from version 1.2.2 when using version 1.4.2. This might lead to breaking code or invalid results. Use at your own risk. For more info please refer to:
https://scikit-learn.org/stable/model_persistence.html#security-maintainability-limitations
  warnings.warn(

2025-04-23 21:52:53,474:WARNING:C:\Users\Administrator\Desktop\phishing detector project\.venv\lib\site-packages\sklearn\base.py:376: InconsistentVersionWarning: Trying to unpickle estimator PowerTransformer from version 1.2.2 when using version 1.4.2. This might lead to breaking code or invalid results. Use at your own risk. For more info please refer to:
https://scikit-learn.org/stable/model_persistence.html#security-maintainability-limitations
  warnings.warn(

2025-04-23 21:52:53,474:WARNING:C:\Users\Administrator\Desktop\phishing detector project\.venv\lib\site-packages\sklearn\base.py:376: InconsistentVersionWarning: Trying to unpickle estimator StandardScaler from version 1.2.2 when using version 1.4.2. This might lead to breaking code or invalid results. Use at your own risk. For more info please refer to:
https://scikit-learn.org/stable/model_persistence.html#security-maintainability-limitations
  warnings.warn(

2025-04-23 21:52:53,515:WARNING:C:\Users\Administrator\Desktop\phishing detector project\.venv\lib\site-packages\sklearn\base.py:376: InconsistentVersionWarning: Trying to unpickle estimator LabelEncoder from version 1.2.2 when using version 1.4.2. This might lead to breaking code or invalid results. Use at your own risk. For more info please refer to:
https://scikit-learn.org/stable/model_persistence.html#security-maintainability-limitations
  warnings.warn(

2025-04-23 21:52:53,525:WARNING:C:\Users\Administrator\Desktop\phishing detector project\.venv\lib\site-packages\pycaret\internal\pipeline.py:146: UserWarning: Version mismatch:
current: {'deps_info': {'pip': '25.0.1', 'setuptools': '65.5.0', 'pycaret': '3.3.1', 'IPython': '8.23.0', 'ipywidgets': '8.1.2', 'tqdm': '4.66.2', 'numpy': '1.26.4', 'pandas': '2.1.4', 'jinja2': '3.1.3', 'scipy': '1.11.4', 'joblib': '1.3.2', 'sklearn': '1.4.2', 'pyod': '1.1.3', 'imblearn': '0.12.2', 'category_encoders': '2.6.3', 'lightgbm': '4.3.0', 'numba': '0.59.1', 'requests': '2.31.0', 'matplotlib': '3.7.5', 'scikitplot': '0.3.7', 'yellowbrick': '1.5', 'plotly': '5.21.0', 'plotly-resampler': 'Not installed', 'kaleido': '0.2.1', 'schemdraw': '0.15', 'statsmodels': '0.14.2', 'sktime': '0.26.0', 'tbats': '1.1.3', 'pmdarima': '2.0.4', 'psutil': '5.9.8', 'markupsafe': '2.1.5', 'pickle5': 'Not installed', 'cloudpickle': '3.0.0', 'deprecation': '2.1.0', 'xxhash': '3.4.1', 'wurlitzer': 'Not installed'}, 'python': {'version': '3.10.11', 'machine': 'AMD64'}}
pickle: {'deps_info': {'pip': '23.1.2', 'setuptools': '67.7.2', 'pycaret': '3.0.4', 'IPython': '7.34.0', 'ipywidgets': '7.7.1', 'tqdm': '4.66.1', 'numpy': '1.23.5', 'pandas': '1.5.3', 'jinja2': '3.1.2', 'scipy': '1.10.1', 'joblib': '1.3.2', 'sklearn': '1.2.2', 'pyod': '1.1.0', 'imblearn': '0.10.1', 'category_encoders': '2.6.2', 'lightgbm': '4.0.0', 'numba': '0.56.4', 'requests': '2.31.0', 'matplotlib': '3.7.1', 'scikitplot': '0.3.7', 'yellowbrick': '1.5', 'plotly': '5.15.0', 'plotly-resampler': 'Not installed', 'kaleido': '0.2.1', 'schemdraw': '0.15', 'statsmodels': '0.14.0', 'sktime': '0.22.0', 'tbats': '1.1.3', 'pmdarima': '2.0.3', 'psutil': '5.9.5', 'markupsafe': '2.1.3', 'pickle5': 'Not installed', 'cloudpickle': '2.2.1', 'deprecation': '2.1.0', 'xxhash': '3.3.0', 'wurlitzer': '3.0.3'}, 'python': {'version': '3.10.12', 'machine': 'x86_64'}}
  warnings.warn(

2025-04-23 21:52:57,319:WARNING:
'cuml' is a soft dependency and not included in the pycaret installation. Please run: `pip install cuml` to install.
2025-04-23 21:52:57,319:WARNING:
'cuml' is a soft dependency and not included in the pycaret installation. Please run: `pip install cuml` to install.
2025-04-23 21:52:57,319:WARNING:
'cuml' is a soft dependency and not included in the pycaret installation. Please run: `pip install cuml` to install.
2025-04-23 21:52:57,319:WARNING:
'cuml' is a soft dependency and not included in the pycaret installation. Please run: `pip install cuml` to install.
2025-04-23 21:52:58,957:INFO:Initializing load_model()
2025-04-23 21:52:58,957:INFO:load_model(model_name=model/phishingdetection, platform=None, authentication=None, verbose=True)
2025-04-23 21:52:58,961:WARNING:C:\Users\Administrator\Desktop\phishing detector project\.venv\lib\site-packages\sklearn\base.py:376: InconsistentVersionWarning: Trying to unpickle estimator SimpleImputer from version 1.2.2 when using version 1.4.2. This might lead to breaking code or invalid results. Use at your own risk. For more info please refer to:
https://scikit-learn.org/stable/model_persistence.html#security-maintainability-limitations
  warnings.warn(

2025-04-23 21:52:58,963:WARNING:C:\Users\Administrator\Desktop\phishing detector project\.venv\lib\site-packages\sklearn\base.py:376: InconsistentVersionWarning: Trying to unpickle estimator PowerTransformer from version 1.2.2 when using version 1.4.2. This might lead to breaking code or invalid results. Use at your own risk. For more info please refer to:
https://scikit-learn.org/stable/model_persistence.html#security-maintainability-limitations
  warnings.warn(

2025-04-23 21:52:58,963:WARNING:C:\Users\Administrator\Desktop\phishing detector project\.venv\lib\site-packages\sklearn\base.py:376: InconsistentVersionWarning: Trying to unpickle estimator StandardScaler from version 1.2.2 when using version 1.4.2. This might lead to breaking code or invalid results. Use at your own risk. For more info please refer to:
https://scikit-learn.org/stable/model_persistence.html#security-maintainability-limitations
  warnings.warn(

2025-04-23 21:52:59,012:WARNING:C:\Users\Administrator\Desktop\phishing detector project\.venv\lib\site-packages\sklearn\base.py:376: InconsistentVersionWarning: Trying to unpickle estimator LabelEncoder from version 1.2.2 when using version 1.4.2. This might lead to breaking code or invalid results. Use at your own risk. For more info please refer to:
https://scikit-learn.org/stable/model_persistence.html#security-maintainability-limitations
  warnings.warn(

2025-04-23 21:52:59,024:WARNING:C:\Users\Administrator\Desktop\phishing detector project\.venv\lib\site-packages\pycaret\internal\pipeline.py:146: UserWarning: Version mismatch:
current: {'deps_info': {'pip': '25.0.1', 'setuptools': '65.5.0', 'pycaret': '3.3.1', 'IPython': '8.23.0', 'ipywidgets': '8.1.2', 'tqdm': '4.66.2', 'numpy': '1.26.4', 'pandas': '2.1.4', 'jinja2': '3.1.3', 'scipy': '1.11.4', 'joblib': '1.3.2', 'sklearn': '1.4.2', 'pyod': '1.1.3', 'imblearn': '0.12.2', 'category_encoders': '2.6.3', 'lightgbm': '4.3.0', 'numba': '0.59.1', 'requests': '2.31.0', 'matplotlib': '3.7.5', 'scikitplot': '0.3.7', 'yellowbrick': '1.5', 'plotly': '5.21.0', 'plotly-resampler': 'Not installed', 'kaleido': '0.2.1', 'schemdraw': '0.15', 'statsmodels': '0.14.2', 'sktime': '0.26.0', 'tbats': '1.1.3', 'pmdarima': '2.0.4', 'psutil': '5.9.8', 'markupsafe': '2.1.5', 'pickle5': 'Not installed', 'cloudpickle': '3.0.0', 'deprecation': '2.1.0', 'xxhash': '3.4.1', 'wurlitzer': 'Not installed'}, 'python': {'version': '3.10.11', 'machine': 'AMD64'}}
pickle: {'deps_info': {'pip': '23.1.2', 'setuptools': '67.7.2', 'pycaret': '3.0.4', 'IPython': '7.34.0', 'ipywidgets': '7.7.1', 'tqdm': '4.66.1', 'numpy': '1.23.5', 'pandas': '1.5.3', 'jinja2': '3.1.2', 'scipy': '1.10.1', 'joblib': '1.3.2', 'sklearn': '1.2.2', 'pyod': '1.1.0', 'imblearn': '0.10.1', 'category_encoders': '2.6.2', 'lightgbm': '4.0.0', 'numba': '0.56.4', 'requests': '2.31.0', 'matplotlib': '3.7.1', 'scikitplot': '0.3.7', 'yellowbrick': '1.5', 'plotly': '5.15.0', 'plotly-resampler': 'Not installed', 'kaleido': '0.2.1', 'schemdraw': '0.15', 'statsmodels': '0.14.0', 'sktime': '0.22.0', 'tbats': '1.1.3', 'pmdarima': '2.0.3', 'psutil': '5.9.5', 'markupsafe': '2.1.3', 'pickle5': 'Not installed', 'cloudpickle': '2.2.1', 'deprecation': '2.1.0', 'xxhash': '3.3.0', 'wurlitzer': '3.0.3'}, 'python': {'version': '3.10.12', 'machine': 'x86_64'}}
  warnings.warn(

2025-04-23 22:04:47,447:WARNING:
'cuml' is a soft dependency and not included in the pycaret installation. Please run: `pip install cuml` to install.
2025-04-23 22:04:47,447:WARNING:
'cuml' is a soft dependency and not included in the pycaret installation. Please run: `pip install cuml` to install.
2025-04-23 22:04:47,447:WARNING:
'cuml' is a soft dependency and not included in the pycaret installation. Please run: `pip install cuml` to install.
2025-04-23 22:04:47,447:WARNING:
'cuml' is a soft dependency and not included in the pycaret installation. Please run: `pip install cuml` to install.
2025-04-23 22:04:48,697:INFO:Initializing load_model()
2025-04-23 22:04:48,697:INFO:load_model(model_name=model/phishingdetection, platform=None, authentication=None, verbose=True)
2025-04-23 22:04:48,697:WARNING:C:\Users\Administrator\Desktop\phishing detector project\.venv\lib\site-packages\sklearn\base.py:376: InconsistentVersionWarning: Trying to unpickle estimator SimpleImputer from version 1.2.2 when using version 1.4.2. This might lead to breaking code or invalid results. Use at your own risk. For more info please refer to:
https://scikit-learn.org/stable/model_persistence.html#security-maintainability-limitations
  warnings.warn(

2025-04-23 22:04:48,702:WARNING:C:\Users\Administrator\Desktop\phishing detector project\.venv\lib\site-packages\sklearn\base.py:376: InconsistentVersionWarning: Trying to unpickle estimator PowerTransformer from version 1.2.2 when using version 1.4.2. This might lead to breaking code or invalid results. Use at your own risk. For more info please refer to:
https://scikit-learn.org/stable/model_persistence.html#security-maintainability-limitations
  warnings.warn(

2025-04-23 22:04:48,702:WARNING:C:\Users\Administrator\Desktop\phishing detector project\.venv\lib\site-packages\sklearn\base.py:376: InconsistentVersionWarning: Trying to unpickle estimator StandardScaler from version 1.2.2 when using version 1.4.2. This might lead to breaking code or invalid results. Use at your own risk. For more info please refer to:
https://scikit-learn.org/stable/model_persistence.html#security-maintainability-limitations
  warnings.warn(

2025-04-23 22:04:48,738:WARNING:C:\Users\Administrator\Desktop\phishing detector project\.venv\lib\site-packages\sklearn\base.py:376: InconsistentVersionWarning: Trying to unpickle estimator LabelEncoder from version 1.2.2 when using version 1.4.2. This might lead to breaking code or invalid results. Use at your own risk. For more info please refer to:
https://scikit-learn.org/stable/model_persistence.html#security-maintainability-limitations
  warnings.warn(

2025-04-23 22:04:48,749:WARNING:C:\Users\Administrator\Desktop\phishing detector project\.venv\lib\site-packages\pycaret\internal\pipeline.py:146: UserWarning: Version mismatch:
current: {'deps_info': {'pip': '25.0.1', 'setuptools': '65.5.0', 'pycaret': '3.3.1', 'IPython': '8.23.0', 'ipywidgets': '8.1.2', 'tqdm': '4.66.2', 'numpy': '1.26.4', 'pandas': '2.1.4', 'jinja2': '3.1.3', 'scipy': '1.11.4', 'joblib': '1.3.2', 'sklearn': '1.4.2', 'pyod': '1.1.3', 'imblearn': '0.12.2', 'category_encoders': '2.6.3', 'lightgbm': '4.3.0', 'numba': '0.59.1', 'requests': '2.31.0', 'matplotlib': '3.7.5', 'scikitplot': '0.3.7', 'yellowbrick': '1.5', 'plotly': '5.21.0', 'plotly-resampler': 'Not installed', 'kaleido': '0.2.1', 'schemdraw': '0.15', 'statsmodels': '0.14.2', 'sktime': '0.26.0', 'tbats': '1.1.3', 'pmdarima': '2.0.4', 'psutil': '5.9.8', 'markupsafe': '2.1.5', 'pickle5': 'Not installed', 'cloudpickle': '3.0.0', 'deprecation': '2.1.0', 'xxhash': '3.4.1', 'wurlitzer': 'Not installed'}, 'python': {'version': '3.10.11', 'machine': 'AMD64'}}
pickle: {'deps_info': {'pip': '23.1.2', 'setuptools': '67.7.2', 'pycaret': '3.0.4', 'IPython': '7.34.0', 'ipywidgets': '7.7.1', 'tqdm': '4.66.1', 'numpy': '1.23.5', 'pandas': '1.5.3', 'jinja2': '3.1.2', 'scipy': '1.10.1', 'joblib': '1.3.2', 'sklearn': '1.2.2', 'pyod': '1.1.0', 'imblearn': '0.10.1', 'category_encoders': '2.6.2', 'lightgbm': '4.0.0', 'numba': '0.56.4', 'requests': '2.31.0', 'matplotlib': '3.7.1', 'scikitplot': '0.3.7', 'yellowbrick': '1.5', 'plotly': '5.15.0', 'plotly-resampler': 'Not installed', 'kaleido': '0.2.1', 'schemdraw': '0.15', 'statsmodels': '0.14.0', 'sktime': '0.22.0', 'tbats': '1.1.3', 'pmdarima': '2.0.3', 'psutil': '5.9.5', 'markupsafe': '2.1.3', 'pickle5': 'Not installed', 'cloudpickle': '2.2.1', 'deprecation': '2.1.0', 'xxhash': '3.3.0', 'wurlitzer': '3.0.3'}, 'python': {'version': '3.10.12', 'machine': 'x86_64'}}
  warnings.warn(

2025-04-23 22:04:52,194:WARNING:
'cuml' is a soft dependency and not included in the pycaret installation. Please run: `pip install cuml` to install.
2025-04-23 22:04:52,196:WARNING:
'cuml' is a soft dependency and not included in the pycaret installation. Please run: `pip install cuml` to install.
2025-04-23 22:04:52,196:WARNING:
'cuml' is a soft dependency and not included in the pycaret installation. Please run: `pip install cuml` to install.
2025-04-23 22:04:52,196:WARNING:
'cuml' is a soft dependency and not included in the pycaret installation. Please run: `pip install cuml` to install.
2025-04-23 22:04:53,467:INFO:Initializing load_model()
2025-04-23 22:04:53,467:INFO:load_model(model_name=model/phishingdetection, platform=None, authentication=None, verbose=True)
2025-04-23 22:04:53,471:WARNING:C:\Users\Administrator\Desktop\phishing detector project\.venv\lib\site-packages\sklearn\base.py:376: InconsistentVersionWarning: Trying to unpickle estimator SimpleImputer from version 1.2.2 when using version 1.4.2. This might lead to breaking code or invalid results. Use at your own risk. For more info please refer to:
https://scikit-learn.org/stable/model_persistence.html#security-maintainability-limitations
  warnings.warn(

2025-04-23 22:04:53,471:WARNING:C:\Users\Administrator\Desktop\phishing detector project\.venv\lib\site-packages\sklearn\base.py:376: InconsistentVersionWarning: Trying to unpickle estimator PowerTransformer from version 1.2.2 when using version 1.4.2. This might lead to breaking code or invalid results. Use at your own risk. For more info please refer to:
https://scikit-learn.org/stable/model_persistence.html#security-maintainability-limitations
  warnings.warn(

2025-04-23 22:04:53,471:WARNING:C:\Users\Administrator\Desktop\phishing detector project\.venv\lib\site-packages\sklearn\base.py:376: InconsistentVersionWarning: Trying to unpickle estimator StandardScaler from version 1.2.2 when using version 1.4.2. This might lead to breaking code or invalid results. Use at your own risk. For more info please refer to:
https://scikit-learn.org/stable/model_persistence.html#security-maintainability-limitations
  warnings.warn(

2025-04-23 22:04:53,514:WARNING:C:\Users\Administrator\Desktop\phishing detector project\.venv\lib\site-packages\sklearn\base.py:376: InconsistentVersionWarning: Trying to unpickle estimator LabelEncoder from version 1.2.2 when using version 1.4.2. This might lead to breaking code or invalid results. Use at your own risk. For more info please refer to:
https://scikit-learn.org/stable/model_persistence.html#security-maintainability-limitations
  warnings.warn(

2025-04-23 22:04:53,525:WARNING:C:\Users\Administrator\Desktop\phishing detector project\.venv\lib\site-packages\pycaret\internal\pipeline.py:146: UserWarning: Version mismatch:
current: {'deps_info': {'pip': '25.0.1', 'setuptools': '65.5.0', 'pycaret': '3.3.1', 'IPython': '8.23.0', 'ipywidgets': '8.1.2', 'tqdm': '4.66.2', 'numpy': '1.26.4', 'pandas': '2.1.4', 'jinja2': '3.1.3', 'scipy': '1.11.4', 'joblib': '1.3.2', 'sklearn': '1.4.2', 'pyod': '1.1.3', 'imblearn': '0.12.2', 'category_encoders': '2.6.3', 'lightgbm': '4.3.0', 'numba': '0.59.1', 'requests': '2.31.0', 'matplotlib': '3.7.5', 'scikitplot': '0.3.7', 'yellowbrick': '1.5', 'plotly': '5.21.0', 'plotly-resampler': 'Not installed', 'kaleido': '0.2.1', 'schemdraw': '0.15', 'statsmodels': '0.14.2', 'sktime': '0.26.0', 'tbats': '1.1.3', 'pmdarima': '2.0.4', 'psutil': '5.9.8', 'markupsafe': '2.1.5', 'pickle5': 'Not installed', 'cloudpickle': '3.0.0', 'deprecation': '2.1.0', 'xxhash': '3.4.1', 'wurlitzer': 'Not installed'}, 'python': {'version': '3.10.11', 'machine': 'AMD64'}}
pickle: {'deps_info': {'pip': '23.1.2', 'setuptools': '67.7.2', 'pycaret': '3.0.4', 'IPython': '7.34.0', 'ipywidgets': '7.7.1', 'tqdm': '4.66.1', 'numpy': '1.23.5', 'pandas': '1.5.3', 'jinja2': '3.1.2', 'scipy': '1.10.1', 'joblib': '1.3.2', 'sklearn': '1.2.2', 'pyod': '1.1.0', 'imblearn': '0.10.1', 'category_encoders': '2.6.2', 'lightgbm': '4.0.0', 'numba': '0.56.4', 'requests': '2.31.0', 'matplotlib': '3.7.1', 'scikitplot': '0.3.7', 'yellowbrick': '1.5', 'plotly': '5.15.0', 'plotly-resampler': 'Not installed', 'kaleido': '0.2.1', 'schemdraw': '0.15', 'statsmodels': '0.14.0', 'sktime': '0.22.0', 'tbats': '1.1.3', 'pmdarima': '2.0.3', 'psutil': '5.9.5', 'markupsafe': '2.1.3', 'pickle5': 'Not installed', 'cloudpickle': '2.2.1', 'deprecation': '2.1.0', 'xxhash': '3.3.0', 'wurlitzer': '3.0.3'}, 'python': {'version': '3.10.12', 'machine': 'x86_64'}}
  warnings.warn(

2025-04-23 22:41:22,580:WARNING:
'cuml' is a soft dependency and not included in the pycaret installation. Please run: `pip install cuml` to install.
2025-04-23 22:41:22,580:WARNING:
'cuml' is a soft dependency and not included in the pycaret installation. Please run: `pip install cuml` to install.
2025-04-23 22:41:22,580:WARNING:
'cuml' is a soft dependency and not included in the pycaret installation. Please run: `pip install cuml` to install.
2025-04-23 22:41:22,580:WARNING:
'cuml' is a soft dependency and not included in the pycaret installation. Please run: `pip install cuml` to install.
2025-04-23 22:41:23,845:INFO:Initializing load_model()
2025-04-23 22:41:23,845:INFO:load_model(model_name=model/phishingdetection, platform=None, authentication=None, verbose=True)
2025-04-23 22:41:23,845:WARNING:C:\Users\Administrator\Desktop\phishing detector project\.venv\lib\site-packages\sklearn\base.py:376: InconsistentVersionWarning: Trying to unpickle estimator SimpleImputer from version 1.2.2 when using version 1.4.2. This might lead to breaking code or invalid results. Use at your own risk. For more info please refer to:
https://scikit-learn.org/stable/model_persistence.html#security-maintainability-limitations
  warnings.warn(

2025-04-23 22:41:23,845:WARNING:C:\Users\Administrator\Desktop\phishing detector project\.venv\lib\site-packages\sklearn\base.py:376: InconsistentVersionWarning: Trying to unpickle estimator PowerTransformer from version 1.2.2 when using version 1.4.2. This might lead to breaking code or invalid results. Use at your own risk. For more info please refer to:
https://scikit-learn.org/stable/model_persistence.html#security-maintainability-limitations
  warnings.warn(

2025-04-23 22:41:23,845:WARNING:C:\Users\Administrator\Desktop\phishing detector project\.venv\lib\site-packages\sklearn\base.py:376: InconsistentVersionWarning: Trying to unpickle estimator StandardScaler from version 1.2.2 when using version 1.4.2. This might lead to breaking code or invalid results. Use at your own risk. For more info please refer to:
https://scikit-learn.org/stable/model_persistence.html#security-maintainability-limitations
  warnings.warn(

2025-04-23 22:41:23,886:WARNING:C:\Users\Administrator\Desktop\phishing detector project\.venv\lib\site-packages\sklearn\base.py:376: InconsistentVersionWarning: Trying to unpickle estimator LabelEncoder from version 1.2.2 when using version 1.4.2. This might lead to breaking code or invalid results. Use at your own risk. For more info please refer to:
https://scikit-learn.org/stable/model_persistence.html#security-maintainability-limitations
  warnings.warn(

2025-04-23 22:41:23,919:WARNING:C:\Users\Administrator\Desktop\phishing detector project\.venv\lib\site-packages\pycaret\internal\pipeline.py:146: UserWarning: Version mismatch:
current: {'deps_info': {'pip': '25.0.1', 'setuptools': '65.5.0', 'pycaret': '3.3.1', 'IPython': '8.23.0', 'ipywidgets': '8.1.2', 'tqdm': '4.66.2', 'numpy': '1.26.4', 'pandas': '2.1.4', 'jinja2': '3.1.3', 'scipy': '1.11.4', 'joblib': '1.3.2', 'sklearn': '1.4.2', 'pyod': '1.1.3', 'imblearn': '0.12.2', 'category_encoders': '2.6.3', 'lightgbm': '4.3.0', 'numba': '0.59.1', 'requests': '2.31.0', 'matplotlib': '3.7.5', 'scikitplot': '0.3.7', 'yellowbrick': '1.5', 'plotly': '5.21.0', 'plotly-resampler': 'Not installed', 'kaleido': '0.2.1', 'schemdraw': '0.15', 'statsmodels': '0.14.2', 'sktime': '0.26.0', 'tbats': '1.1.3', 'pmdarima': '2.0.4', 'psutil': '5.9.8', 'markupsafe': '2.1.5', 'pickle5': 'Not installed', 'cloudpickle': '3.0.0', 'deprecation': '2.1.0', 'xxhash': '3.4.1', 'wurlitzer': 'Not installed'}, 'python': {'version': '3.10.11', 'machine': 'AMD64'}}
pickle: {'deps_info': {'pip': '23.1.2', 'setuptools': '67.7.2', 'pycaret': '3.0.4', 'IPython': '7.34.0', 'ipywidgets': '7.7.1', 'tqdm': '4.66.1', 'numpy': '1.23.5', 'pandas': '1.5.3', 'jinja2': '3.1.2', 'scipy': '1.10.1', 'joblib': '1.3.2', 'sklearn': '1.2.2', 'pyod': '1.1.0', 'imblearn': '0.10.1', 'category_encoders': '2.6.2', 'lightgbm': '4.0.0', 'numba': '0.56.4', 'requests': '2.31.0', 'matplotlib': '3.7.1', 'scikitplot': '0.3.7', 'yellowbrick': '1.5', 'plotly': '5.15.0', 'plotly-resampler': 'Not installed', 'kaleido': '0.2.1', 'schemdraw': '0.15', 'statsmodels': '0.14.0', 'sktime': '0.22.0', 'tbats': '1.1.3', 'pmdarima': '2.0.3', 'psutil': '5.9.5', 'markupsafe': '2.1.3', 'pickle5': 'Not installed', 'cloudpickle': '2.2.1', 'deprecation': '2.1.0', 'xxhash': '3.3.0', 'wurlitzer': '3.0.3'}, 'python': {'version': '3.10.12', 'machine': 'x86_64'}}
  warnings.warn(

2025-04-23 22:42:52,800:WARNING:
'cuml' is a soft dependency and not included in the pycaret installation. Please run: `pip install cuml` to install.
2025-04-23 22:42:52,800:WARNING:
'cuml' is a soft dependency and not included in the pycaret installation. Please run: `pip install cuml` to install.
2025-04-23 22:42:52,800:WARNING:
'cuml' is a soft dependency and not included in the pycaret installation. Please run: `pip install cuml` to install.
2025-04-23 22:42:52,800:WARNING:
'cuml' is a soft dependency and not included in the pycaret installation. Please run: `pip install cuml` to install.
2025-04-23 22:42:54,055:INFO:Initializing load_model()
2025-04-23 22:42:54,055:INFO:load_model(model_name=model/phishingdetection, platform=None, authentication=None, verbose=True)
2025-04-23 22:42:54,055:WARNING:C:\Users\Administrator\Desktop\phishing detector project\.venv\lib\site-packages\sklearn\base.py:376: InconsistentVersionWarning: Trying to unpickle estimator SimpleImputer from version 1.2.2 when using version 1.4.2. This might lead to breaking code or invalid results. Use at your own risk. For more info please refer to:
https://scikit-learn.org/stable/model_persistence.html#security-maintainability-limitations
  warnings.warn(

2025-04-23 22:42:54,055:WARNING:C:\Users\Administrator\Desktop\phishing detector project\.venv\lib\site-packages\sklearn\base.py:376: InconsistentVersionWarning: Trying to unpickle estimator PowerTransformer from version 1.2.2 when using version 1.4.2. This might lead to breaking code or invalid results. Use at your own risk. For more info please refer to:
https://scikit-learn.org/stable/model_persistence.html#security-maintainability-limitations
  warnings.warn(

2025-04-23 22:42:54,064:WARNING:C:\Users\Administrator\Desktop\phishing detector project\.venv\lib\site-packages\sklearn\base.py:376: InconsistentVersionWarning: Trying to unpickle estimator StandardScaler from version 1.2.2 when using version 1.4.2. This might lead to breaking code or invalid results. Use at your own risk. For more info please refer to:
https://scikit-learn.org/stable/model_persistence.html#security-maintainability-limitations
  warnings.warn(

2025-04-23 22:42:54,105:WARNING:C:\Users\Administrator\Desktop\phishing detector project\.venv\lib\site-packages\sklearn\base.py:376: InconsistentVersionWarning: Trying to unpickle estimator LabelEncoder from version 1.2.2 when using version 1.4.2. This might lead to breaking code or invalid results. Use at your own risk. For more info please refer to:
https://scikit-learn.org/stable/model_persistence.html#security-maintainability-limitations
  warnings.warn(

2025-04-23 22:42:54,117:WARNING:C:\Users\Administrator\Desktop\phishing detector project\.venv\lib\site-packages\pycaret\internal\pipeline.py:146: UserWarning: Version mismatch:
current: {'deps_info': {'pip': '25.0.1', 'setuptools': '65.5.0', 'pycaret': '3.3.1', 'IPython': '8.23.0', 'ipywidgets': '8.1.2', 'tqdm': '4.66.2', 'numpy': '1.26.4', 'pandas': '2.1.4', 'jinja2': '3.1.3', 'scipy': '1.11.4', 'joblib': '1.3.2', 'sklearn': '1.4.2', 'pyod': '1.1.3', 'imblearn': '0.12.2', 'category_encoders': '2.6.3', 'lightgbm': '4.3.0', 'numba': '0.59.1', 'requests': '2.31.0', 'matplotlib': '3.7.5', 'scikitplot': '0.3.7', 'yellowbrick': '1.5', 'plotly': '5.21.0', 'plotly-resampler': 'Not installed', 'kaleido': '0.2.1', 'schemdraw': '0.15', 'statsmodels': '0.14.2', 'sktime': '0.26.0', 'tbats': '1.1.3', 'pmdarima': '2.0.4', 'psutil': '5.9.8', 'markupsafe': '2.1.5', 'pickle5': 'Not installed', 'cloudpickle': '3.0.0', 'deprecation': '2.1.0', 'xxhash': '3.4.1', 'wurlitzer': 'Not installed'}, 'python': {'version': '3.10.11', 'machine': 'AMD64'}}
pickle: {'deps_info': {'pip': '23.1.2', 'setuptools': '67.7.2', 'pycaret': '3.0.4', 'IPython': '7.34.0', 'ipywidgets': '7.7.1', 'tqdm': '4.66.1', 'numpy': '1.23.5', 'pandas': '1.5.3', 'jinja2': '3.1.2', 'scipy': '1.10.1', 'joblib': '1.3.2', 'sklearn': '1.2.2', 'pyod': '1.1.0', 'imblearn': '0.10.1', 'category_encoders': '2.6.2', 'lightgbm': '4.0.0', 'numba': '0.56.4', 'requests': '2.31.0', 'matplotlib': '3.7.1', 'scikitplot': '0.3.7', 'yellowbrick': '1.5', 'plotly': '5.15.0', 'plotly-resampler': 'Not installed', 'kaleido': '0.2.1', 'schemdraw': '0.15', 'statsmodels': '0.14.0', 'sktime': '0.22.0', 'tbats': '1.1.3', 'pmdarima': '2.0.3', 'psutil': '5.9.5', 'markupsafe': '2.1.3', 'pickle5': 'Not installed', 'cloudpickle': '2.2.1', 'deprecation': '2.1.0', 'xxhash': '3.3.0', 'wurlitzer': '3.0.3'}, 'python': {'version': '3.10.12', 'machine': 'x86_64'}}
  warnings.warn(

2025-04-23 22:43:19,371:WARNING:
'cuml' is a soft dependency and not included in the pycaret installation. Please run: `pip install cuml` to install.
2025-04-23 22:43:19,371:WARNING:
'cuml' is a soft dependency and not included in the pycaret installation. Please run: `pip install cuml` to install.
2025-04-23 22:43:19,371:WARNING:
'cuml' is a soft dependency and not included in the pycaret installation. Please run: `pip install cuml` to install.
2025-04-23 22:43:19,371:WARNING:
'cuml' is a soft dependency and not included in the pycaret installation. Please run: `pip install cuml` to install.
2025-04-23 22:43:20,646:INFO:Initializing load_model()
2025-04-23 22:43:20,647:INFO:load_model(model_name=model/phishingdetection, platform=None, authentication=None, verbose=True)
2025-04-23 22:43:20,650:WARNING:C:\Users\Administrator\Desktop\phishing detector project\.venv\lib\site-packages\sklearn\base.py:376: InconsistentVersionWarning: Trying to unpickle estimator SimpleImputer from version 1.2.2 when using version 1.4.2. This might lead to breaking code or invalid results. Use at your own risk. For more info please refer to:
https://scikit-learn.org/stable/model_persistence.html#security-maintainability-limitations
  warnings.warn(

2025-04-23 22:43:20,650:WARNING:C:\Users\Administrator\Desktop\phishing detector project\.venv\lib\site-packages\sklearn\base.py:376: InconsistentVersionWarning: Trying to unpickle estimator PowerTransformer from version 1.2.2 when using version 1.4.2. This might lead to breaking code or invalid results. Use at your own risk. For more info please refer to:
https://scikit-learn.org/stable/model_persistence.html#security-maintainability-limitations
  warnings.warn(

2025-04-23 22:43:20,650:WARNING:C:\Users\Administrator\Desktop\phishing detector project\.venv\lib\site-packages\sklearn\base.py:376: InconsistentVersionWarning: Trying to unpickle estimator StandardScaler from version 1.2.2 when using version 1.4.2. This might lead to breaking code or invalid results. Use at your own risk. For more info please refer to:
https://scikit-learn.org/stable/model_persistence.html#security-maintainability-limitations
  warnings.warn(

2025-04-23 22:43:20,690:WARNING:C:\Users\Administrator\Desktop\phishing detector project\.venv\lib\site-packages\sklearn\base.py:376: InconsistentVersionWarning: Trying to unpickle estimator LabelEncoder from version 1.2.2 when using version 1.4.2. This might lead to breaking code or invalid results. Use at your own risk. For more info please refer to:
https://scikit-learn.org/stable/model_persistence.html#security-maintainability-limitations
  warnings.warn(

2025-04-23 22:43:20,700:WARNING:C:\Users\Administrator\Desktop\phishing detector project\.venv\lib\site-packages\pycaret\internal\pipeline.py:146: UserWarning: Version mismatch:
current: {'deps_info': {'pip': '25.0.1', 'setuptools': '65.5.0', 'pycaret': '3.3.1', 'IPython': '8.23.0', 'ipywidgets': '8.1.2', 'tqdm': '4.66.2', 'numpy': '1.26.4', 'pandas': '2.1.4', 'jinja2': '3.1.3', 'scipy': '1.11.4', 'joblib': '1.3.2', 'sklearn': '1.4.2', 'pyod': '1.1.3', 'imblearn': '0.12.2', 'category_encoders': '2.6.3', 'lightgbm': '4.3.0', 'numba': '0.59.1', 'requests': '2.31.0', 'matplotlib': '3.7.5', 'scikitplot': '0.3.7', 'yellowbrick': '1.5', 'plotly': '5.21.0', 'plotly-resampler': 'Not installed', 'kaleido': '0.2.1', 'schemdraw': '0.15', 'statsmodels': '0.14.2', 'sktime': '0.26.0', 'tbats': '1.1.3', 'pmdarima': '2.0.4', 'psutil': '5.9.8', 'markupsafe': '2.1.5', 'pickle5': 'Not installed', 'cloudpickle': '3.0.0', 'deprecation': '2.1.0', 'xxhash': '3.4.1', 'wurlitzer': 'Not installed'}, 'python': {'version': '3.10.11', 'machine': 'AMD64'}}
pickle: {'deps_info': {'pip': '23.1.2', 'setuptools': '67.7.2', 'pycaret': '3.0.4', 'IPython': '7.34.0', 'ipywidgets': '7.7.1', 'tqdm': '4.66.1', 'numpy': '1.23.5', 'pandas': '1.5.3', 'jinja2': '3.1.2', 'scipy': '1.10.1', 'joblib': '1.3.2', 'sklearn': '1.2.2', 'pyod': '1.1.0', 'imblearn': '0.10.1', 'category_encoders': '2.6.2', 'lightgbm': '4.0.0', 'numba': '0.56.4', 'requests': '2.31.0', 'matplotlib': '3.7.1', 'scikitplot': '0.3.7', 'yellowbrick': '1.5', 'plotly': '5.15.0', 'plotly-resampler': 'Not installed', 'kaleido': '0.2.1', 'schemdraw': '0.15', 'statsmodels': '0.14.0', 'sktime': '0.22.0', 'tbats': '1.1.3', 'pmdarima': '2.0.3', 'psutil': '5.9.5', 'markupsafe': '2.1.3', 'pickle5': 'Not installed', 'cloudpickle': '2.2.1', 'deprecation': '2.1.0', 'xxhash': '3.3.0', 'wurlitzer': '3.0.3'}, 'python': {'version': '3.10.12', 'machine': 'x86_64'}}
  warnings.warn(

2025-04-23 22:45:58,454:WARNING:
'cuml' is a soft dependency and not included in the pycaret installation. Please run: `pip install cuml` to install.
2025-04-23 22:45:58,454:WARNING:
'cuml' is a soft dependency and not included in the pycaret installation. Please run: `pip install cuml` to install.
2025-04-23 22:45:58,454:WARNING:
'cuml' is a soft dependency and not included in the pycaret installation. Please run: `pip install cuml` to install.
2025-04-23 22:45:58,454:WARNING:
'cuml' is a soft dependency and not included in the pycaret installation. Please run: `pip install cuml` to install.
2025-04-23 22:45:59,788:INFO:Initializing load_model()
2025-04-23 22:45:59,788:INFO:load_model(model_name=model/phishingdetection, platform=None, authentication=None, verbose=True)
2025-04-23 22:45:59,788:WARNING:C:\Users\Administrator\Desktop\phishing detector project\.venv\lib\site-packages\sklearn\base.py:376: InconsistentVersionWarning: Trying to unpickle estimator SimpleImputer from version 1.2.2 when using version 1.4.2. This might lead to breaking code or invalid results. Use at your own risk. For more info please refer to:
https://scikit-learn.org/stable/model_persistence.html#security-maintainability-limitations
  warnings.warn(

2025-04-23 22:45:59,788:WARNING:C:\Users\Administrator\Desktop\phishing detector project\.venv\lib\site-packages\sklearn\base.py:376: InconsistentVersionWarning: Trying to unpickle estimator PowerTransformer from version 1.2.2 when using version 1.4.2. This might lead to breaking code or invalid results. Use at your own risk. For more info please refer to:
https://scikit-learn.org/stable/model_persistence.html#security-maintainability-limitations
  warnings.warn(

2025-04-23 22:45:59,788:WARNING:C:\Users\Administrator\Desktop\phishing detector project\.venv\lib\site-packages\sklearn\base.py:376: InconsistentVersionWarning: Trying to unpickle estimator StandardScaler from version 1.2.2 when using version 1.4.2. This might lead to breaking code or invalid results. Use at your own risk. For more info please refer to:
https://scikit-learn.org/stable/model_persistence.html#security-maintainability-limitations
  warnings.warn(

2025-04-23 22:45:59,842:WARNING:C:\Users\Administrator\Desktop\phishing detector project\.venv\lib\site-packages\sklearn\base.py:376: InconsistentVersionWarning: Trying to unpickle estimator LabelEncoder from version 1.2.2 when using version 1.4.2. This might lead to breaking code or invalid results. Use at your own risk. For more info please refer to:
https://scikit-learn.org/stable/model_persistence.html#security-maintainability-limitations
  warnings.warn(

2025-04-23 22:45:59,853:WARNING:C:\Users\Administrator\Desktop\phishing detector project\.venv\lib\site-packages\pycaret\internal\pipeline.py:146: UserWarning: Version mismatch:
current: {'deps_info': {'pip': '25.0.1', 'setuptools': '65.5.0', 'pycaret': '3.3.1', 'IPython': '8.23.0', 'ipywidgets': '8.1.2', 'tqdm': '4.66.2', 'numpy': '1.26.4', 'pandas': '2.1.4', 'jinja2': '3.1.3', 'scipy': '1.11.4', 'joblib': '1.3.2', 'sklearn': '1.4.2', 'pyod': '1.1.3', 'imblearn': '0.12.2', 'category_encoders': '2.6.3', 'lightgbm': '4.3.0', 'numba': '0.59.1', 'requests': '2.31.0', 'matplotlib': '3.7.5', 'scikitplot': '0.3.7', 'yellowbrick': '1.5', 'plotly': '5.21.0', 'plotly-resampler': 'Not installed', 'kaleido': '0.2.1', 'schemdraw': '0.15', 'statsmodels': '0.14.2', 'sktime': '0.26.0', 'tbats': '1.1.3', 'pmdarima': '2.0.4', 'psutil': '5.9.8', 'markupsafe': '2.1.5', 'pickle5': 'Not installed', 'cloudpickle': '3.0.0', 'deprecation': '2.1.0', 'xxhash': '3.4.1', 'wurlitzer': 'Not installed'}, 'python': {'version': '3.10.11', 'machine': 'AMD64'}}
pickle: {'deps_info': {'pip': '23.1.2', 'setuptools': '67.7.2', 'pycaret': '3.0.4', 'IPython': '7.34.0', 'ipywidgets': '7.7.1', 'tqdm': '4.66.1', 'numpy': '1.23.5', 'pandas': '1.5.3', 'jinja2': '3.1.2', 'scipy': '1.10.1', 'joblib': '1.3.2', 'sklearn': '1.2.2', 'pyod': '1.1.0', 'imblearn': '0.10.1', 'category_encoders': '2.6.2', 'lightgbm': '4.0.0', 'numba': '0.56.4', 'requests': '2.31.0', 'matplotlib': '3.7.1', 'scikitplot': '0.3.7', 'yellowbrick': '1.5', 'plotly': '5.15.0', 'plotly-resampler': 'Not installed', 'kaleido': '0.2.1', 'schemdraw': '0.15', 'statsmodels': '0.14.0', 'sktime': '0.22.0', 'tbats': '1.1.3', 'pmdarima': '2.0.3', 'psutil': '5.9.5', 'markupsafe': '2.1.3', 'pickle5': 'Not installed', 'cloudpickle': '2.2.1', 'deprecation': '2.1.0', 'xxhash': '3.3.0', 'wurlitzer': '3.0.3'}, 'python': {'version': '3.10.12', 'machine': 'x86_64'}}
  warnings.warn(

2025-04-23 22:48:19,701:WARNING:
'cuml' is a soft dependency and not included in the pycaret installation. Please run: `pip install cuml` to install.
2025-04-23 22:48:19,701:WARNING:
'cuml' is a soft dependency and not included in the pycaret installation. Please run: `pip install cuml` to install.
2025-04-23 22:48:19,701:WARNING:
'cuml' is a soft dependency and not included in the pycaret installation. Please run: `pip install cuml` to install.
2025-04-23 22:48:19,701:WARNING:
'cuml' is a soft dependency and not included in the pycaret installation. Please run: `pip install cuml` to install.
2025-04-23 22:48:21,105:INFO:Initializing load_model()
2025-04-23 22:48:21,105:INFO:load_model(model_name=model/phishingdetection, platform=None, authentication=None, verbose=True)
2025-04-23 22:48:21,112:WARNING:C:\Users\Administrator\Desktop\phishing detector project\.venv\lib\site-packages\sklearn\base.py:376: InconsistentVersionWarning: Trying to unpickle estimator SimpleImputer from version 1.2.2 when using version 1.4.2. This might lead to breaking code or invalid results. Use at your own risk. For more info please refer to:
https://scikit-learn.org/stable/model_persistence.html#security-maintainability-limitations
  warnings.warn(

2025-04-23 22:48:21,112:WARNING:C:\Users\Administrator\Desktop\phishing detector project\.venv\lib\site-packages\sklearn\base.py:376: InconsistentVersionWarning: Trying to unpickle estimator PowerTransformer from version 1.2.2 when using version 1.4.2. This might lead to breaking code or invalid results. Use at your own risk. For more info please refer to:
https://scikit-learn.org/stable/model_persistence.html#security-maintainability-limitations
  warnings.warn(

2025-04-23 22:48:21,112:WARNING:C:\Users\Administrator\Desktop\phishing detector project\.venv\lib\site-packages\sklearn\base.py:376: InconsistentVersionWarning: Trying to unpickle estimator StandardScaler from version 1.2.2 when using version 1.4.2. This might lead to breaking code or invalid results. Use at your own risk. For more info please refer to:
https://scikit-learn.org/stable/model_persistence.html#security-maintainability-limitations
  warnings.warn(

2025-04-23 22:48:21,147:WARNING:C:\Users\Administrator\Desktop\phishing detector project\.venv\lib\site-packages\sklearn\base.py:376: InconsistentVersionWarning: Trying to unpickle estimator LabelEncoder from version 1.2.2 when using version 1.4.2. This might lead to breaking code or invalid results. Use at your own risk. For more info please refer to:
https://scikit-learn.org/stable/model_persistence.html#security-maintainability-limitations
  warnings.warn(

2025-04-23 22:48:21,158:WARNING:C:\Users\Administrator\Desktop\phishing detector project\.venv\lib\site-packages\pycaret\internal\pipeline.py:146: UserWarning: Version mismatch:
current: {'deps_info': {'pip': '25.0.1', 'setuptools': '65.5.0', 'pycaret': '3.3.1', 'IPython': '8.23.0', 'ipywidgets': '8.1.2', 'tqdm': '4.66.2', 'numpy': '1.26.4', 'pandas': '2.1.4', 'jinja2': '3.1.3', 'scipy': '1.11.4', 'joblib': '1.3.2', 'sklearn': '1.4.2', 'pyod': '1.1.3', 'imblearn': '0.12.2', 'category_encoders': '2.6.3', 'lightgbm': '4.3.0', 'numba': '0.59.1', 'requests': '2.31.0', 'matplotlib': '3.7.5', 'scikitplot': '0.3.7', 'yellowbrick': '1.5', 'plotly': '5.21.0', 'plotly-resampler': 'Not installed', 'kaleido': '0.2.1', 'schemdraw': '0.15', 'statsmodels': '0.14.2', 'sktime': '0.26.0', 'tbats': '1.1.3', 'pmdarima': '2.0.4', 'psutil': '5.9.8', 'markupsafe': '2.1.5', 'pickle5': 'Not installed', 'cloudpickle': '3.0.0', 'deprecation': '2.1.0', 'xxhash': '3.4.1', 'wurlitzer': 'Not installed'}, 'python': {'version': '3.10.11', 'machine': 'AMD64'}}
pickle: {'deps_info': {'pip': '23.1.2', 'setuptools': '67.7.2', 'pycaret': '3.0.4', 'IPython': '7.34.0', 'ipywidgets': '7.7.1', 'tqdm': '4.66.1', 'numpy': '1.23.5', 'pandas': '1.5.3', 'jinja2': '3.1.2', 'scipy': '1.10.1', 'joblib': '1.3.2', 'sklearn': '1.2.2', 'pyod': '1.1.0', 'imblearn': '0.10.1', 'category_encoders': '2.6.2', 'lightgbm': '4.0.0', 'numba': '0.56.4', 'requests': '2.31.0', 'matplotlib': '3.7.1', 'scikitplot': '0.3.7', 'yellowbrick': '1.5', 'plotly': '5.15.0', 'plotly-resampler': 'Not installed', 'kaleido': '0.2.1', 'schemdraw': '0.15', 'statsmodels': '0.14.0', 'sktime': '0.22.0', 'tbats': '1.1.3', 'pmdarima': '2.0.3', 'psutil': '5.9.5', 'markupsafe': '2.1.3', 'pickle5': 'Not installed', 'cloudpickle': '2.2.1', 'deprecation': '2.1.0', 'xxhash': '3.3.0', 'wurlitzer': '3.0.3'}, 'python': {'version': '3.10.12', 'machine': 'x86_64'}}
  warnings.warn(

2025-04-23 22:49:13,903:WARNING:
'cuml' is a soft dependency and not included in the pycaret installation. Please run: `pip install cuml` to install.
2025-04-23 22:49:13,903:WARNING:
'cuml' is a soft dependency and not included in the pycaret installation. Please run: `pip install cuml` to install.
2025-04-23 22:49:13,903:WARNING:
'cuml' is a soft dependency and not included in the pycaret installation. Please run: `pip install cuml` to install.
2025-04-23 22:49:13,903:WARNING:
'cuml' is a soft dependency and not included in the pycaret installation. Please run: `pip install cuml` to install.
2025-04-23 22:49:14,970:INFO:Initializing load_model()
2025-04-23 22:49:14,970:INFO:load_model(model_name=model/phishingdetection, platform=None, authentication=None, verbose=True)
2025-04-23 22:49:14,972:WARNING:C:\Users\Administrator\Desktop\phishing detector project\.venv\lib\site-packages\sklearn\base.py:376: InconsistentVersionWarning: Trying to unpickle estimator SimpleImputer from version 1.2.2 when using version 1.4.2. This might lead to breaking code or invalid results. Use at your own risk. For more info please refer to:
https://scikit-learn.org/stable/model_persistence.html#security-maintainability-limitations
  warnings.warn(

2025-04-23 22:49:14,972:WARNING:C:\Users\Administrator\Desktop\phishing detector project\.venv\lib\site-packages\sklearn\base.py:376: InconsistentVersionWarning: Trying to unpickle estimator PowerTransformer from version 1.2.2 when using version 1.4.2. This might lead to breaking code or invalid results. Use at your own risk. For more info please refer to:
https://scikit-learn.org/stable/model_persistence.html#security-maintainability-limitations
  warnings.warn(

2025-04-23 22:49:14,972:WARNING:C:\Users\Administrator\Desktop\phishing detector project\.venv\lib\site-packages\sklearn\base.py:376: InconsistentVersionWarning: Trying to unpickle estimator StandardScaler from version 1.2.2 when using version 1.4.2. This might lead to breaking code or invalid results. Use at your own risk. For more info please refer to:
https://scikit-learn.org/stable/model_persistence.html#security-maintainability-limitations
  warnings.warn(

2025-04-23 22:49:15,006:WARNING:C:\Users\Administrator\Desktop\phishing detector project\.venv\lib\site-packages\sklearn\base.py:376: InconsistentVersionWarning: Trying to unpickle estimator LabelEncoder from version 1.2.2 when using version 1.4.2. This might lead to breaking code or invalid results. Use at your own risk. For more info please refer to:
https://scikit-learn.org/stable/model_persistence.html#security-maintainability-limitations
  warnings.warn(

2025-04-23 22:49:15,018:WARNING:C:\Users\Administrator\Desktop\phishing detector project\.venv\lib\site-packages\pycaret\internal\pipeline.py:146: UserWarning: Version mismatch:
current: {'deps_info': {'pip': '25.0.1', 'setuptools': '65.5.0', 'pycaret': '3.3.1', 'IPython': '8.23.0', 'ipywidgets': '8.1.2', 'tqdm': '4.66.2', 'numpy': '1.26.4', 'pandas': '2.1.4', 'jinja2': '3.1.3', 'scipy': '1.11.4', 'joblib': '1.3.2', 'sklearn': '1.4.2', 'pyod': '1.1.3', 'imblearn': '0.12.2', 'category_encoders': '2.6.3', 'lightgbm': '4.3.0', 'numba': '0.59.1', 'requests': '2.31.0', 'matplotlib': '3.7.5', 'scikitplot': '0.3.7', 'yellowbrick': '1.5', 'plotly': '5.21.0', 'plotly-resampler': 'Not installed', 'kaleido': '0.2.1', 'schemdraw': '0.15', 'statsmodels': '0.14.2', 'sktime': '0.26.0', 'tbats': '1.1.3', 'pmdarima': '2.0.4', 'psutil': '5.9.8', 'markupsafe': '2.1.5', 'pickle5': 'Not installed', 'cloudpickle': '3.0.0', 'deprecation': '2.1.0', 'xxhash': '3.4.1', 'wurlitzer': 'Not installed'}, 'python': {'version': '3.10.11', 'machine': 'AMD64'}}
pickle: {'deps_info': {'pip': '23.1.2', 'setuptools': '67.7.2', 'pycaret': '3.0.4', 'IPython': '7.34.0', 'ipywidgets': '7.7.1', 'tqdm': '4.66.1', 'numpy': '1.23.5', 'pandas': '1.5.3', 'jinja2': '3.1.2', 'scipy': '1.10.1', 'joblib': '1.3.2', 'sklearn': '1.2.2', 'pyod': '1.1.0', 'imblearn': '0.10.1', 'category_encoders': '2.6.2', 'lightgbm': '4.0.0', 'numba': '0.56.4', 'requests': '2.31.0', 'matplotlib': '3.7.1', 'scikitplot': '0.3.7', 'yellowbrick': '1.5', 'plotly': '5.15.0', 'plotly-resampler': 'Not installed', 'kaleido': '0.2.1', 'schemdraw': '0.15', 'statsmodels': '0.14.0', 'sktime': '0.22.0', 'tbats': '1.1.3', 'pmdarima': '2.0.3', 'psutil': '5.9.5', 'markupsafe': '2.1.3', 'pickle5': 'Not installed', 'cloudpickle': '2.2.1', 'deprecation': '2.1.0', 'xxhash': '3.3.0', 'wurlitzer': '3.0.3'}, 'python': {'version': '3.10.12', 'machine': 'x86_64'}}
  warnings.warn(

2025-04-23 22:49:17,895:WARNING:
'cuml' is a soft dependency and not included in the pycaret installation. Please run: `pip install cuml` to install.
2025-04-23 22:49:17,895:WARNING:
'cuml' is a soft dependency and not included in the pycaret installation. Please run: `pip install cuml` to install.
2025-04-23 22:49:17,895:WARNING:
'cuml' is a soft dependency and not included in the pycaret installation. Please run: `pip install cuml` to install.
2025-04-23 22:49:17,895:WARNING:
'cuml' is a soft dependency and not included in the pycaret installation. Please run: `pip install cuml` to install.
2025-04-23 22:49:18,931:INFO:Initializing load_model()
2025-04-23 22:49:18,931:INFO:load_model(model_name=model/phishingdetection, platform=None, authentication=None, verbose=True)
2025-04-23 22:49:18,947:WARNING:C:\Users\Administrator\Desktop\phishing detector project\.venv\lib\site-packages\sklearn\base.py:376: InconsistentVersionWarning: Trying to unpickle estimator SimpleImputer from version 1.2.2 when using version 1.4.2. This might lead to breaking code or invalid results. Use at your own risk. For more info please refer to:
https://scikit-learn.org/stable/model_persistence.html#security-maintainability-limitations
  warnings.warn(

2025-04-23 22:49:18,947:WARNING:C:\Users\Administrator\Desktop\phishing detector project\.venv\lib\site-packages\sklearn\base.py:376: InconsistentVersionWarning: Trying to unpickle estimator PowerTransformer from version 1.2.2 when using version 1.4.2. This might lead to breaking code or invalid results. Use at your own risk. For more info please refer to:
https://scikit-learn.org/stable/model_persistence.html#security-maintainability-limitations
  warnings.warn(

2025-04-23 22:49:18,947:WARNING:C:\Users\Administrator\Desktop\phishing detector project\.venv\lib\site-packages\sklearn\base.py:376: InconsistentVersionWarning: Trying to unpickle estimator StandardScaler from version 1.2.2 when using version 1.4.2. This might lead to breaking code or invalid results. Use at your own risk. For more info please refer to:
https://scikit-learn.org/stable/model_persistence.html#security-maintainability-limitations
  warnings.warn(

2025-04-23 22:49:18,990:WARNING:C:\Users\Administrator\Desktop\phishing detector project\.venv\lib\site-packages\sklearn\base.py:376: InconsistentVersionWarning: Trying to unpickle estimator LabelEncoder from version 1.2.2 when using version 1.4.2. This might lead to breaking code or invalid results. Use at your own risk. For more info please refer to:
https://scikit-learn.org/stable/model_persistence.html#security-maintainability-limitations
  warnings.warn(

2025-04-23 22:49:19,000:WARNING:C:\Users\Administrator\Desktop\phishing detector project\.venv\lib\site-packages\pycaret\internal\pipeline.py:146: UserWarning: Version mismatch:
current: {'deps_info': {'pip': '25.0.1', 'setuptools': '65.5.0', 'pycaret': '3.3.1', 'IPython': '8.23.0', 'ipywidgets': '8.1.2', 'tqdm': '4.66.2', 'numpy': '1.26.4', 'pandas': '2.1.4', 'jinja2': '3.1.3', 'scipy': '1.11.4', 'joblib': '1.3.2', 'sklearn': '1.4.2', 'pyod': '1.1.3', 'imblearn': '0.12.2', 'category_encoders': '2.6.3', 'lightgbm': '4.3.0', 'numba': '0.59.1', 'requests': '2.31.0', 'matplotlib': '3.7.5', 'scikitplot': '0.3.7', 'yellowbrick': '1.5', 'plotly': '5.21.0', 'plotly-resampler': 'Not installed', 'kaleido': '0.2.1', 'schemdraw': '0.15', 'statsmodels': '0.14.2', 'sktime': '0.26.0', 'tbats': '1.1.3', 'pmdarima': '2.0.4', 'psutil': '5.9.8', 'markupsafe': '2.1.5', 'pickle5': 'Not installed', 'cloudpickle': '3.0.0', 'deprecation': '2.1.0', 'xxhash': '3.4.1', 'wurlitzer': 'Not installed'}, 'python': {'version': '3.10.11', 'machine': 'AMD64'}}
pickle: {'deps_info': {'pip': '23.1.2', 'setuptools': '67.7.2', 'pycaret': '3.0.4', 'IPython': '7.34.0', 'ipywidgets': '7.7.1', 'tqdm': '4.66.1', 'numpy': '1.23.5', 'pandas': '1.5.3', 'jinja2': '3.1.2', 'scipy': '1.10.1', 'joblib': '1.3.2', 'sklearn': '1.2.2', 'pyod': '1.1.0', 'imblearn': '0.10.1', 'category_encoders': '2.6.2', 'lightgbm': '4.0.0', 'numba': '0.56.4', 'requests': '2.31.0', 'matplotlib': '3.7.1', 'scikitplot': '0.3.7', 'yellowbrick': '1.5', 'plotly': '5.15.0', 'plotly-resampler': 'Not installed', 'kaleido': '0.2.1', 'schemdraw': '0.15', 'statsmodels': '0.14.0', 'sktime': '0.22.0', 'tbats': '1.1.3', 'pmdarima': '2.0.3', 'psutil': '5.9.5', 'markupsafe': '2.1.3', 'pickle5': 'Not installed', 'cloudpickle': '2.2.1', 'deprecation': '2.1.0', 'xxhash': '3.3.0', 'wurlitzer': '3.0.3'}, 'python': {'version': '3.10.12', 'machine': 'x86_64'}}
  warnings.warn(

2025-04-25 13:36:10,433:WARNING:
'cuml' is a soft dependency and not included in the pycaret installation. Please run: `pip install cuml` to install.
2025-04-25 13:36:10,433:WARNING:
'cuml' is a soft dependency and not included in the pycaret installation. Please run: `pip install cuml` to install.
2025-04-25 13:36:10,433:WARNING:
'cuml' is a soft dependency and not included in the pycaret installation. Please run: `pip install cuml` to install.
2025-04-25 13:36:10,433:WARNING:
'cuml' is a soft dependency and not included in the pycaret installation. Please run: `pip install cuml` to install.
2025-04-25 13:36:13,174:INFO:Initializing load_model()
2025-04-25 13:36:13,174:INFO:load_model(model_name=model/phishingdetection, platform=None, authentication=None, verbose=True)
2025-04-25 13:36:13,181:WARNING:C:\Users\Administrator\Desktop\phishing detector project\.venv\lib\site-packages\sklearn\base.py:376: InconsistentVersionWarning: Trying to unpickle estimator SimpleImputer from version 1.2.2 when using version 1.4.2. This might lead to breaking code or invalid results. Use at your own risk. For more info please refer to:
https://scikit-learn.org/stable/model_persistence.html#security-maintainability-limitations
  warnings.warn(

2025-04-25 13:36:13,181:WARNING:C:\Users\Administrator\Desktop\phishing detector project\.venv\lib\site-packages\sklearn\base.py:376: InconsistentVersionWarning: Trying to unpickle estimator PowerTransformer from version 1.2.2 when using version 1.4.2. This might lead to breaking code or invalid results. Use at your own risk. For more info please refer to:
https://scikit-learn.org/stable/model_persistence.html#security-maintainability-limitations
  warnings.warn(

2025-04-25 13:36:13,181:WARNING:C:\Users\Administrator\Desktop\phishing detector project\.venv\lib\site-packages\sklearn\base.py:376: InconsistentVersionWarning: Trying to unpickle estimator StandardScaler from version 1.2.2 when using version 1.4.2. This might lead to breaking code or invalid results. Use at your own risk. For more info please refer to:
https://scikit-learn.org/stable/model_persistence.html#security-maintainability-limitations
  warnings.warn(

2025-04-25 13:36:13,251:WARNING:C:\Users\Administrator\Desktop\phishing detector project\.venv\lib\site-packages\sklearn\base.py:376: InconsistentVersionWarning: Trying to unpickle estimator LabelEncoder from version 1.2.2 when using version 1.4.2. This might lead to breaking code or invalid results. Use at your own risk. For more info please refer to:
https://scikit-learn.org/stable/model_persistence.html#security-maintainability-limitations
  warnings.warn(

2025-04-25 13:36:13,263:WARNING:C:\Users\Administrator\Desktop\phishing detector project\.venv\lib\site-packages\pycaret\internal\pipeline.py:146: UserWarning: Version mismatch:
current: {'deps_info': {'pip': '25.0.1', 'setuptools': '65.5.0', 'pycaret': '3.3.1', 'IPython': '8.23.0', 'ipywidgets': '8.1.2', 'tqdm': '4.66.2', 'numpy': '1.26.4', 'pandas': '2.1.4', 'jinja2': '3.1.3', 'scipy': '1.11.4', 'joblib': '1.3.2', 'sklearn': '1.4.2', 'pyod': '1.1.3', 'imblearn': '0.12.2', 'category_encoders': '2.6.3', 'lightgbm': '4.3.0', 'numba': '0.59.1', 'requests': '2.31.0', 'matplotlib': '3.7.5', 'scikitplot': '0.3.7', 'yellowbrick': '1.5', 'plotly': '5.21.0', 'plotly-resampler': 'Not installed', 'kaleido': '0.2.1', 'schemdraw': '0.15', 'statsmodels': '0.14.2', 'sktime': '0.26.0', 'tbats': '1.1.3', 'pmdarima': '2.0.4', 'psutil': '5.9.8', 'markupsafe': '2.1.5', 'pickle5': 'Not installed', 'cloudpickle': '3.0.0', 'deprecation': '2.1.0', 'xxhash': '3.4.1', 'wurlitzer': 'Not installed'}, 'python': {'version': '3.10.11', 'machine': 'AMD64'}}
pickle: {'deps_info': {'pip': '23.1.2', 'setuptools': '67.7.2', 'pycaret': '3.0.4', 'IPython': '7.34.0', 'ipywidgets': '7.7.1', 'tqdm': '4.66.1', 'numpy': '1.23.5', 'pandas': '1.5.3', 'jinja2': '3.1.2', 'scipy': '1.10.1', 'joblib': '1.3.2', 'sklearn': '1.2.2', 'pyod': '1.1.0', 'imblearn': '0.10.1', 'category_encoders': '2.6.2', 'lightgbm': '4.0.0', 'numba': '0.56.4', 'requests': '2.31.0', 'matplotlib': '3.7.1', 'scikitplot': '0.3.7', 'yellowbrick': '1.5', 'plotly': '5.15.0', 'plotly-resampler': 'Not installed', 'kaleido': '0.2.1', 'schemdraw': '0.15', 'statsmodels': '0.14.0', 'sktime': '0.22.0', 'tbats': '1.1.3', 'pmdarima': '2.0.3', 'psutil': '5.9.5', 'markupsafe': '2.1.3', 'pickle5': 'Not installed', 'cloudpickle': '2.2.1', 'deprecation': '2.1.0', 'xxhash': '3.3.0', 'wurlitzer': '3.0.3'}, 'python': {'version': '3.10.12', 'machine': 'x86_64'}}
  warnings.warn(

2025-04-25 13:36:17,246:WARNING:
'cuml' is a soft dependency and not included in the pycaret installation. Please run: `pip install cuml` to install.
2025-04-25 13:36:17,247:WARNING:
'cuml' is a soft dependency and not included in the pycaret installation. Please run: `pip install cuml` to install.
2025-04-25 13:36:17,247:WARNING:
'cuml' is a soft dependency and not included in the pycaret installation. Please run: `pip install cuml` to install.
2025-04-25 13:36:17,247:WARNING:
'cuml' is a soft dependency and not included in the pycaret installation. Please run: `pip install cuml` to install.
2025-04-25 13:36:18,663:INFO:Initializing load_model()
2025-04-25 13:36:18,663:INFO:load_model(model_name=model/phishingdetection, platform=None, authentication=None, verbose=True)
2025-04-25 13:36:18,667:WARNING:C:\Users\Administrator\Desktop\phishing detector project\.venv\lib\site-packages\sklearn\base.py:376: InconsistentVersionWarning: Trying to unpickle estimator SimpleImputer from version 1.2.2 when using version 1.4.2. This might lead to breaking code or invalid results. Use at your own risk. For more info please refer to:
https://scikit-learn.org/stable/model_persistence.html#security-maintainability-limitations
  warnings.warn(

2025-04-25 13:36:18,667:WARNING:C:\Users\Administrator\Desktop\phishing detector project\.venv\lib\site-packages\sklearn\base.py:376: InconsistentVersionWarning: Trying to unpickle estimator PowerTransformer from version 1.2.2 when using version 1.4.2. This might lead to breaking code or invalid results. Use at your own risk. For more info please refer to:
https://scikit-learn.org/stable/model_persistence.html#security-maintainability-limitations
  warnings.warn(

2025-04-25 13:36:18,667:WARNING:C:\Users\Administrator\Desktop\phishing detector project\.venv\lib\site-packages\sklearn\base.py:376: InconsistentVersionWarning: Trying to unpickle estimator StandardScaler from version 1.2.2 when using version 1.4.2. This might lead to breaking code or invalid results. Use at your own risk. For more info please refer to:
https://scikit-learn.org/stable/model_persistence.html#security-maintainability-limitations
  warnings.warn(

2025-04-25 13:36:18,706:WARNING:C:\Users\Administrator\Desktop\phishing detector project\.venv\lib\site-packages\sklearn\base.py:376: InconsistentVersionWarning: Trying to unpickle estimator LabelEncoder from version 1.2.2 when using version 1.4.2. This might lead to breaking code or invalid results. Use at your own risk. For more info please refer to:
https://scikit-learn.org/stable/model_persistence.html#security-maintainability-limitations
  warnings.warn(

2025-04-25 13:36:18,716:WARNING:C:\Users\Administrator\Desktop\phishing detector project\.venv\lib\site-packages\pycaret\internal\pipeline.py:146: UserWarning: Version mismatch:
current: {'deps_info': {'pip': '25.0.1', 'setuptools': '65.5.0', 'pycaret': '3.3.1', 'IPython': '8.23.0', 'ipywidgets': '8.1.2', 'tqdm': '4.66.2', 'numpy': '1.26.4', 'pandas': '2.1.4', 'jinja2': '3.1.3', 'scipy': '1.11.4', 'joblib': '1.3.2', 'sklearn': '1.4.2', 'pyod': '1.1.3', 'imblearn': '0.12.2', 'category_encoders': '2.6.3', 'lightgbm': '4.3.0', 'numba': '0.59.1', 'requests': '2.31.0', 'matplotlib': '3.7.5', 'scikitplot': '0.3.7', 'yellowbrick': '1.5', 'plotly': '5.21.0', 'plotly-resampler': 'Not installed', 'kaleido': '0.2.1', 'schemdraw': '0.15', 'statsmodels': '0.14.2', 'sktime': '0.26.0', 'tbats': '1.1.3', 'pmdarima': '2.0.4', 'psutil': '5.9.8', 'markupsafe': '2.1.5', 'pickle5': 'Not installed', 'cloudpickle': '3.0.0', 'deprecation': '2.1.0', 'xxhash': '3.4.1', 'wurlitzer': 'Not installed'}, 'python': {'version': '3.10.11', 'machine': 'AMD64'}}
pickle: {'deps_info': {'pip': '23.1.2', 'setuptools': '67.7.2', 'pycaret': '3.0.4', 'IPython': '7.34.0', 'ipywidgets': '7.7.1', 'tqdm': '4.66.1', 'numpy': '1.23.5', 'pandas': '1.5.3', 'jinja2': '3.1.2', 'scipy': '1.10.1', 'joblib': '1.3.2', 'sklearn': '1.2.2', 'pyod': '1.1.0', 'imblearn': '0.10.1', 'category_encoders': '2.6.2', 'lightgbm': '4.0.0', 'numba': '0.56.4', 'requests': '2.31.0', 'matplotlib': '3.7.1', 'scikitplot': '0.3.7', 'yellowbrick': '1.5', 'plotly': '5.15.0', 'plotly-resampler': 'Not installed', 'kaleido': '0.2.1', 'schemdraw': '0.15', 'statsmodels': '0.14.0', 'sktime': '0.22.0', 'tbats': '1.1.3', 'pmdarima': '2.0.3', 'psutil': '5.9.5', 'markupsafe': '2.1.3', 'pickle5': 'Not installed', 'cloudpickle': '2.2.1', 'deprecation': '2.1.0', 'xxhash': '3.3.0', 'wurlitzer': '3.0.3'}, 'python': {'version': '3.10.12', 'machine': 'x86_64'}}
  warnings.warn(

2025-04-25 13:44:21,496:WARNING:
'cuml' is a soft dependency and not included in the pycaret installation. Please run: `pip install cuml` to install.
2025-04-25 13:44:21,496:WARNING:
'cuml' is a soft dependency and not included in the pycaret installation. Please run: `pip install cuml` to install.
2025-04-25 13:44:21,496:WARNING:
'cuml' is a soft dependency and not included in the pycaret installation. Please run: `pip install cuml` to install.
2025-04-25 13:44:21,496:WARNING:
'cuml' is a soft dependency and not included in the pycaret installation. Please run: `pip install cuml` to install.
2025-04-25 13:44:22,847:INFO:Initializing load_model()
2025-04-25 13:44:22,847:INFO:load_model(model_name=model/phishingdetection, platform=None, authentication=None, verbose=True)
2025-04-25 13:44:22,852:WARNING:C:\Users\Administrator\Desktop\phishing detector project\.venv\lib\site-packages\sklearn\base.py:376: InconsistentVersionWarning: Trying to unpickle estimator SimpleImputer from version 1.2.2 when using version 1.4.2. This might lead to breaking code or invalid results. Use at your own risk. For more info please refer to:
https://scikit-learn.org/stable/model_persistence.html#security-maintainability-limitations
  warnings.warn(

2025-04-25 13:44:22,852:WARNING:C:\Users\Administrator\Desktop\phishing detector project\.venv\lib\site-packages\sklearn\base.py:376: InconsistentVersionWarning: Trying to unpickle estimator PowerTransformer from version 1.2.2 when using version 1.4.2. This might lead to breaking code or invalid results. Use at your own risk. For more info please refer to:
https://scikit-learn.org/stable/model_persistence.html#security-maintainability-limitations
  warnings.warn(

2025-04-25 13:44:22,852:WARNING:C:\Users\Administrator\Desktop\phishing detector project\.venv\lib\site-packages\sklearn\base.py:376: InconsistentVersionWarning: Trying to unpickle estimator StandardScaler from version 1.2.2 when using version 1.4.2. This might lead to breaking code or invalid results. Use at your own risk. For more info please refer to:
https://scikit-learn.org/stable/model_persistence.html#security-maintainability-limitations
  warnings.warn(

2025-04-25 13:44:22,893:WARNING:C:\Users\Administrator\Desktop\phishing detector project\.venv\lib\site-packages\sklearn\base.py:376: InconsistentVersionWarning: Trying to unpickle estimator LabelEncoder from version 1.2.2 when using version 1.4.2. This might lead to breaking code or invalid results. Use at your own risk. For more info please refer to:
https://scikit-learn.org/stable/model_persistence.html#security-maintainability-limitations
  warnings.warn(

2025-04-25 13:44:22,903:WARNING:C:\Users\Administrator\Desktop\phishing detector project\.venv\lib\site-packages\pycaret\internal\pipeline.py:146: UserWarning: Version mismatch:
current: {'deps_info': {'pip': '25.0.1', 'setuptools': '65.5.0', 'pycaret': '3.3.1', 'IPython': '8.23.0', 'ipywidgets': '8.1.2', 'tqdm': '4.66.2', 'numpy': '1.26.4', 'pandas': '2.1.4', 'jinja2': '3.1.3', 'scipy': '1.11.4', 'joblib': '1.3.2', 'sklearn': '1.4.2', 'pyod': '1.1.3', 'imblearn': '0.12.2', 'category_encoders': '2.6.3', 'lightgbm': '4.3.0', 'numba': '0.59.1', 'requests': '2.31.0', 'matplotlib': '3.7.5', 'scikitplot': '0.3.7', 'yellowbrick': '1.5', 'plotly': '5.21.0', 'plotly-resampler': 'Not installed', 'kaleido': '0.2.1', 'schemdraw': '0.15', 'statsmodels': '0.14.2', 'sktime': '0.26.0', 'tbats': '1.1.3', 'pmdarima': '2.0.4', 'psutil': '5.9.8', 'markupsafe': '2.1.5', 'pickle5': 'Not installed', 'cloudpickle': '3.0.0', 'deprecation': '2.1.0', 'xxhash': '3.4.1', 'wurlitzer': 'Not installed'}, 'python': {'version': '3.10.11', 'machine': 'AMD64'}}
pickle: {'deps_info': {'pip': '23.1.2', 'setuptools': '67.7.2', 'pycaret': '3.0.4', 'IPython': '7.34.0', 'ipywidgets': '7.7.1', 'tqdm': '4.66.1', 'numpy': '1.23.5', 'pandas': '1.5.3', 'jinja2': '3.1.2', 'scipy': '1.10.1', 'joblib': '1.3.2', 'sklearn': '1.2.2', 'pyod': '1.1.0', 'imblearn': '0.10.1', 'category_encoders': '2.6.2', 'lightgbm': '4.0.0', 'numba': '0.56.4', 'requests': '2.31.0', 'matplotlib': '3.7.1', 'scikitplot': '0.3.7', 'yellowbrick': '1.5', 'plotly': '5.15.0', 'plotly-resampler': 'Not installed', 'kaleido': '0.2.1', 'schemdraw': '0.15', 'statsmodels': '0.14.0', 'sktime': '0.22.0', 'tbats': '1.1.3', 'pmdarima': '2.0.3', 'psutil': '5.9.5', 'markupsafe': '2.1.3', 'pickle5': 'Not installed', 'cloudpickle': '2.2.1', 'deprecation': '2.1.0', 'xxhash': '3.3.0', 'wurlitzer': '3.0.3'}, 'python': {'version': '3.10.12', 'machine': 'x86_64'}}
  warnings.warn(

2025-04-25 13:44:29,099:WARNING:
'cuml' is a soft dependency and not included in the pycaret installation. Please run: `pip install cuml` to install.
2025-04-25 13:44:29,099:WARNING:
'cuml' is a soft dependency and not included in the pycaret installation. Please run: `pip install cuml` to install.
2025-04-25 13:44:29,099:WARNING:
'cuml' is a soft dependency and not included in the pycaret installation. Please run: `pip install cuml` to install.
2025-04-25 13:44:29,099:WARNING:
'cuml' is a soft dependency and not included in the pycaret installation. Please run: `pip install cuml` to install.
2025-04-25 13:44:30,362:INFO:Initializing load_model()
2025-04-25 13:44:30,362:INFO:load_model(model_name=model/phishingdetection, platform=None, authentication=None, verbose=True)
2025-04-25 13:44:30,367:WARNING:C:\Users\Administrator\Desktop\phishing detector project\.venv\lib\site-packages\sklearn\base.py:376: InconsistentVersionWarning: Trying to unpickle estimator SimpleImputer from version 1.2.2 when using version 1.4.2. This might lead to breaking code or invalid results. Use at your own risk. For more info please refer to:
https://scikit-learn.org/stable/model_persistence.html#security-maintainability-limitations
  warnings.warn(

2025-04-25 13:44:30,368:WARNING:C:\Users\Administrator\Desktop\phishing detector project\.venv\lib\site-packages\sklearn\base.py:376: InconsistentVersionWarning: Trying to unpickle estimator PowerTransformer from version 1.2.2 when using version 1.4.2. This might lead to breaking code or invalid results. Use at your own risk. For more info please refer to:
https://scikit-learn.org/stable/model_persistence.html#security-maintainability-limitations
  warnings.warn(

2025-04-25 13:44:30,392:WARNING:C:\Users\Administrator\Desktop\phishing detector project\.venv\lib\site-packages\sklearn\base.py:376: InconsistentVersionWarning: Trying to unpickle estimator StandardScaler from version 1.2.2 when using version 1.4.2. This might lead to breaking code or invalid results. Use at your own risk. For more info please refer to:
https://scikit-learn.org/stable/model_persistence.html#security-maintainability-limitations
  warnings.warn(

2025-04-25 13:44:30,434:WARNING:C:\Users\Administrator\Desktop\phishing detector project\.venv\lib\site-packages\sklearn\base.py:376: InconsistentVersionWarning: Trying to unpickle estimator LabelEncoder from version 1.2.2 when using version 1.4.2. This might lead to breaking code or invalid results. Use at your own risk. For more info please refer to:
https://scikit-learn.org/stable/model_persistence.html#security-maintainability-limitations
  warnings.warn(

2025-04-25 13:44:30,444:WARNING:C:\Users\Administrator\Desktop\phishing detector project\.venv\lib\site-packages\pycaret\internal\pipeline.py:146: UserWarning: Version mismatch:
current: {'deps_info': {'pip': '25.0.1', 'setuptools': '65.5.0', 'pycaret': '3.3.1', 'IPython': '8.23.0', 'ipywidgets': '8.1.2', 'tqdm': '4.66.2', 'numpy': '1.26.4', 'pandas': '2.1.4', 'jinja2': '3.1.3', 'scipy': '1.11.4', 'joblib': '1.3.2', 'sklearn': '1.4.2', 'pyod': '1.1.3', 'imblearn': '0.12.2', 'category_encoders': '2.6.3', 'lightgbm': '4.3.0', 'numba': '0.59.1', 'requests': '2.31.0', 'matplotlib': '3.7.5', 'scikitplot': '0.3.7', 'yellowbrick': '1.5', 'plotly': '5.21.0', 'plotly-resampler': 'Not installed', 'kaleido': '0.2.1', 'schemdraw': '0.15', 'statsmodels': '0.14.2', 'sktime': '0.26.0', 'tbats': '1.1.3', 'pmdarima': '2.0.4', 'psutil': '5.9.8', 'markupsafe': '2.1.5', 'pickle5': 'Not installed', 'cloudpickle': '3.0.0', 'deprecation': '2.1.0', 'xxhash': '3.4.1', 'wurlitzer': 'Not installed'}, 'python': {'version': '3.10.11', 'machine': 'AMD64'}}
pickle: {'deps_info': {'pip': '23.1.2', 'setuptools': '67.7.2', 'pycaret': '3.0.4', 'IPython': '7.34.0', 'ipywidgets': '7.7.1', 'tqdm': '4.66.1', 'numpy': '1.23.5', 'pandas': '1.5.3', 'jinja2': '3.1.2', 'scipy': '1.10.1', 'joblib': '1.3.2', 'sklearn': '1.2.2', 'pyod': '1.1.0', 'imblearn': '0.10.1', 'category_encoders': '2.6.2', 'lightgbm': '4.0.0', 'numba': '0.56.4', 'requests': '2.31.0', 'matplotlib': '3.7.1', 'scikitplot': '0.3.7', 'yellowbrick': '1.5', 'plotly': '5.15.0', 'plotly-resampler': 'Not installed', 'kaleido': '0.2.1', 'schemdraw': '0.15', 'statsmodels': '0.14.0', 'sktime': '0.22.0', 'tbats': '1.1.3', 'pmdarima': '2.0.3', 'psutil': '5.9.5', 'markupsafe': '2.1.3', 'pickle5': 'Not installed', 'cloudpickle': '2.2.1', 'deprecation': '2.1.0', 'xxhash': '3.3.0', 'wurlitzer': '3.0.3'}, 'python': {'version': '3.10.12', 'machine': 'x86_64'}}
  warnings.warn(

2025-04-25 13:49:41,662:WARNING:
'cuml' is a soft dependency and not included in the pycaret installation. Please run: `pip install cuml` to install.
2025-04-25 13:49:41,662:WARNING:
'cuml' is a soft dependency and not included in the pycaret installation. Please run: `pip install cuml` to install.
2025-04-25 13:49:41,662:WARNING:
'cuml' is a soft dependency and not included in the pycaret installation. Please run: `pip install cuml` to install.
2025-04-25 13:49:41,662:WARNING:
'cuml' is a soft dependency and not included in the pycaret installation. Please run: `pip install cuml` to install.
2025-04-25 13:49:42,804:INFO:Initializing load_model()
2025-04-25 13:49:42,804:INFO:load_model(model_name=model/phishingdetection, platform=None, authentication=None, verbose=True)
2025-04-25 13:49:42,804:WARNING:C:\Users\Administrator\Desktop\phishing detector project\.venv\lib\site-packages\sklearn\base.py:376: InconsistentVersionWarning: Trying to unpickle estimator SimpleImputer from version 1.2.2 when using version 1.4.2. This might lead to breaking code or invalid results. Use at your own risk. For more info please refer to:
https://scikit-learn.org/stable/model_persistence.html#security-maintainability-limitations
  warnings.warn(

2025-04-25 13:49:42,804:WARNING:C:\Users\Administrator\Desktop\phishing detector project\.venv\lib\site-packages\sklearn\base.py:376: InconsistentVersionWarning: Trying to unpickle estimator PowerTransformer from version 1.2.2 when using version 1.4.2. This might lead to breaking code or invalid results. Use at your own risk. For more info please refer to:
https://scikit-learn.org/stable/model_persistence.html#security-maintainability-limitations
  warnings.warn(

2025-04-25 13:49:42,804:WARNING:C:\Users\Administrator\Desktop\phishing detector project\.venv\lib\site-packages\sklearn\base.py:376: InconsistentVersionWarning: Trying to unpickle estimator StandardScaler from version 1.2.2 when using version 1.4.2. This might lead to breaking code or invalid results. Use at your own risk. For more info please refer to:
https://scikit-learn.org/stable/model_persistence.html#security-maintainability-limitations
  warnings.warn(

2025-04-25 13:49:42,854:WARNING:C:\Users\Administrator\Desktop\phishing detector project\.venv\lib\site-packages\sklearn\base.py:376: InconsistentVersionWarning: Trying to unpickle estimator LabelEncoder from version 1.2.2 when using version 1.4.2. This might lead to breaking code or invalid results. Use at your own risk. For more info please refer to:
https://scikit-learn.org/stable/model_persistence.html#security-maintainability-limitations
  warnings.warn(

2025-04-25 13:49:42,864:WARNING:C:\Users\Administrator\Desktop\phishing detector project\.venv\lib\site-packages\pycaret\internal\pipeline.py:146: UserWarning: Version mismatch:
current: {'deps_info': {'pip': '25.0.1', 'setuptools': '65.5.0', 'pycaret': '3.3.1', 'IPython': '8.23.0', 'ipywidgets': '8.1.2', 'tqdm': '4.66.2', 'numpy': '1.26.4', 'pandas': '2.1.4', 'jinja2': '3.1.3', 'scipy': '1.11.4', 'joblib': '1.3.2', 'sklearn': '1.4.2', 'pyod': '1.1.3', 'imblearn': '0.12.2', 'category_encoders': '2.6.3', 'lightgbm': '4.3.0', 'numba': '0.59.1', 'requests': '2.31.0', 'matplotlib': '3.7.5', 'scikitplot': '0.3.7', 'yellowbrick': '1.5', 'plotly': '5.21.0', 'plotly-resampler': 'Not installed', 'kaleido': '0.2.1', 'schemdraw': '0.15', 'statsmodels': '0.14.2', 'sktime': '0.26.0', 'tbats': '1.1.3', 'pmdarima': '2.0.4', 'psutil': '5.9.8', 'markupsafe': '2.1.5', 'pickle5': 'Not installed', 'cloudpickle': '3.0.0', 'deprecation': '2.1.0', 'xxhash': '3.4.1', 'wurlitzer': 'Not installed'}, 'python': {'version': '3.10.11', 'machine': 'AMD64'}}
pickle: {'deps_info': {'pip': '23.1.2', 'setuptools': '67.7.2', 'pycaret': '3.0.4', 'IPython': '7.34.0', 'ipywidgets': '7.7.1', 'tqdm': '4.66.1', 'numpy': '1.23.5', 'pandas': '1.5.3', 'jinja2': '3.1.2', 'scipy': '1.10.1', 'joblib': '1.3.2', 'sklearn': '1.2.2', 'pyod': '1.1.0', 'imblearn': '0.10.1', 'category_encoders': '2.6.2', 'lightgbm': '4.0.0', 'numba': '0.56.4', 'requests': '2.31.0', 'matplotlib': '3.7.1', 'scikitplot': '0.3.7', 'yellowbrick': '1.5', 'plotly': '5.15.0', 'plotly-resampler': 'Not installed', 'kaleido': '0.2.1', 'schemdraw': '0.15', 'statsmodels': '0.14.0', 'sktime': '0.22.0', 'tbats': '1.1.3', 'pmdarima': '2.0.3', 'psutil': '5.9.5', 'markupsafe': '2.1.3', 'pickle5': 'Not installed', 'cloudpickle': '2.2.1', 'deprecation': '2.1.0', 'xxhash': '3.3.0', 'wurlitzer': '3.0.3'}, 'python': {'version': '3.10.12', 'machine': 'x86_64'}}
  warnings.warn(

2025-04-25 14:02:41,922:WARNING:
'cuml' is a soft dependency and not included in the pycaret installation. Please run: `pip install cuml` to install.
2025-04-25 14:02:41,922:WARNING:
'cuml' is a soft dependency and not included in the pycaret installation. Please run: `pip install cuml` to install.
2025-04-25 14:02:41,922:WARNING:
'cuml' is a soft dependency and not included in the pycaret installation. Please run: `pip install cuml` to install.
2025-04-25 14:02:41,922:WARNING:
'cuml' is a soft dependency and not included in the pycaret installation. Please run: `pip install cuml` to install.
2025-04-25 14:02:43,278:INFO:Initializing load_model()
2025-04-25 14:02:43,286:INFO:load_model(model_name=model/phishingdetection, platform=None, authentication=None, verbose=True)
2025-04-25 14:02:43,286:WARNING:C:\Users\Administrator\Desktop\phishing detector project\.venv\lib\site-packages\sklearn\base.py:376: InconsistentVersionWarning: Trying to unpickle estimator SimpleImputer from version 1.2.2 when using version 1.4.2. This might lead to breaking code or invalid results. Use at your own risk. For more info please refer to:
https://scikit-learn.org/stable/model_persistence.html#security-maintainability-limitations
  warnings.warn(

2025-04-25 14:02:43,286:WARNING:C:\Users\Administrator\Desktop\phishing detector project\.venv\lib\site-packages\sklearn\base.py:376: InconsistentVersionWarning: Trying to unpickle estimator PowerTransformer from version 1.2.2 when using version 1.4.2. This might lead to breaking code or invalid results. Use at your own risk. For more info please refer to:
https://scikit-learn.org/stable/model_persistence.html#security-maintainability-limitations
  warnings.warn(

2025-04-25 14:02:43,286:WARNING:C:\Users\Administrator\Desktop\phishing detector project\.venv\lib\site-packages\sklearn\base.py:376: InconsistentVersionWarning: Trying to unpickle estimator StandardScaler from version 1.2.2 when using version 1.4.2. This might lead to breaking code or invalid results. Use at your own risk. For more info please refer to:
https://scikit-learn.org/stable/model_persistence.html#security-maintainability-limitations
  warnings.warn(

2025-04-25 14:02:43,327:WARNING:C:\Users\Administrator\Desktop\phishing detector project\.venv\lib\site-packages\sklearn\base.py:376: InconsistentVersionWarning: Trying to unpickle estimator LabelEncoder from version 1.2.2 when using version 1.4.2. This might lead to breaking code or invalid results. Use at your own risk. For more info please refer to:
https://scikit-learn.org/stable/model_persistence.html#security-maintainability-limitations
  warnings.warn(

2025-04-25 14:02:43,337:WARNING:C:\Users\Administrator\Desktop\phishing detector project\.venv\lib\site-packages\pycaret\internal\pipeline.py:146: UserWarning: Version mismatch:
current: {'deps_info': {'pip': '25.0.1', 'setuptools': '65.5.0', 'pycaret': '3.3.1', 'IPython': '8.23.0', 'ipywidgets': '8.1.2', 'tqdm': '4.66.2', 'numpy': '1.26.4', 'pandas': '2.1.4', 'jinja2': '3.1.3', 'scipy': '1.11.4', 'joblib': '1.3.2', 'sklearn': '1.4.2', 'pyod': '1.1.3', 'imblearn': '0.12.2', 'category_encoders': '2.6.3', 'lightgbm': '4.3.0', 'numba': '0.59.1', 'requests': '2.31.0', 'matplotlib': '3.7.5', 'scikitplot': '0.3.7', 'yellowbrick': '1.5', 'plotly': '5.21.0', 'plotly-resampler': 'Not installed', 'kaleido': '0.2.1', 'schemdraw': '0.15', 'statsmodels': '0.14.2', 'sktime': '0.26.0', 'tbats': '1.1.3', 'pmdarima': '2.0.4', 'psutil': '5.9.8', 'markupsafe': '2.1.5', 'pickle5': 'Not installed', 'cloudpickle': '3.0.0', 'deprecation': '2.1.0', 'xxhash': '3.4.1', 'wurlitzer': 'Not installed'}, 'python': {'version': '3.10.11', 'machine': 'AMD64'}}
pickle: {'deps_info': {'pip': '23.1.2', 'setuptools': '67.7.2', 'pycaret': '3.0.4', 'IPython': '7.34.0', 'ipywidgets': '7.7.1', 'tqdm': '4.66.1', 'numpy': '1.23.5', 'pandas': '1.5.3', 'jinja2': '3.1.2', 'scipy': '1.10.1', 'joblib': '1.3.2', 'sklearn': '1.2.2', 'pyod': '1.1.0', 'imblearn': '0.10.1', 'category_encoders': '2.6.2', 'lightgbm': '4.0.0', 'numba': '0.56.4', 'requests': '2.31.0', 'matplotlib': '3.7.1', 'scikitplot': '0.3.7', 'yellowbrick': '1.5', 'plotly': '5.15.0', 'plotly-resampler': 'Not installed', 'kaleido': '0.2.1', 'schemdraw': '0.15', 'statsmodels': '0.14.0', 'sktime': '0.22.0', 'tbats': '1.1.3', 'pmdarima': '2.0.3', 'psutil': '5.9.5', 'markupsafe': '2.1.3', 'pickle5': 'Not installed', 'cloudpickle': '2.2.1', 'deprecation': '2.1.0', 'xxhash': '3.3.0', 'wurlitzer': '3.0.3'}, 'python': {'version': '3.10.12', 'machine': 'x86_64'}}
  warnings.warn(

2025-04-25 14:23:35,193:WARNING:
'cuml' is a soft dependency and not included in the pycaret installation. Please run: `pip install cuml` to install.
2025-04-25 14:23:35,193:WARNING:
'cuml' is a soft dependency and not included in the pycaret installation. Please run: `pip install cuml` to install.
2025-04-25 14:23:35,193:WARNING:
'cuml' is a soft dependency and not included in the pycaret installation. Please run: `pip install cuml` to install.
2025-04-25 14:23:35,193:WARNING:
'cuml' is a soft dependency and not included in the pycaret installation. Please run: `pip install cuml` to install.
2025-04-25 14:23:36,362:INFO:Initializing load_model()
2025-04-25 14:23:36,362:INFO:load_model(model_name=model/phishingdetection, platform=None, authentication=None, verbose=True)
2025-04-25 14:23:36,362:WARNING:C:\Users\Administrator\Desktop\phishing detector project\.venv\lib\site-packages\sklearn\base.py:376: InconsistentVersionWarning: Trying to unpickle estimator SimpleImputer from version 1.2.2 when using version 1.4.2. This might lead to breaking code or invalid results. Use at your own risk. For more info please refer to:
https://scikit-learn.org/stable/model_persistence.html#security-maintainability-limitations
  warnings.warn(

2025-04-25 14:23:36,362:WARNING:C:\Users\Administrator\Desktop\phishing detector project\.venv\lib\site-packages\sklearn\base.py:376: InconsistentVersionWarning: Trying to unpickle estimator PowerTransformer from version 1.2.2 when using version 1.4.2. This might lead to breaking code or invalid results. Use at your own risk. For more info please refer to:
https://scikit-learn.org/stable/model_persistence.html#security-maintainability-limitations
  warnings.warn(

2025-04-25 14:23:36,362:WARNING:C:\Users\Administrator\Desktop\phishing detector project\.venv\lib\site-packages\sklearn\base.py:376: InconsistentVersionWarning: Trying to unpickle estimator StandardScaler from version 1.2.2 when using version 1.4.2. This might lead to breaking code or invalid results. Use at your own risk. For more info please refer to:
https://scikit-learn.org/stable/model_persistence.html#security-maintainability-limitations
  warnings.warn(

2025-04-25 14:23:36,405:WARNING:C:\Users\Administrator\Desktop\phishing detector project\.venv\lib\site-packages\sklearn\base.py:376: InconsistentVersionWarning: Trying to unpickle estimator LabelEncoder from version 1.2.2 when using version 1.4.2. This might lead to breaking code or invalid results. Use at your own risk. For more info please refer to:
https://scikit-learn.org/stable/model_persistence.html#security-maintainability-limitations
  warnings.warn(

2025-04-25 14:23:36,414:WARNING:C:\Users\Administrator\Desktop\phishing detector project\.venv\lib\site-packages\pycaret\internal\pipeline.py:146: UserWarning: Version mismatch:
current: {'deps_info': {'pip': '25.0.1', 'setuptools': '65.5.0', 'pycaret': '3.3.1', 'IPython': '8.23.0', 'ipywidgets': '8.1.2', 'tqdm': '4.66.2', 'numpy': '1.26.4', 'pandas': '2.1.4', 'jinja2': '3.1.3', 'scipy': '1.11.4', 'joblib': '1.3.2', 'sklearn': '1.4.2', 'pyod': '1.1.3', 'imblearn': '0.12.2', 'category_encoders': '2.6.3', 'lightgbm': '4.3.0', 'numba': '0.59.1', 'requests': '2.31.0', 'matplotlib': '3.7.5', 'scikitplot': '0.3.7', 'yellowbrick': '1.5', 'plotly': '5.21.0', 'plotly-resampler': 'Not installed', 'kaleido': '0.2.1', 'schemdraw': '0.15', 'statsmodels': '0.14.2', 'sktime': '0.26.0', 'tbats': '1.1.3', 'pmdarima': '2.0.4', 'psutil': '5.9.8', 'markupsafe': '2.1.5', 'pickle5': 'Not installed', 'cloudpickle': '3.0.0', 'deprecation': '2.1.0', 'xxhash': '3.4.1', 'wurlitzer': 'Not installed'}, 'python': {'version': '3.10.11', 'machine': 'AMD64'}}
pickle: {'deps_info': {'pip': '23.1.2', 'setuptools': '67.7.2', 'pycaret': '3.0.4', 'IPython': '7.34.0', 'ipywidgets': '7.7.1', 'tqdm': '4.66.1', 'numpy': '1.23.5', 'pandas': '1.5.3', 'jinja2': '3.1.2', 'scipy': '1.10.1', 'joblib': '1.3.2', 'sklearn': '1.2.2', 'pyod': '1.1.0', 'imblearn': '0.10.1', 'category_encoders': '2.6.2', 'lightgbm': '4.0.0', 'numba': '0.56.4', 'requests': '2.31.0', 'matplotlib': '3.7.1', 'scikitplot': '0.3.7', 'yellowbrick': '1.5', 'plotly': '5.15.0', 'plotly-resampler': 'Not installed', 'kaleido': '0.2.1', 'schemdraw': '0.15', 'statsmodels': '0.14.0', 'sktime': '0.22.0', 'tbats': '1.1.3', 'pmdarima': '2.0.3', 'psutil': '5.9.5', 'markupsafe': '2.1.3', 'pickle5': 'Not installed', 'cloudpickle': '2.2.1', 'deprecation': '2.1.0', 'xxhash': '3.3.0', 'wurlitzer': '3.0.3'}, 'python': {'version': '3.10.12', 'machine': 'x86_64'}}
  warnings.warn(

2025-04-25 14:23:40,159:WARNING:
'cuml' is a soft dependency and not included in the pycaret installation. Please run: `pip install cuml` to install.
2025-04-25 14:23:40,159:WARNING:
'cuml' is a soft dependency and not included in the pycaret installation. Please run: `pip install cuml` to install.
2025-04-25 14:23:40,159:WARNING:
'cuml' is a soft dependency and not included in the pycaret installation. Please run: `pip install cuml` to install.
2025-04-25 14:23:40,159:WARNING:
'cuml' is a soft dependency and not included in the pycaret installation. Please run: `pip install cuml` to install.
2025-04-25 14:23:41,352:INFO:Initializing load_model()
2025-04-25 14:23:41,352:INFO:load_model(model_name=model/phishingdetection, platform=None, authentication=None, verbose=True)
2025-04-25 14:23:41,352:WARNING:C:\Users\Administrator\Desktop\phishing detector project\.venv\lib\site-packages\sklearn\base.py:376: InconsistentVersionWarning: Trying to unpickle estimator SimpleImputer from version 1.2.2 when using version 1.4.2. This might lead to breaking code or invalid results. Use at your own risk. For more info please refer to:
https://scikit-learn.org/stable/model_persistence.html#security-maintainability-limitations
  warnings.warn(

2025-04-25 14:23:41,352:WARNING:C:\Users\Administrator\Desktop\phishing detector project\.venv\lib\site-packages\sklearn\base.py:376: InconsistentVersionWarning: Trying to unpickle estimator PowerTransformer from version 1.2.2 when using version 1.4.2. This might lead to breaking code or invalid results. Use at your own risk. For more info please refer to:
https://scikit-learn.org/stable/model_persistence.html#security-maintainability-limitations
  warnings.warn(

2025-04-25 14:23:41,352:WARNING:C:\Users\Administrator\Desktop\phishing detector project\.venv\lib\site-packages\sklearn\base.py:376: InconsistentVersionWarning: Trying to unpickle estimator StandardScaler from version 1.2.2 when using version 1.4.2. This might lead to breaking code or invalid results. Use at your own risk. For more info please refer to:
https://scikit-learn.org/stable/model_persistence.html#security-maintainability-limitations
  warnings.warn(

2025-04-25 14:23:41,398:WARNING:C:\Users\Administrator\Desktop\phishing detector project\.venv\lib\site-packages\sklearn\base.py:376: InconsistentVersionWarning: Trying to unpickle estimator LabelEncoder from version 1.2.2 when using version 1.4.2. This might lead to breaking code or invalid results. Use at your own risk. For more info please refer to:
https://scikit-learn.org/stable/model_persistence.html#security-maintainability-limitations
  warnings.warn(

2025-04-25 14:23:41,408:WARNING:C:\Users\Administrator\Desktop\phishing detector project\.venv\lib\site-packages\pycaret\internal\pipeline.py:146: UserWarning: Version mismatch:
current: {'deps_info': {'pip': '25.0.1', 'setuptools': '65.5.0', 'pycaret': '3.3.1', 'IPython': '8.23.0', 'ipywidgets': '8.1.2', 'tqdm': '4.66.2', 'numpy': '1.26.4', 'pandas': '2.1.4', 'jinja2': '3.1.3', 'scipy': '1.11.4', 'joblib': '1.3.2', 'sklearn': '1.4.2', 'pyod': '1.1.3', 'imblearn': '0.12.2', 'category_encoders': '2.6.3', 'lightgbm': '4.3.0', 'numba': '0.59.1', 'requests': '2.31.0', 'matplotlib': '3.7.5', 'scikitplot': '0.3.7', 'yellowbrick': '1.5', 'plotly': '5.21.0', 'plotly-resampler': 'Not installed', 'kaleido': '0.2.1', 'schemdraw': '0.15', 'statsmodels': '0.14.2', 'sktime': '0.26.0', 'tbats': '1.1.3', 'pmdarima': '2.0.4', 'psutil': '5.9.8', 'markupsafe': '2.1.5', 'pickle5': 'Not installed', 'cloudpickle': '3.0.0', 'deprecation': '2.1.0', 'xxhash': '3.4.1', 'wurlitzer': 'Not installed'}, 'python': {'version': '3.10.11', 'machine': 'AMD64'}}
pickle: {'deps_info': {'pip': '23.1.2', 'setuptools': '67.7.2', 'pycaret': '3.0.4', 'IPython': '7.34.0', 'ipywidgets': '7.7.1', 'tqdm': '4.66.1', 'numpy': '1.23.5', 'pandas': '1.5.3', 'jinja2': '3.1.2', 'scipy': '1.10.1', 'joblib': '1.3.2', 'sklearn': '1.2.2', 'pyod': '1.1.0', 'imblearn': '0.10.1', 'category_encoders': '2.6.2', 'lightgbm': '4.0.0', 'numba': '0.56.4', 'requests': '2.31.0', 'matplotlib': '3.7.1', 'scikitplot': '0.3.7', 'yellowbrick': '1.5', 'plotly': '5.15.0', 'plotly-resampler': 'Not installed', 'kaleido': '0.2.1', 'schemdraw': '0.15', 'statsmodels': '0.14.0', 'sktime': '0.22.0', 'tbats': '1.1.3', 'pmdarima': '2.0.3', 'psutil': '5.9.5', 'markupsafe': '2.1.3', 'pickle5': 'Not installed', 'cloudpickle': '2.2.1', 'deprecation': '2.1.0', 'xxhash': '3.3.0', 'wurlitzer': '3.0.3'}, 'python': {'version': '3.10.12', 'machine': 'x86_64'}}
  warnings.warn(

2025-04-25 15:03:05,401:WARNING:
'cuml' is a soft dependency and not included in the pycaret installation. Please run: `pip install cuml` to install.
2025-04-25 15:03:05,401:WARNING:
'cuml' is a soft dependency and not included in the pycaret installation. Please run: `pip install cuml` to install.
2025-04-25 15:03:05,401:WARNING:
'cuml' is a soft dependency and not included in the pycaret installation. Please run: `pip install cuml` to install.
2025-04-25 15:03:05,401:WARNING:
'cuml' is a soft dependency and not included in the pycaret installation. Please run: `pip install cuml` to install.
2025-04-25 15:03:07,038:INFO:Initializing load_model()
2025-04-25 15:03:07,046:INFO:load_model(model_name=model/phishingdetection, platform=None, authentication=None, verbose=True)
2025-04-25 15:03:07,047:WARNING:C:\Users\Administrator\Desktop\phishing detector project\.venv\lib\site-packages\sklearn\base.py:376: InconsistentVersionWarning: Trying to unpickle estimator SimpleImputer from version 1.2.2 when using version 1.4.2. This might lead to breaking code or invalid results. Use at your own risk. For more info please refer to:
https://scikit-learn.org/stable/model_persistence.html#security-maintainability-limitations
  warnings.warn(

2025-04-25 15:03:07,047:WARNING:C:\Users\Administrator\Desktop\phishing detector project\.venv\lib\site-packages\sklearn\base.py:376: InconsistentVersionWarning: Trying to unpickle estimator PowerTransformer from version 1.2.2 when using version 1.4.2. This might lead to breaking code or invalid results. Use at your own risk. For more info please refer to:
https://scikit-learn.org/stable/model_persistence.html#security-maintainability-limitations
  warnings.warn(

2025-04-25 15:03:07,047:WARNING:C:\Users\Administrator\Desktop\phishing detector project\.venv\lib\site-packages\sklearn\base.py:376: InconsistentVersionWarning: Trying to unpickle estimator StandardScaler from version 1.2.2 when using version 1.4.2. This might lead to breaking code or invalid results. Use at your own risk. For more info please refer to:
https://scikit-learn.org/stable/model_persistence.html#security-maintainability-limitations
  warnings.warn(

2025-04-25 15:03:07,099:WARNING:C:\Users\Administrator\Desktop\phishing detector project\.venv\lib\site-packages\sklearn\base.py:376: InconsistentVersionWarning: Trying to unpickle estimator LabelEncoder from version 1.2.2 when using version 1.4.2. This might lead to breaking code or invalid results. Use at your own risk. For more info please refer to:
https://scikit-learn.org/stable/model_persistence.html#security-maintainability-limitations
  warnings.warn(

2025-04-25 15:03:07,109:WARNING:C:\Users\Administrator\Desktop\phishing detector project\.venv\lib\site-packages\pycaret\internal\pipeline.py:146: UserWarning: Version mismatch:
current: {'deps_info': {'pip': '25.0.1', 'setuptools': '65.5.0', 'pycaret': '3.3.1', 'IPython': '8.23.0', 'ipywidgets': '8.1.2', 'tqdm': '4.66.2', 'numpy': '1.26.4', 'pandas': '2.1.4', 'jinja2': '3.1.3', 'scipy': '1.11.4', 'joblib': '1.3.2', 'sklearn': '1.4.2', 'pyod': '1.1.3', 'imblearn': '0.12.2', 'category_encoders': '2.6.3', 'lightgbm': '4.3.0', 'numba': '0.59.1', 'requests': '2.31.0', 'matplotlib': '3.7.5', 'scikitplot': '0.3.7', 'yellowbrick': '1.5', 'plotly': '5.21.0', 'plotly-resampler': 'Not installed', 'kaleido': '0.2.1', 'schemdraw': '0.15', 'statsmodels': '0.14.2', 'sktime': '0.26.0', 'tbats': '1.1.3', 'pmdarima': '2.0.4', 'psutil': '5.9.8', 'markupsafe': '2.1.5', 'pickle5': 'Not installed', 'cloudpickle': '3.0.0', 'deprecation': '2.1.0', 'xxhash': '3.4.1', 'wurlitzer': 'Not installed'}, 'python': {'version': '3.10.11', 'machine': 'AMD64'}}
pickle: {'deps_info': {'pip': '23.1.2', 'setuptools': '67.7.2', 'pycaret': '3.0.4', 'IPython': '7.34.0', 'ipywidgets': '7.7.1', 'tqdm': '4.66.1', 'numpy': '1.23.5', 'pandas': '1.5.3', 'jinja2': '3.1.2', 'scipy': '1.10.1', 'joblib': '1.3.2', 'sklearn': '1.2.2', 'pyod': '1.1.0', 'imblearn': '0.10.1', 'category_encoders': '2.6.2', 'lightgbm': '4.0.0', 'numba': '0.56.4', 'requests': '2.31.0', 'matplotlib': '3.7.1', 'scikitplot': '0.3.7', 'yellowbrick': '1.5', 'plotly': '5.15.0', 'plotly-resampler': 'Not installed', 'kaleido': '0.2.1', 'schemdraw': '0.15', 'statsmodels': '0.14.0', 'sktime': '0.22.0', 'tbats': '1.1.3', 'pmdarima': '2.0.3', 'psutil': '5.9.5', 'markupsafe': '2.1.3', 'pickle5': 'Not installed', 'cloudpickle': '2.2.1', 'deprecation': '2.1.0', 'xxhash': '3.3.0', 'wurlitzer': '3.0.3'}, 'python': {'version': '3.10.12', 'machine': 'x86_64'}}
  warnings.warn(

2025-04-25 15:03:52,769:WARNING:
'cuml' is a soft dependency and not included in the pycaret installation. Please run: `pip install cuml` to install.
2025-04-25 15:03:52,769:WARNING:
'cuml' is a soft dependency and not included in the pycaret installation. Please run: `pip install cuml` to install.
2025-04-25 15:03:52,769:WARNING:
'cuml' is a soft dependency and not included in the pycaret installation. Please run: `pip install cuml` to install.
2025-04-25 15:03:52,769:WARNING:
'cuml' is a soft dependency and not included in the pycaret installation. Please run: `pip install cuml` to install.
2025-04-25 15:03:54,175:INFO:Initializing load_model()
2025-04-25 15:03:54,175:INFO:load_model(model_name=model/phishingdetection, platform=None, authentication=None, verbose=True)
2025-04-25 15:03:54,175:WARNING:C:\Users\Administrator\Desktop\phishing detector project\.venv\lib\site-packages\sklearn\base.py:376: InconsistentVersionWarning: Trying to unpickle estimator SimpleImputer from version 1.2.2 when using version 1.4.2. This might lead to breaking code or invalid results. Use at your own risk. For more info please refer to:
https://scikit-learn.org/stable/model_persistence.html#security-maintainability-limitations
  warnings.warn(

2025-04-25 15:03:54,175:WARNING:C:\Users\Administrator\Desktop\phishing detector project\.venv\lib\site-packages\sklearn\base.py:376: InconsistentVersionWarning: Trying to unpickle estimator PowerTransformer from version 1.2.2 when using version 1.4.2. This might lead to breaking code or invalid results. Use at your own risk. For more info please refer to:
https://scikit-learn.org/stable/model_persistence.html#security-maintainability-limitations
  warnings.warn(

2025-04-25 15:03:54,175:WARNING:C:\Users\Administrator\Desktop\phishing detector project\.venv\lib\site-packages\sklearn\base.py:376: InconsistentVersionWarning: Trying to unpickle estimator StandardScaler from version 1.2.2 when using version 1.4.2. This might lead to breaking code or invalid results. Use at your own risk. For more info please refer to:
https://scikit-learn.org/stable/model_persistence.html#security-maintainability-limitations
  warnings.warn(

2025-04-25 15:03:54,226:WARNING:C:\Users\Administrator\Desktop\phishing detector project\.venv\lib\site-packages\sklearn\base.py:376: InconsistentVersionWarning: Trying to unpickle estimator LabelEncoder from version 1.2.2 when using version 1.4.2. This might lead to breaking code or invalid results. Use at your own risk. For more info please refer to:
https://scikit-learn.org/stable/model_persistence.html#security-maintainability-limitations
  warnings.warn(

2025-04-25 15:03:54,237:WARNING:C:\Users\Administrator\Desktop\phishing detector project\.venv\lib\site-packages\pycaret\internal\pipeline.py:146: UserWarning: Version mismatch:
current: {'deps_info': {'pip': '25.0.1', 'setuptools': '65.5.0', 'pycaret': '3.3.1', 'IPython': '8.23.0', 'ipywidgets': '8.1.2', 'tqdm': '4.66.2', 'numpy': '1.26.4', 'pandas': '2.1.4', 'jinja2': '3.1.3', 'scipy': '1.11.4', 'joblib': '1.3.2', 'sklearn': '1.4.2', 'pyod': '1.1.3', 'imblearn': '0.12.2', 'category_encoders': '2.6.3', 'lightgbm': '4.3.0', 'numba': '0.59.1', 'requests': '2.31.0', 'matplotlib': '3.7.5', 'scikitplot': '0.3.7', 'yellowbrick': '1.5', 'plotly': '5.21.0', 'plotly-resampler': 'Not installed', 'kaleido': '0.2.1', 'schemdraw': '0.15', 'statsmodels': '0.14.2', 'sktime': '0.26.0', 'tbats': '1.1.3', 'pmdarima': '2.0.4', 'psutil': '5.9.8', 'markupsafe': '2.1.5', 'pickle5': 'Not installed', 'cloudpickle': '3.0.0', 'deprecation': '2.1.0', 'xxhash': '3.4.1', 'wurlitzer': 'Not installed'}, 'python': {'version': '3.10.11', 'machine': 'AMD64'}}
pickle: {'deps_info': {'pip': '23.1.2', 'setuptools': '67.7.2', 'pycaret': '3.0.4', 'IPython': '7.34.0', 'ipywidgets': '7.7.1', 'tqdm': '4.66.1', 'numpy': '1.23.5', 'pandas': '1.5.3', 'jinja2': '3.1.2', 'scipy': '1.10.1', 'joblib': '1.3.2', 'sklearn': '1.2.2', 'pyod': '1.1.0', 'imblearn': '0.10.1', 'category_encoders': '2.6.2', 'lightgbm': '4.0.0', 'numba': '0.56.4', 'requests': '2.31.0', 'matplotlib': '3.7.1', 'scikitplot': '0.3.7', 'yellowbrick': '1.5', 'plotly': '5.15.0', 'plotly-resampler': 'Not installed', 'kaleido': '0.2.1', 'schemdraw': '0.15', 'statsmodels': '0.14.0', 'sktime': '0.22.0', 'tbats': '1.1.3', 'pmdarima': '2.0.3', 'psutil': '5.9.5', 'markupsafe': '2.1.3', 'pickle5': 'Not installed', 'cloudpickle': '2.2.1', 'deprecation': '2.1.0', 'xxhash': '3.3.0', 'wurlitzer': '3.0.3'}, 'python': {'version': '3.10.12', 'machine': 'x86_64'}}
  warnings.warn(

2025-04-25 15:03:58,839:WARNING:C:\Users\Administrator\Desktop\phishing detector project\.venv\lib\site-packages\sklearn\base.py:376: InconsistentVersionWarning: Trying to unpickle estimator PCA from version 1.2.2 when using version 1.4.2. This might lead to breaking code or invalid results. Use at your own risk. For more info please refer to:
https://scikit-learn.org/stable/model_persistence.html#security-maintainability-limitations
  warnings.warn(

2025-04-25 15:03:58,872:INFO:Initializing predict_model()
2025-04-25 15:03:58,872:INFO:predict_model(self=<pycaret.classification.oop.ClassificationExperiment object at 0x0000028910F5F5B0>, estimator=Pipeline(memory=FastMemory(location=/tmp/joblib),
         steps=[('numerical_imputer',
                 TransformerWrapper(include=['domain_att', 'URL_Length',
                                             'URL_Depth'],
                                    transformer=SimpleImputer())),
                ('categorical_imputer',
                 TransformerWrapper(include=[],
                                    transformer=SimpleImputer(strategy='most_frequent'))),
                ('transformation',
                 TransformerWrapper(transformer=PowerTransformer(standardize=False))),
                ('normalize', TransformerWrapper(transformer=StandardScaler())),
                ('clean_column_names',
                 TransformerWrapper(transformer=CleanColumnNames())),
                ('trained_model', LGBMClassifier(n_jobs=-1, random_state=321))]), probability_threshold=None, encoded_labels=False, raw_score=False, round=4, verbose=True, ml_usecase=None, preprocess=True, encode_labels=<function _SupervisedExperiment.predict_model.<locals>.encode_labels at 0x0000028910F0DA20>)
2025-04-25 15:03:58,882:INFO:Checking exceptions
2025-04-25 15:03:58,882:INFO:Preloading libraries
2025-04-25 15:03:58,882:INFO:Set up data.
2025-04-25 15:03:58,891:INFO:Set up index.
2025-04-25 15:04:04,850:WARNING:C:\Users\Administrator\Desktop\phishing detector project\.venv\lib\site-packages\sklearn\base.py:376: InconsistentVersionWarning: Trying to unpickle estimator PCA from version 1.2.2 when using version 1.4.2. This might lead to breaking code or invalid results. Use at your own risk. For more info please refer to:
https://scikit-learn.org/stable/model_persistence.html#security-maintainability-limitations
  warnings.warn(

2025-04-25 15:04:04,874:INFO:Initializing predict_model()
2025-04-25 15:04:04,874:INFO:predict_model(self=<pycaret.classification.oop.ClassificationExperiment object at 0x0000028910F5FB20>, estimator=Pipeline(memory=FastMemory(location=/tmp/joblib),
         steps=[('numerical_imputer',
                 TransformerWrapper(include=['domain_att', 'URL_Length',
                                             'URL_Depth'],
                                    transformer=SimpleImputer())),
                ('categorical_imputer',
                 TransformerWrapper(include=[],
                                    transformer=SimpleImputer(strategy='most_frequent'))),
                ('transformation',
                 TransformerWrapper(transformer=PowerTransformer(standardize=False))),
                ('normalize', TransformerWrapper(transformer=StandardScaler())),
                ('clean_column_names',
                 TransformerWrapper(transformer=CleanColumnNames())),
                ('trained_model', LGBMClassifier(n_jobs=-1, random_state=321))]), probability_threshold=None, encoded_labels=False, raw_score=False, round=4, verbose=True, ml_usecase=None, preprocess=True, encode_labels=<function _SupervisedExperiment.predict_model.<locals>.encode_labels at 0x0000028910F0F010>)
2025-04-25 15:04:04,874:INFO:Checking exceptions
2025-04-25 15:04:04,874:INFO:Preloading libraries
2025-04-25 15:04:04,880:INFO:Set up data.
2025-04-25 15:04:04,888:INFO:Set up index.
